shape_id,shape_pt_lat,shape_pt_lon,shape_pt_sequence,shape_dist_traveled
8c645223-1d5a-4351-adb6-43949e7cf524,37.231152893827,-80.4350422840067,244,29381.65
6e506adb-c6e8-48e0-b606-2bd650720397,37.2347717688464,-80.4208772396356,20,745.63
f0de71e0-107d-4bcb-a8d2-8dfcf6d66e3a,37.2392852448991,-80.422364796541,39,3191.39
fd0937b3-48d6-4b86-9d74-e463b40d55f4,37.167082,-80.421249,168,16801.95
2504249f-e511-4516-8a2e-2c1e088d018d,37.2343084057753,-80.419524337025,15,908.16
f8939f8a-f65e-4d6f-8519-2c2840e3e6a5,37.1877592349326,-80.41024442839,84,8835.74
c1bea031-37b2-475c-8beb-85fbb71be7a0,37.2260334914556,-80.4237739762904,99,4562.98
af234ae3-0762-49b9-89ff-4665d5b32ac7,37.2391216301394,-80.4199548315975,35,1252.4
c36e7bd9-7191-4115-a8f8-5507f1f145cf,37.1616080606206,-80.4273249460655,149,15342.56
f662dd49-53b2-49fa-8046-c83dde4f3bb4,37.2261699082387,-80.441894852387,10,624.83
98e8b74d-b3ea-4ff9-993d-114d2f5de2cf,37.2208366102352,-80.4228138864479,27,1788.95
f83a250c-9d24-4fcf-a339-5447d451fdf5,37.223944349524,-80.4080511872799,54,5405.03
8c645223-1d5a-4351-adb6-43949e7cf524,37.1676255318724,-80.4281342439185,112,13295.45
f06184b6-e86d-4b52-bd0b-2b5ea817c97e,37.1937229127301,-80.4016505812698,160,10423.23
f0de71e0-107d-4bcb-a8d2-8dfcf6d66e3a,37.2349561434485,-80.4209185945764,45,3717.15
fd0937b3-48d6-4b86-9d74-e463b40d55f4,37.1639077358816,-80.4297458605814,117,12744.79
a43aa2ac-7c35-4c0b-a970-437b91e4ba35,37.2269392617882,-80.4405366614968,17,1953.86
af234ae3-0762-49b9-89ff-4665d5b32ac7,37.2320533994265,-80.4238280864722,1,52.54
f83a250c-9d24-4fcf-a339-5447d451fdf5,37.2130384870194,-80.3941130873032,42,3266.71
e708f6e7-1846-4ab0-b148-b3f768db6cb4,37.2405318881149,-80.4356006609024,68,4255.68
fd0937b3-48d6-4b86-9d74-e463b40d55f4,37.2191544493285,-80.4376197583646,70,3404.95
25434fe2-1283-4de5-baa4-bb1845c06a9e,37.238916,-80.420067,77,6745.98
8c645223-1d5a-4351-adb6-43949e7cf524,37.1630030023898,-80.4211292788458,186,18496.92
a26fa236-5b1f-44ff-93d3-aeaf75cc2973,37.2163771348236,-80.400966522142,100,6419.79
0aa35e38-de23-44ce-b140-77621ff93358,37.2336221793806,-80.4236366957543,16,465.59
e93f9bcf-465f-43b3-90d0-216bddda2c87,37.2451177087496,-80.4247385516607,33,1866.56
8c645223-1d5a-4351-adb6-43949e7cf524,37.1742131376218,-80.4161958514396,212,20854.62
50af930d-67fd-4314-80ca-dcff1602aa9f,37.23114,-80.411262,94,6289.72
78bec10c-1fb8-41d6-af99-dd82e113d469,37.2333922396676,-80.4249115022306,12,1036.58
8909fd06-51cb-4b38-b873-c3b148b909b0,37.2261357509686,-80.4417452346524,41,6172.28
9231ca1f-b1ee-4245-85f9-3186ecc00751,37.2165521417983,-80.4239253055466,19,2144.02
9231ca1f-b1ee-4245-85f9-3186ecc00751,37.1972716885462,-80.4041379209488,95,7024.86
6add60f2-c611-432d-b7dc-83ccf50cad6e,37.2299929526778,-80.4284091884212,67,5833.52
3f10aa8b-ace6-4ae9-ba94-ffaeea5f0ab2,37.2353114643746,-80.4207844266881,69,7795.49
9231ca1f-b1ee-4245-85f9-3186ecc00751,37.208927060425,-80.4167709198557,58,3962.72
1dc0fd3b-7e4c-4647-b4f4-48d87fcaa171,37.210897815073,-80.4292993725944,20,4409.55
c36e7bd9-7191-4115-a8f8-5507f1f145cf,37.1664341886237,-80.423722435737,102,12854.24
f8939f8a-f65e-4d6f-8519-2c2840e3e6a5,37.2322709925251,-80.423717318747,234,28188.83
009b7c3f-c455-4799-b8cf-815505da3f7e,37.2315813368407,-80.4288769576421,82,5035.25
86a57bd8-fef0-4b5e-b079-990c8f500901,37.23806349862,-80.420485,21,1113.73
1dc0fd3b-7e4c-4647-b4f4-48d87fcaa171,37.2236398292662,-80.4398238098844,28,6120.3
e570e646-82c5-4744-98dc-764a6d346163,37.2434338158394,-80.4284104173879,31,2707.3
98e4504d-d61b-4182-95cb-038c39551a3a,37.2302807191654,-80.4285102338965,6,577.27
0838e7d7-57d5-427d-b770-e402eac1f11e,37.2409754036056,-80.4352655282465,38,2013.3
6e506adb-c6e8-48e0-b606-2bd650720397,37.2403058254901,-80.4191971075056,34,1428.36
a5d067da-d551-4428-93e8-ae0cd08d0e96,37.2025938299575,-80.4099760027014,10,938.14
a43aa2ac-7c35-4c0b-a970-437b91e4ba35,37.2165682742934,-80.4461506275028,46,4783.97
a5d067da-d551-4428-93e8-ae0cd08d0e96,37.2294327000256,-80.4378071021492,81,7177.17
f06184b6-e86d-4b52-bd0b-2b5ea817c97e,37.208927060425,-80.4167709198557,83,4843.7
f662dd49-53b2-49fa-8046-c83dde4f3bb4,37.2258633028262,-80.4429145461374,9,528.39
f662dd49-53b2-49fa-8046-c83dde4f3bb4,37.2283711460609,-80.4390367856597,15,983.61
1dc0fd3b-7e4c-4647-b4f4-48d87fcaa171,37.1947020670095,-80.4049737632146,11,1581.26
da4e0dbe-a20d-4ca9-80cb-7614cd29577c,37.2360027398384,-80.4342022504536,69,3476.28
e0c0f9c9-b199-40b3-87ab-7bd1f213e157,37.2180590917091,-80.4165741733984,54,3304.97
99f7a61c-9121-44a6-ac7a-8cd83a2bec8a,37.2315422824461,-80.4251553404484,142,14377.23
fd0937b3-48d6-4b86-9d74-e463b40d55f4,37.2325094316099,-80.4240738376249,250,28144.68
a632e61e-c94b-4ceb-a95e-33c672af2314,37.2276762973976,-80.4180477426533,22,988.98
99f7a61c-9121-44a6-ac7a-8cd83a2bec8a,37.2308152246374,-80.4154580346452,116,12863.65
3c2c524f-a466-48b1-81e4-f3ac7f35d571,37.2314196664941,-80.4344079157357,76,7580.24
fd0937b3-48d6-4b86-9d74-e463b40d55f4,37.1902955381511,-80.4050298809742,85,7866.65
99f7a61c-9121-44a6-ac7a-8cd83a2bec8a,37.2099539464685,-80.3956607219971,92,9194.79
3f10aa8b-ace6-4ae9-ba94-ffaeea5f0ab2,37.2306477458816,-80.4153439486041,59,7080.21
e93f9bcf-465f-43b3-90d0-216bddda2c87,37.2357518020204,-80.4210263205171,57,4101.93
f8939f8a-f65e-4d6f-8519-2c2840e3e6a5,37.1723215938644,-80.4207030191871,95,11063.36
25434fe2-1283-4de5-baa4-bb1845c06a9e,37.2539624907181,-80.4178377306884,63,4314.71
1dc0fd3b-7e4c-4647-b4f4-48d87fcaa171,37.1968286041484,-80.4066572960002,14,1863.98
0aa35e38-de23-44ce-b140-77621ff93358,37.246036365392,-80.4150718697948,58,5794.13
f8939f8a-f65e-4d6f-8519-2c2840e3e6a5,37.2326769062304,-80.42446957358,13,411.61
8c645223-1d5a-4351-adb6-43949e7cf524,37.183837833701,-80.4031922697934,73,8756.98
d9e3b73a-4dff-41e8-8980-71d8aa98e45f,37.2248382180869,-80.4354110345914,35,2855.86
c9430839-4a0c-471d-83b5-6785322fce8a,37.2229454108837,-80.4502929356123,77,6746.07
6add60f2-c611-432d-b7dc-83ccf50cad6e,37.2331347076618,-80.4328024958622,60,5138.29
e708f6e7-1846-4ab0-b148-b3f768db6cb4,37.2342019559618,-80.4333363573557,84,5006.97
a5d067da-d551-4428-93e8-ae0cd08d0e96,37.2314196664941,-80.4344079157357,83,7550.28
6c8db17c-cc7e-4357-a5c5-21c8e98984ed,37.241030166589,-80.3995816613954,72,4613.44
a43aa2ac-7c35-4c0b-a970-437b91e4ba35,37.221426575489,-80.4482607780056,64,6432.49
0aa35e38-de23-44ce-b140-77621ff93358,37.2460457531241,-80.4150651642719,37,2163.49
0aa35e38-de23-44ce-b140-77621ff93358,37.2490927427466,-80.4129207380367,38,2551.58
e708f6e7-1846-4ab0-b148-b3f768db6cb4,37.2439313943928,-80.4216072225767,44,2601.5
8c645223-1d5a-4351-adb6-43949e7cf524,37.1966450966439,-80.4077286534112,65,7056.79
b6d71f6b-4e43-42bc-a74d-ef5ff8fbb8a6,37.232520814087,-80.424047951341,13,243.53
f83a250c-9d24-4fcf-a339-5447d451fdf5,37.2313305913763,-80.4249463475142,80,7946.04
f83a250c-9d24-4fcf-a339-5447d451fdf5,37.216379,-80.405167,1,172.89
c9430839-4a0c-471d-83b5-6785322fce8a,37.2317139145981,-80.4334704573272,15,1158.17
f8939f8a-f65e-4d6f-8519-2c2840e3e6a5,37.2248293147709,-80.4401411116862,209,26203.54
f06184b6-e86d-4b52-bd0b-2b5ea817c97e,37.1938279932364,-80.4020534476024,161,10460.75
0838e7d7-57d5-427d-b770-e402eac1f11e,37.2331512619308,-80.432716566315,18,1079.78
fd0937b3-48d6-4b86-9d74-e463b40d55f4,37.1877649154124,-80.4102408632012,188,19904.63
f06184b6-e86d-4b52-bd0b-2b5ea817c97e,37.2029308256008,-80.4122584899045,94,5822.85
fd0937b3-48d6-4b86-9d74-e463b40d55f4,37.1904804381357,-80.4038276072161,196,21028.07
bccd5bab-2cf0-4b7a-bbac-6523feb55222,37.2244521577717,-80.4299336754567,78,4306.32
f8939f8a-f65e-4d6f-8519-2c2840e3e6a5,37.2236398292662,-80.4398238098844,208,26068.42
af234ae3-0762-49b9-89ff-4665d5b32ac7,37.2344292477709,-80.4214394099919,110,5241.56
57b3d106-fd5e-4b7b-85f7-bfb555af392b,37.2208403423747,-80.4226863405004,14,1411.57
0838e7d7-57d5-427d-b770-e402eac1f11e,37.2301672746451,-80.4267263397431,103,5886.59
a43aa2ac-7c35-4c0b-a970-437b91e4ba35,37.2302094490119,-80.4267857283574,4,304.67
fd0937b3-48d6-4b86-9d74-e463b40d55f4,37.220974064503,-80.4386330368306,215,25751.27
25434fe2-1283-4de5-baa4-bb1845c06a9e,37.2516251991925,-80.4113023937894,41,2863.32
a26fa236-5b1f-44ff-93d3-aeaf75cc2973,37.2329216853496,-80.4177205631246,30,1147.51
d9e3b73a-4dff-41e8-8980-71d8aa98e45f,37.2234932150779,-80.4313494077106,54,3887.52
e7b18590-2011-4d0c-8718-c9514a7b5808,37.1939518488035,-80.4025264634865,19,1074.93
8c645223-1d5a-4351-adb6-43949e7cf524,37.1672546626229,-80.4158044132586,83,11161.78
8edb0ac0-7024-48a5-a3bf-3ff8e8a7044f,37.2086542154089,-80.3981535881937,69,4456.06
a43aa2ac-7c35-4c0b-a970-437b91e4ba35,37.2162391947265,-80.4535567309353,35,3803.37
d5bba5d8-b131-4789-abec-efc493310641,37.2336157432272,-80.4083180504575,89,5891.52
e570e646-82c5-4744-98dc-764a6d346163,37.2388784559333,-80.4356691417484,21,1766.7
8c645223-1d5a-4351-adb6-43949e7cf524,37.1900087095934,-80.4006394494513,220,23169.42
9231ca1f-b1ee-4245-85f9-3186ecc00751,37.1999070531965,-80.4053126506529,94,6714.11
6add60f2-c611-432d-b7dc-83ccf50cad6e,37.2294023563294,-80.4277398010919,4,363.84
3f10aa8b-ace6-4ae9-ba94-ffaeea5f0ab2,37.2320494486549,-80.423941666482,84,8479.56
0a3f36d7-c307-4463-b6c5-99406a7cffaf,37.216322794354,-80.4535446750889,47,3868.65
78bec10c-1fb8-41d6-af99-dd82e113d469,37.2315090846439,-80.4288583374324,8,629.09
86a57bd8-fef0-4b5e-b079-990c8f500901,37.2429,-80.414471,30,2097.49
98e4504d-d61b-4182-95cb-038c39551a3a,37.2252153709321,-80.4457264814907,43,3028.9
8c645223-1d5a-4351-adb6-43949e7cf524,37.2273296400925,-80.4400850632059,34,2064.08
a26fa236-5b1f-44ff-93d3-aeaf75cc2973,37.20866514496,-80.3967295823532,71,4621.19
8c645223-1d5a-4351-adb6-43949e7cf524,37.2331200228958,-80.4253627964589,255,30301.04
af234ae3-0762-49b9-89ff-4665d5b32ac7,37.2474163620124,-80.4175582776998,79,3388.14
6e506adb-c6e8-48e0-b606-2bd650720397,37.2321802004032,-80.4235190445245,3,113.15
50af930d-67fd-4314-80ca-dcff1602aa9f,37.2353117702418,-80.4207465242422,110,7505.12
fd0937b3-48d6-4b86-9d74-e463b40d55f4,37.2292781979457,-80.4381415320914,226,26738.76
f8939f8a-f65e-4d6f-8519-2c2840e3e6a5,37.1632616189639,-80.4212457719681,145,15524.55
8c645223-1d5a-4351-adb6-43949e7cf524,37.1657153214348,-80.4157794880739,85,11332.85
e93f9bcf-465f-43b3-90d0-216bddda2c87,37.2395825073824,-80.4196683022664,51,3649.69
8c645223-1d5a-4351-adb6-43949e7cf524,37.2282771151724,-80.4390383250249,240,28901.68
f8939f8a-f65e-4d6f-8519-2c2840e3e6a5,37.227612016427,-80.441401349216,44,2382.21
3c2c524f-a466-48b1-81e4-f3ac7f35d571,37.2220426632191,-80.4489146440574,61,5677.79
50af930d-67fd-4314-80ca-dcff1602aa9f,37.2346809515965,-80.4092330077929,88,5748.12
fd0937b3-48d6-4b86-9d74-e463b40d55f4,37.2258177704423,-80.4400667340344,220,26310.7
bccd5bab-2cf0-4b7a-bbac-6523feb55222,37.2248779854736,-80.4367895334884,100,5420.05
c2c639a5-32f8-41e3-8221-8ebd4c904b68,37.2257387912234,-80.4156807727055,20,2240.92
1624ad03-0ebf-4743-8abc-42f34060e035,37.2468141226682,-80.4190051771531,38,2410.16
f0de71e0-107d-4bcb-a8d2-8dfcf6d66e3a,37.2419349705538,-80.4157977000011,5,507.6
b6d71f6b-4e43-42bc-a74d-ef5ff8fbb8a6,37.2345497001557,-80.4210448768936,21,744.67
f8939f8a-f65e-4d6f-8519-2c2840e3e6a5,37.1675982824584,-80.4281023085521,118,13270.77
ab1a571c-16bb-4448-8f67-f16233a2bd20,37.2196031939747,-80.4481220512463,9,1087.08
af234ae3-0762-49b9-89ff-4665d5b32ac7,37.2351927960365,-80.4205195912854,25,780.64
0838e7d7-57d5-427d-b770-e402eac1f11e,37.2404446513658,-80.4356113515587,36,1946.85
99f7a61c-9121-44a6-ac7a-8cd83a2bec8a,37.2322131752903,-80.4167396547584,119,13056.72
57b3d106-fd5e-4b7b-85f7-bfb555af392b,37.2288279082477,-80.4200290209803,29,2780.49
f06184b6-e86d-4b52-bd0b-2b5ea817c97e,37.2090832296643,-80.417327089306,75,4645.96
f06184b6-e86d-4b52-bd0b-2b5ea817c97e,37.2049616977334,-80.4099242223448,105,6615.05
50af930d-67fd-4314-80ca-dcff1602aa9f,37.234460230272,-80.4214060841672,118,7627.32
fd0937b3-48d6-4b86-9d74-e463b40d55f4,37.2276289081705,-80.4413502019958,53,2384.22
99f7a61c-9121-44a6-ac7a-8cd83a2bec8a,37.195776577439,-80.3978105278488,67,6900.12
8909fd06-51cb-4b38-b873-c3b148b909b0,37.2229452759897,-80.4502341559411,38,5334.85
b8c51a51-84af-4a44-9a35-9f53382c3b05,37.2322260921704,-80.4242636376131,49,4835.98
6c8db17c-cc7e-4357-a5c5-21c8e98984ed,37.2349186100752,-80.4209744706399,101,7547.2
e708f6e7-1846-4ab0-b148-b3f768db6cb4,37.2430998188979,-80.4293044651618,59,3587.38
3c2c524f-a466-48b1-81e4-f3ac7f35d571,37.2165428911682,-80.4460785977908,52,4901.7
e93f9bcf-465f-43b3-90d0-216bddda2c87,37.2337279714366,-80.4236467342732,71,4476.56
4c65baab-ac20-473b-8a19-0b9cb7567806,37.2309417212978,-80.4287089980359,34,4209.98
78bec10c-1fb8-41d6-af99-dd82e113d469,37.2304133795123,-80.4285704510807,6,504.57
c9430839-4a0c-471d-83b5-6785322fce8a,37.2167956696972,-80.4492392873181,47,4517.26
78bec10c-1fb8-41d6-af99-dd82e113d469,37.2310652115604,-80.427247018184,1,95.76
98e4504d-d61b-4182-95cb-038c39551a3a,37.2257497449497,-80.4477919623967,35,2748.15
a26fa236-5b1f-44ff-93d3-aeaf75cc2973,37.231449,-80.424654,160,10070.91
af234ae3-0762-49b9-89ff-4665d5b32ac7,37.2394844178558,-80.4175890061047,39,1520.23
0838e7d7-57d5-427d-b770-e402eac1f11e,37.2329554029767,-80.4326951751823,17,1057.93
f8939f8a-f65e-4d6f-8519-2c2840e3e6a5,37.1683431108649,-80.4215539021296,164,17273.93
f8939f8a-f65e-4d6f-8519-2c2840e3e6a5,37.232330602367,-80.4233144524142,7,289.51
c36e7bd9-7191-4115-a8f8-5507f1f145cf,37.1642142334112,-80.4291373747073,120,13851.1
009b7c3f-c455-4799-b8cf-815505da3f7e,37.2434909091568,-80.4283952622686,56,3441.95
2504249f-e511-4516-8a2e-2c1e088d018d,37.2350724754346,-80.4204701024794,77,9109.37
f8939f8a-f65e-4d6f-8519-2c2840e3e6a5,37.167757468696,-80.4221813810518,97,11588.13
99f7a61c-9121-44a6-ac7a-8cd83a2bec8a,37.2116768906196,-80.3931536589898,96,9518.12
99f7a61c-9121-44a6-ac7a-8cd83a2bec8a,37.1998822590353,-80.4012888255654,48,5451.78
a5d067da-d551-4428-93e8-ae0cd08d0e96,37.2322167131836,-80.4236709557452,95,8592.15
98e8b74d-b3ea-4ff9-993d-114d2f5de2cf,37.2322594850852,-80.4231219201654,49,3652.74
0aa35e38-de23-44ce-b140-77621ff93358,37.2336874651778,-80.42370799953,78,7453.22
af234ae3-0762-49b9-89ff-4665d5b32ac7,37.2485437059731,-80.4170863144845,74,3251.52
5ace41fb-b4a5-42d0-8d49-1628dcfd98a9,37.2162871056992,-80.4240021040832,75,4601.76
0a3f36d7-c307-4463-b6c5-99406a7cffaf,37.23135183825,-80.4308558136686,92,7413.83
f06184b6-e86d-4b52-bd0b-2b5ea817c97e,37.2293869966627,-80.4214124484673,13,683.88
ab1a571c-16bb-4448-8f67-f16233a2bd20,37.2276660495441,-80.4395584885282,17,2633.72
f06184b6-e86d-4b52-bd0b-2b5ea817c97e,37.2048675966881,-80.414764531465,88,5330.34
8c645223-1d5a-4351-adb6-43949e7cf524,37.1635513463631,-80.4127867370923,199,19498.34
2674478c-5212-4ba0-993a-819fef810e02,37.2342530207577,-80.4218517327652,55,3481.95
af234ae3-0762-49b9-89ff-4665d5b32ac7,37.2419349705538,-80.4157977000011,48,1952.57
c36e7bd9-7191-4115-a8f8-5507f1f145cf,37.1642730810252,-80.4290148455484,121,13863.77
f8939f8a-f65e-4d6f-8519-2c2840e3e6a5,37.2331077738699,-80.4250123033704,228,28036.56
a43aa2ac-7c35-4c0b-a970-437b91e4ba35,37.2316344341483,-80.4340765394204,11,1167.54
6add60f2-c611-432d-b7dc-83ccf50cad6e,37.2372021826439,-80.4348479974005,57,4651.43
98e4504d-d61b-4182-95cb-038c39551a3a,37.2313687045198,-80.4348960778055,15,1266.59
da4e0dbe-a20d-4ca9-80cb-7614cd29577c,37.2316371165297,-80.4284872528366,12,665.65
fd0937b3-48d6-4b86-9d74-e463b40d55f4,37.1618395251023,-80.4258348854994,142,14504.5
b8c51a51-84af-4a44-9a35-9f53382c3b05,37.2560208792287,-80.4106499642421,2,322.66
c9430839-4a0c-471d-83b5-6785322fce8a,37.2141073473756,-80.4442838099172,55,5157.66
f83a250c-9d24-4fcf-a339-5447d451fdf5,37.2090982348924,-80.4049777251367,8,1165.1
fd0937b3-48d6-4b86-9d74-e463b40d55f4,37.2329087793048,-80.4247542482096,15,441.73
6c8db17c-cc7e-4357-a5c5-21c8e98984ed,37.232523495673,-80.4235539907776,9,297.14
99f7a61c-9121-44a6-ac7a-8cd83a2bec8a,37.2340023618347,-80.4221162898248,15,626.85
bccd5bab-2cf0-4b7a-bbac-6523feb55222,37.2206413949012,-80.4243806535406,126,6915.3
af234ae3-0762-49b9-89ff-4665d5b32ac7,37.2321924893856,-80.423632001089,2,75.77
f83a250c-9d24-4fcf-a339-5447d451fdf5,37.2126602955258,-80.3935498233765,40,3179.81
8909fd06-51cb-4b38-b873-c3b148b909b0,37.2312492983,-80.4288242895978,52,7560.7
8edb0ac0-7024-48a5-a3bf-3ff8e8a7044f,37.2352410156938,-80.4205572345068,131,9160.85
f06184b6-e86d-4b52-bd0b-2b5ea817c97e,37.1940332872117,-80.3956247108666,135,8976.53
e570e646-82c5-4744-98dc-764a6d346163,37.2300946091286,-80.4267797328858,3,156.14
8c645223-1d5a-4351-adb6-43949e7cf524,37.2325385683429,-80.4239846706559,10,335.39
a26fa236-5b1f-44ff-93d3-aeaf75cc2973,37.232942757311,-80.4247656193566,15,319.55
009b7c3f-c455-4799-b8cf-815505da3f7e,37.2367913335903,-80.4268918109417,72,4234.15
af234ae3-0762-49b9-89ff-4665d5b32ac7,37.2402706210336,-80.4224234020927,94,4524.11
86a57bd8-fef0-4b5e-b079-990c8f500901,37.233386456557,-80.4250399528111,74,5564.05
99f7a61c-9121-44a6-ac7a-8cd83a2bec8a,37.2329131697276,-80.4177383890698,21,1137.51
0a3f36d7-c307-4463-b6c5-99406a7cffaf,37.2278347312884,-80.4396368736431,22,1901.69
0a3f36d7-c307-4463-b6c5-99406a7cffaf,37.2245009079278,-80.4473978547691,32,2701.49
c2c639a5-32f8-41e3-8221-8ebd4c904b68,37.2285349505267,-80.4197657358507,28,2740.46
25434fe2-1283-4de5-baa4-bb1845c06a9e,37.231579,-80.424478,106,8065.57
e708f6e7-1846-4ab0-b148-b3f768db6cb4,37.2365668259005,-80.4268186048757,16,1404.21
f06184b6-e86d-4b52-bd0b-2b5ea817c97e,37.2315738414316,-80.4252026530563,1,52.57
99f7a61c-9121-44a6-ac7a-8cd83a2bec8a,37.2052104547932,-80.3989637538833,39,4768.58
c9430839-4a0c-471d-83b5-6785322fce8a,37.2313511030588,-80.4289890682758,99,8958.71
8edb0ac0-7024-48a5-a3bf-3ff8e8a7044f,37.225368229104,-80.4096762783396,41,2250.43
c36e7bd9-7191-4115-a8f8-5507f1f145cf,37.1656140792088,-80.4285905880832,125,14020.9
50af930d-67fd-4314-80ca-dcff1602aa9f,37.231765,-80.424925,132,8294.79
0a3f36d7-c307-4463-b6c5-99406a7cffaf,37.2141706763309,-80.4526925949696,51,4125.85
a5d067da-d551-4428-93e8-ae0cd08d0e96,37.2080275177297,-80.4215599497663,56,3539.91
86a57bd8-fef0-4b5e-b079-990c8f500901,37.2338462894502,-80.4227552910472,12,519.97
f8939f8a-f65e-4d6f-8519-2c2840e3e6a5,37.181945039912,-80.4107613807636,172,19116.94
25434fe2-1283-4de5-baa4-bb1845c06a9e,37.2463125825431,-80.4148996692724,72,5805.19
50af930d-67fd-4314-80ca-dcff1602aa9f,37.2384778999375,-80.4044771435545,83,5140.23
50af930d-67fd-4314-80ca-dcff1602aa9f,37.2306806622166,-80.4153592983055,98,6794.97
f8939f8a-f65e-4d6f-8519-2c2840e3e6a5,37.17360051225,-80.4199585543945,167,17875.17
c36e7bd9-7191-4115-a8f8-5507f1f145cf,37.1643242212224,-80.4254175700658,143,14886.72
5ace41fb-b4a5-42d0-8d49-1628dcfd98a9,37.2090440438282,-80.4174172003999,40,2893.76
e0c0f9c9-b199-40b3-87ab-7bd1f213e157,37.2211219969295,-80.4195410909949,24,1991.92
5ace41fb-b4a5-42d0-8d49-1628dcfd98a9,37.2151457520593,-80.4251108777948,71,4440.11
f83a250c-9d24-4fcf-a339-5447d451fdf5,37.2093878569322,-80.3988741219387,17,1767.26
a5d067da-d551-4428-93e8-ae0cd08d0e96,37.2028776158625,-80.4122083865269,16,1446.52
bccd5bab-2cf0-4b7a-bbac-6523feb55222,37.2206617482318,-80.4244739773478,65,3563.2
c36e7bd9-7191-4115-a8f8-5507f1f145cf,37.226974795377,-80.4418391360875,40,2276.82
f06184b6-e86d-4b52-bd0b-2b5ea817c97e,37.1935809118135,-80.4012976275802,129,8471.55
f06184b6-e86d-4b52-bd0b-2b5ea817c97e,37.2151871528045,-80.4252054803599,51,3215.58
e570e646-82c5-4744-98dc-764a6d346163,37.2319368684972,-80.4279776363166,61,5378.49
2504249f-e511-4516-8a2e-2c1e088d018d,37.223944349524,-80.4080511872799,66,7452.08
f8939f8a-f65e-4d6f-8519-2c2840e3e6a5,37.164279923884,-80.4254818947958,126,13856.31
f8939f8a-f65e-4d6f-8519-2c2840e3e6a5,37.2273622068567,-80.4408772664647,48,2442.23
641aaf72-1326-4d06-a82a-2f2d84091463,37.2210582046765,-80.4228604433686,9,1366.88
fd0937b3-48d6-4b86-9d74-e463b40d55f4,37.2247617264881,-80.4400881251669,218,26193.02
a43aa2ac-7c35-4c0b-a970-437b91e4ba35,37.2304113905967,-80.4362674829366,80,8210.84
e708f6e7-1846-4ab0-b148-b3f768db6cb4,37.2427911044228,-80.4305060061302,61,3699.08
6c8db17c-cc7e-4357-a5c5-21c8e98984ed,37.2322131752903,-80.4167396547584,91,6994.32
af234ae3-0762-49b9-89ff-4665d5b32ac7,37.2351956344915,-80.4209581095059,105,5137.46
312be01d-4ee2-41b0-87d1-4ac8e4899530,37.2246928068914,-80.4246897111482,42,2307.93
8734192f-6a21-49a5-abcc-f16c770661f5,37.2248643891199,-80.4367863206058,49,3352.54
f8939f8a-f65e-4d6f-8519-2c2840e3e6a5,37.2311620837291,-80.435256497918,26,1477.85
6e506adb-c6e8-48e0-b606-2bd650720397,37.2432828281606,-80.4170887912833,59,6148.32
c36e7bd9-7191-4115-a8f8-5507f1f145cf,37.1658909330455,-80.4218971790924,101,12681.71
9231ca1f-b1ee-4245-85f9-3186ecc00751,37.2169328396676,-80.4240434235657,17,2099.5
6e506adb-c6e8-48e0-b606-2bd650720397,37.2352401150847,-80.4205456770787,25,815.59
f06184b6-e86d-4b52-bd0b-2b5ea817c97e,37.1939821940172,-80.3959192217511,134,8949.85
f0de71e0-107d-4bcb-a8d2-8dfcf6d66e3a,37.2439614189276,-80.413034678694,8,840.19
8c645223-1d5a-4351-adb6-43949e7cf524,37.1657163577546,-80.4245761855126,140,14713.7
b6d71f6b-4e43-42bc-a74d-ef5ff8fbb8a6,37.2306975808243,-80.4153738156296,107,9898.27
c1bea031-37b2-475c-8beb-85fbb71be7a0,37.2297604698593,-80.4211606434589,11,552.32
8c645223-1d5a-4351-adb6-43949e7cf524,37.1672135861806,-80.4292822347069,114,13408.76
8edb0ac0-7024-48a5-a3bf-3ff8e8a7044f,37.232057127714,-80.4238493658394,1,98.15
f8939f8a-f65e-4d6f-8519-2c2840e3e6a5,37.1858312390884,-80.4092333484788,80,8556.56
a43aa2ac-7c35-4c0b-a970-437b91e4ba35,37.2317139145981,-80.4328287233462,9,1056.42
8c645223-1d5a-4351-adb6-43949e7cf524,37.1575534403783,-80.4190079915176,176,17601.84
a5d067da-d551-4428-93e8-ae0cd08d0e96,37.2320148030462,-80.4240250319692,96,8630.68
e570e646-82c5-4744-98dc-764a6d346163,37.2438822413681,-80.4278863346368,32,2775.36
9231ca1f-b1ee-4245-85f9-3186ecc00751,37.209186,-80.417078,56,3912.94
25434fe2-1283-4de5-baa4-bb1845c06a9e,37.2347042004605,-80.4210569676677,87,7236.19
2674478c-5212-4ba0-993a-819fef810e02,37.2373100129349,-80.4068244620414,19,1193
009b7c3f-c455-4799-b8cf-815505da3f7e,37.2319452962932,-80.4279738595479,79,4945.21
af234ae3-0762-49b9-89ff-4665d5b32ac7,37.2483336972132,-80.4171469226939,69,3111.89
8c645223-1d5a-4351-adb6-43949e7cf524,37.2316212625461,-80.4284359891904,252,29982.06
7a7f8de7-b6e6-4d4f-b306-26500b9c1da1,37.2141921264761,-80.4527260419487,3,305.98
a5d067da-d551-4428-93e8-ae0cd08d0e96,37.2328376787082,-80.4247140451619,91,8474.55
6c8db17c-cc7e-4357-a5c5-21c8e98984ed,37.2306557030097,-80.4153932736514,27,1569.24
8c645223-1d5a-4351-adb6-43949e7cf524,37.1635882813064,-80.4139989012788,204,19620.67
50af930d-67fd-4314-80ca-dcff1602aa9f,37.2314087997302,-80.4158943023075,99,6888.71
bccd5bab-2cf0-4b7a-bbac-6523feb55222,37.2319499401127,-80.4239749359024,26,1426.86
8edb0ac0-7024-48a5-a3bf-3ff8e8a7044f,37.2296990293085,-80.414330238958,37,1617.05
009b7c3f-c455-4799-b8cf-815505da3f7e,37.2304421028082,-80.4286242388341,85,5163.84
e708f6e7-1846-4ab0-b148-b3f768db6cb4,37.2424817433773,-80.4322529486343,62,3857.39
f8939f8a-f65e-4d6f-8519-2c2840e3e6a5,37.1898928829629,-80.4043406838746,186,20951.17
8edb0ac0-7024-48a5-a3bf-3ff8e8a7044f,37.2347281776597,-80.4210399970769,139,9257.41
7d6b5437-cda5-4b9f-822a-b8f311b72480,37.2178637406977,-80.4163725185074,53,3282.04
98e8b74d-b3ea-4ff9-993d-114d2f5de2cf,37.2315378200734,-80.4244655480975,2,70.28
0838e7d7-57d5-427d-b770-e402eac1f11e,37.2392412206789,-80.4355970908036,26,1808.25
da4e0dbe-a20d-4ca9-80cb-7614cd29577c,37.2304051588891,-80.4285585566124,8,505.51
8edb0ac0-7024-48a5-a3bf-3ff8e8a7044f,37.2264157482094,-80.4107814868626,116,7845.72
9231ca1f-b1ee-4245-85f9-3186ecc00751,37.205056,-80.41486,62,4426.78
b6d71f6b-4e43-42bc-a74d-ef5ff8fbb8a6,37.2105832459414,-80.4051452890096,49,4496.93
c2c639a5-32f8-41e3-8221-8ebd4c904b68,37.232409680893,-80.4237259927136,39,3333.02
e93f9bcf-465f-43b3-90d0-216bddda2c87,37.2323975166667,-80.4233629884168,5,87.26
a632e61e-c94b-4ceb-a95e-33c672af2314,37.2312153612795,-80.4248807192301,1,18.97
57b3d106-fd5e-4b7b-85f7-bfb555af392b,37.229666,-80.420837,30,2897.89
f0de71e0-107d-4bcb-a8d2-8dfcf6d66e3a,37.2429,-80.414471,6,666.57
f8939f8a-f65e-4d6f-8519-2c2840e3e6a5,37.1662604910703,-80.4226041059151,162,17024.45
641aaf72-1326-4d06-a82a-2f2d84091463,37.2248069690849,-80.4248143720186,90,6118.51
1624ad03-0ebf-4743-8abc-42f34060e035,37.2469049391702,-80.4163526766979,40,2645.18
c36e7bd9-7191-4115-a8f8-5507f1f145cf,37.1700269102035,-80.4167199372914,208,20377.99
8c645223-1d5a-4351-adb6-43949e7cf524,37.2324387718846,-80.4239830683998,262,30451.86
50af930d-67fd-4314-80ca-dcff1602aa9f,37.239506883402,-80.3984676595319,67,4246.63
e570e646-82c5-4744-98dc-764a6d346163,37.2374150607952,-80.4348693885332,20,1589.36
98e8b74d-b3ea-4ff9-993d-114d2f5de2cf,37.2321637365336,-80.4243378665852,58,3809.89
6add60f2-c611-432d-b7dc-83ccf50cad6e,37.2336048322488,-80.4251727187792,11,1047.93
8c645223-1d5a-4351-adb6-43949e7cf524,37.2326176008709,-80.4244108910538,260,30409
c9430839-4a0c-471d-83b5-6785322fce8a,37.2314504539813,-80.4303117533143,13,876.79
3f10aa8b-ace6-4ae9-ba94-ffaeea5f0ab2,37.2126602955258,-80.3935498233765,41,3870.61
2504249f-e511-4516-8a2e-2c1e088d018d,37.2111032730999,-80.3996236860528,37,4099.02
c36e7bd9-7191-4115-a8f8-5507f1f145cf,37.2313066254306,-80.4350831033416,30,1432.74
fd0937b3-48d6-4b86-9d74-e463b40d55f4,37.1865350815832,-80.4110465958664,190,20058.8
e708f6e7-1846-4ab0-b148-b3f768db6cb4,37.2302305152721,-80.4284630806062,6,481.06
6c8db17c-cc7e-4357-a5c5-21c8e98984ed,37.2398295835308,-80.3985406262703,62,4273.92
af234ae3-0762-49b9-89ff-4665d5b32ac7,37.2485266782576,-80.4170364018416,70,3135.46
c1bea031-37b2-475c-8beb-85fbb71be7a0,37.2233564556964,-80.4314605233083,68,3438.34
e0c0f9c9-b199-40b3-87ab-7bd1f213e157,37.2221183802547,-80.4197731560436,66,3963.6
3c2c524f-a466-48b1-81e4-f3ac7f35d571,37.2295503787056,-80.4377284457612,74,7218.22
0a3f36d7-c307-4463-b6c5-99406a7cffaf,37.2315987960129,-80.4318968487934,10,1048.13
fd0937b3-48d6-4b86-9d74-e463b40d55f4,37.1853774966297,-80.4085174485478,183,19544.41
99f7a61c-9121-44a6-ac7a-8cd83a2bec8a,37.2193736631132,-80.4029034137672,108,11174.61
f83a250c-9d24-4fcf-a339-5447d451fdf5,37.217321,-80.403612,0,0
641aaf72-1326-4d06-a82a-2f2d84091463,37.2242402429414,-80.4243942067323,7,988.15
8909fd06-51cb-4b38-b873-c3b148b909b0,37.2313798739473,-80.4302646258666,50,7429.79
bccd5bab-2cf0-4b7a-bbac-6523feb55222,37.2226579773135,-80.4284184702234,74,4054.99
6c8db17c-cc7e-4357-a5c5-21c8e98984ed,37.2391994142055,-80.4030582549011,75,4982.87
8c645223-1d5a-4351-adb6-43949e7cf524,37.1650201248147,-80.4157545628892,86,11410.13
c36e7bd9-7191-4115-a8f8-5507f1f145cf,37.2276305471029,-80.4413507052241,45,2367.97
c1bea031-37b2-475c-8beb-85fbb71be7a0,37.2263368801079,-80.437413331116,56,2721.43
fd0937b3-48d6-4b86-9d74-e463b40d55f4,37.1683431108649,-80.4215539021296,173,17271.3
f06184b6-e86d-4b52-bd0b-2b5ea817c97e,37.194583664656,-80.403698139022,166,10630.79
8edb0ac0-7024-48a5-a3bf-3ff8e8a7044f,37.225368229104,-80.4096370612628,114,7691.43
0a3f36d7-c307-4463-b6c5-99406a7cffaf,37.2292732194821,-80.4278000778165,96,7861.91
641aaf72-1326-4d06-a82a-2f2d84091463,37.2255111681882,-80.4251607822649,91,6202.55
78bec10c-1fb8-41d6-af99-dd82e113d469,37.2447212308895,-80.4214366186145,49,2629.46
0838e7d7-57d5-427d-b770-e402eac1f11e,37.2326890878087,-80.4265016481601,94,5227.93
25434fe2-1283-4de5-baa4-bb1845c06a9e,37.231309229548,-80.4249160671604,105,8016.57
8c645223-1d5a-4351-adb6-43949e7cf524,37.1627559060884,-80.427086078417,155,15739.54
b6d71f6b-4e43-42bc-a74d-ef5ff8fbb8a6,37.2319914930417,-80.4240342666048,1,81.49
99f7a61c-9121-44a6-ac7a-8cd83a2bec8a,37.2320494486549,-80.423941666482,140,14242.03
25434fe2-1283-4de5-baa4-bb1845c06a9e,37.2560567197522,-80.4114738687096,47,3429.83
0a3f36d7-c307-4463-b6c5-99406a7cffaf,37.2314196664941,-80.4344079157357,87,7095.75
8c645223-1d5a-4351-adb6-43949e7cf524,37.1713660395671,-80.417250073972,80,10685.77
8c645223-1d5a-4351-adb6-43949e7cf524,37.2332680734348,-80.4249722279491,14,460.9
0aa35e38-de23-44ce-b140-77621ff93358,37.2322260921704,-80.4242636376131,88,7833.89
f8939f8a-f65e-4d6f-8519-2c2840e3e6a5,37.2269967561818,-80.4418461596329,39,2299.18
c9430839-4a0c-471d-83b5-6785322fce8a,37.2162391947265,-80.4535567309353,40,3848.34
0a3f36d7-c307-4463-b6c5-99406a7cffaf,37.2315107996614,-80.434014570931,88,7131.99
d9e3b73a-4dff-41e8-8980-71d8aa98e45f,37.2247849014504,-80.4346757288458,46,3528.94
98e4504d-d61b-4182-95cb-038c39551a3a,37.2255531910208,-80.447612466357,31,2708.39
8909fd06-51cb-4b38-b873-c3b148b909b0,37.2267907582112,-80.4405488926136,15,2038.61
f8939f8a-f65e-4d6f-8519-2c2840e3e6a5,37.187951670933,-80.4067134137598,183,20646.01
3c2c524f-a466-48b1-81e4-f3ac7f35d571,37.2310202717569,-80.4272791690379,2,194.28
e0c0f9c9-b199-40b3-87ab-7bd1f213e157,37.221923,-80.419706,22,1900.57
f8939f8a-f65e-4d6f-8519-2c2840e3e6a5,37.1894394405192,-80.4051984839131,185,20860.04
7a7f8de7-b6e6-4d4f-b306-26500b9c1da1,37.2141073473756,-80.4442838099172,16,1371.52
0838e7d7-57d5-427d-b770-e402eac1f11e,37.2293139771747,-80.4277494642336,5,279.35
af234ae3-0762-49b9-89ff-4665d5b32ac7,37.2393,-80.416711,40,1600.56
a26fa236-5b1f-44ff-93d3-aeaf75cc2973,37.2322558275672,-80.4233573697872,5,150.23
6c8db17c-cc7e-4357-a5c5-21c8e98984ed,37.2391941895189,-80.3981874429487,58,4161.97
f06184b6-e86d-4b52-bd0b-2b5ea817c97e,37.2278385701891,-80.4276943863716,23,1517.11
c36e7bd9-7191-4115-a8f8-5507f1f145cf,37.2294894517089,-80.4377518274823,241,29079.8
f06184b6-e86d-4b52-bd0b-2b5ea817c97e,37.20869,-80.418273,73,4551.35
7d6b5437-cda5-4b9f-822a-b8f311b72480,37.229102042431,-80.4202485083146,80,5137.28
e7b18590-2011-4d0c-8718-c9514a7b5808,37.194583664656,-80.403698139022,23,1200.9
6add60f2-c611-432d-b7dc-83ccf50cad6e,37.2447434117054,-80.4213903265654,31,2693.96
3c2c524f-a466-48b1-81e4-f3ac7f35d571,37.2128479759258,-80.4443961424322,44,4390.04
c36e7bd9-7191-4115-a8f8-5507f1f145cf,37.1630030023898,-80.4211292788458,185,18497.8
c36e7bd9-7191-4115-a8f8-5507f1f145cf,37.2328224233031,-80.4246549261473,12,403.63
e570e646-82c5-4744-98dc-764a6d346163,37.2341745545938,-80.4220099292214,54,4789.58
8734192f-6a21-49a5-abcc-f16c770661f5,37.2246926118587,-80.4341584063043,39,2753.06
ab1a571c-16bb-4448-8f67-f16233a2bd20,37.2315268061722,-80.4337113195447,22,3321.69
98e4504d-d61b-4182-95cb-038c39551a3a,37.2269688093736,-80.440441470042,23,1966.35
0a3f36d7-c307-4463-b6c5-99406a7cffaf,37.2251946642865,-80.4456477819327,73,5848.32
e708f6e7-1846-4ab0-b148-b3f768db6cb4,37.2313396630402,-80.4289676537066,94,5670.6
8c645223-1d5a-4351-adb6-43949e7cf524,37.1651139628093,-80.4146406352599,207,19800.57
f83a250c-9d24-4fcf-a339-5447d451fdf5,37.2144929727373,-80.4079154406946,3,494.27
641aaf72-1326-4d06-a82a-2f2d84091463,37.2210086905723,-80.4229309135772,10,1375.2
a632e61e-c94b-4ceb-a95e-33c672af2314,37.2242251719908,-80.4243853537044,39,2493.03
0a3f36d7-c307-4463-b6c5-99406a7cffaf,37.2255080774729,-80.4446794357705,29,2432.16
e570e646-82c5-4744-98dc-764a6d346163,37.2331512619308,-80.432716566315,17,1078.58
3c2c524f-a466-48b1-81e4-f3ac7f35d571,37.2225474693497,-80.4498576979016,62,5778.34
8edb0ac0-7024-48a5-a3bf-3ff8e8a7044f,37.2094066669459,-80.395871867372,76,4752.13
8edb0ac0-7024-48a5-a3bf-3ff8e8a7044f,37.2130384870194,-80.3941130873032,91,5343.72
3f10aa8b-ace6-4ae9-ba94-ffaeea5f0ab2,37.2131448152118,-80.393809653726,42,3929.15
9231ca1f-b1ee-4245-85f9-3186ecc00751,37.2039905507285,-80.4124822452972,67,4822.29
b6d71f6b-4e43-42bc-a74d-ef5ff8fbb8a6,37.2349215400175,-80.4205100985761,25,813.01
a5d067da-d551-4428-93e8-ae0cd08d0e96,37.231409453651,-80.4315952247014,85,7800.48
8edb0ac0-7024-48a5-a3bf-3ff8e8a7044f,37.2349543313756,-80.4209066230076,137,9229.48
e93f9bcf-465f-43b3-90d0-216bddda2c87,37.2469188122105,-80.4165162394354,39,2630.63
3c2c524f-a466-48b1-81e4-f3ac7f35d571,37.2225091659844,-80.4498591385523,31,3046.48
c2c639a5-32f8-41e3-8221-8ebd4c904b68,37.2208403423747,-80.4226863405004,14,1411.57
8c645223-1d5a-4351-adb6-43949e7cf524,37.231893,-80.424764,0,0
8c645223-1d5a-4351-adb6-43949e7cf524,37.161738756776,-80.4257598281894,152,15532.27
f8939f8a-f65e-4d6f-8519-2c2840e3e6a5,37.2314075071061,-80.4304184745177,21,1036.09
c2c639a5-32f8-41e3-8221-8ebd4c904b68,37.2308349872818,-80.4275367848741,2,109.26
1624ad03-0ebf-4743-8abc-42f34060e035,37.2433376247492,-80.4285891042002,29,1468.62
0aa35e38-de23-44ce-b140-77621ff93358,37.2364554379392,-80.4211351844552,65,6991.07
b6d71f6b-4e43-42bc-a74d-ef5ff8fbb8a6,37.211893,-80.398048,89,7144.85
3f10aa8b-ace6-4ae9-ba94-ffaeea5f0ab2,37.1957538579277,-80.3978140930361,10,1134.28
fd0937b3-48d6-4b86-9d74-e463b40d55f4,37.2321886740946,-80.4243305312176,256,28267.46
312be01d-4ee2-41b0-87d1-4ac8e4899530,37.2223336829146,-80.4234779133486,40,2022.93
1624ad03-0ebf-4743-8abc-42f34060e035,37.232845430409,-80.424755026567,76,4681.11
f0de71e0-107d-4bcb-a8d2-8dfcf6d66e3a,37.2468732787502,-80.4160936106733,13,1374.06
fd0937b3-48d6-4b86-9d74-e463b40d55f4,37.1657828628986,-80.4285372615837,123,12999.1
8c645223-1d5a-4351-adb6-43949e7cf524,37.2267363387901,-80.4408373180392,35,2157.76
86a57bd8-fef0-4b5e-b079-990c8f500901,37.2396224337172,-80.4225015383943,62,4582.94
7d6b5437-cda5-4b9f-822a-b8f311b72480,37.2293149434547,-80.420523027851,81,5171.19
6e506adb-c6e8-48e0-b606-2bd650720397,37.2560208792287,-80.4106499642421,46,3361.56
a26fa236-5b1f-44ff-93d3-aeaf75cc2973,37.2216265650982,-80.4055798764276,47,2802.31
641aaf72-1326-4d06-a82a-2f2d84091463,37.224250553215,-80.4243580278547,89,6044.66
af234ae3-0762-49b9-89ff-4665d5b32ac7,37.2326040806186,-80.4243592996061,119,5695.58
6c8db17c-cc7e-4357-a5c5-21c8e98984ed,37.2404433108819,-80.4005260367647,43,3641.99
2504249f-e511-4516-8a2e-2c1e088d018d,37.2221785928695,-80.4061548659381,27,2704.59
da4e0dbe-a20d-4ca9-80cb-7614cd29577c,37.2313504185073,-80.4306513224247,82,4200.99
6c8db17c-cc7e-4357-a5c5-21c8e98984ed,37.2351570407866,-80.4209851662062,99,7520.55
f83a250c-9d24-4fcf-a339-5447d451fdf5,37.2119316221826,-80.3997610258585,46,3841.01
3c2c524f-a466-48b1-81e4-f3ac7f35d571,37.2159969637392,-80.4453178015541,51,4811.08
f8939f8a-f65e-4d6f-8519-2c2840e3e6a5,37.1964007471352,-80.406136202519,193,21745.86
78bec10c-1fb8-41d6-af99-dd82e113d469,37.2292643830386,-80.4277768875362,86,5309.49
e0c0f9c9-b199-40b3-87ab-7bd1f213e157,37.229102042431,-80.4202485083146,80,5132.11
98e4504d-d61b-4182-95cb-038c39551a3a,37.2315703064359,-80.4288688672454,7,724.04
b6d71f6b-4e43-42bc-a74d-ef5ff8fbb8a6,37.2076785029312,-80.3938757272638,69,5888.71
f83a250c-9d24-4fcf-a339-5447d451fdf5,37.207848,-80.393925,27,2402.18
c36e7bd9-7191-4115-a8f8-5507f1f145cf,37.1822889011924,-80.4052361349399,75,9009.1
2674478c-5212-4ba0-993a-819fef810e02,37.2414510887422,-80.3982644437716,7,278.71
c9430839-4a0c-471d-83b5-6785322fce8a,37.2245009079278,-80.4473978547691,29,2670.5
1dc0fd3b-7e4c-4647-b4f4-48d87fcaa171,37.1982899614014,-80.4097674858422,17,2184.09
c36e7bd9-7191-4115-a8f8-5507f1f145cf,37.1634348591159,-80.4137885551405,202,19596.3
c36e7bd9-7191-4115-a8f8-5507f1f145cf,37.2227910310859,-80.4394218024774,235,28267.61
f8939f8a-f65e-4d6f-8519-2c2840e3e6a5,37.1660496705303,-80.422339550763,161,16991.32
b6d71f6b-4e43-42bc-a74d-ef5ff8fbb8a6,37.2092430460512,-80.405138158632,50,4645.85
af234ae3-0762-49b9-89ff-4665d5b32ac7,37.2348692114704,-80.4209295879956,108,5174.63
fd0937b3-48d6-4b86-9d74-e463b40d55f4,37.2209459319665,-80.4388171811866,68,3179.34
9231ca1f-b1ee-4245-85f9-3186ecc00751,37.2133359664265,-80.4249630475226,29,2546.86
f8939f8a-f65e-4d6f-8519-2c2840e3e6a5,37.1658879822786,-80.4245905975999,123,13656.69
50af930d-67fd-4314-80ca-dcff1602aa9f,37.2357930085536,-80.4083086793607,42,2782.6
9231ca1f-b1ee-4245-85f9-3186ecc00751,37.2210048153122,-80.4229395292168,11,1337.28
8c645223-1d5a-4351-adb6-43949e7cf524,37.1803647395246,-80.4075803913409,215,21882.55
c36e7bd9-7191-4115-a8f8-5507f1f145cf,37.1593122314303,-80.4208440637401,165,16568.67
f8939f8a-f65e-4d6f-8519-2c2840e3e6a5,37.1673624792522,-80.4290363880135,117,13184.01
0838e7d7-57d5-427d-b770-e402eac1f11e,37.2349417015463,-80.4209880819031,84,4662.61
f0de71e0-107d-4bcb-a8d2-8dfcf6d66e3a,37.2364349686488,-80.421128940714,42,3551.28
edb1129b-9c6e-4d99-8a37-9ca86e8d6c3d,37.2401609861947,-80.4192990314543,13,1235.22
9231ca1f-b1ee-4245-85f9-3186ecc00751,37.226754,-80.425753,5,643.95
0a3f36d7-c307-4463-b6c5-99406a7cffaf,37.2219412933167,-80.4514697352167,36,3168.28
78bec10c-1fb8-41d6-af99-dd82e113d469,37.2369192327272,-80.4268960881654,75,4210.05
f83a250c-9d24-4fcf-a339-5447d451fdf5,37.2114691277165,-80.3996762894149,45,3789.07
641aaf72-1326-4d06-a82a-2f2d84091463,37.2280403453699,-80.4193204161063,72,4422.99
c36e7bd9-7191-4115-a8f8-5507f1f145cf,37.1908870611443,-80.401048703908,69,7944.07
0a3f36d7-c307-4463-b6c5-99406a7cffaf,37.2157649526456,-80.4504797131109,53,4389.93
2504249f-e511-4516-8a2e-2c1e088d018d,37.231579,-80.424478,103,10035.12
e570e646-82c5-4744-98dc-764a6d346163,37.2396164145432,-80.4354587956104,22,1850.79
2504249f-e511-4516-8a2e-2c1e088d018d,37.2141888562377,-80.4003778035181,60,6144.75
0a3f36d7-c307-4463-b6c5-99406a7cffaf,37.2214142107776,-80.4482689518431,64,5117.76
edb1129b-9c6e-4d99-8a37-9ca86e8d6c3d,37.2342871558656,-80.4217571842177,30,1955.68
5ace41fb-b4a5-42d0-8d49-1628dcfd98a9,37.212635848992,-80.4244192311709,63,4141.11
8edb0ac0-7024-48a5-a3bf-3ff8e8a7044f,37.2193411630709,-80.4029523322944,51,3146.76
8c645223-1d5a-4351-adb6-43949e7cf524,37.2325981779731,-80.4242663205698,11,361.17
f8939f8a-f65e-4d6f-8519-2c2840e3e6a5,37.2242678594686,-80.4402538340934,53,2790.86
312be01d-4ee2-41b0-87d1-4ac8e4899530,37.230711,-80.42681,48,3118.35
3f10aa8b-ace6-4ae9-ba94-ffaeea5f0ab2,37.1975004003725,-80.4005129409448,22,1547.59
5ace41fb-b4a5-42d0-8d49-1628dcfd98a9,37.2183690731299,-80.4250590480069,86,4924.42
8c645223-1d5a-4351-adb6-43949e7cf524,37.1748218065675,-80.4160785902904,77,10281.22
2504249f-e511-4516-8a2e-2c1e088d018d,37.2082130270521,-80.3976421986967,40,4504.17
f0de71e0-107d-4bcb-a8d2-8dfcf6d66e3a,37.2485888186212,-80.4170554774612,21,1799.48
a632e61e-c94b-4ceb-a95e-33c672af2314,37.2297050597906,-80.4211342295074,9,572.05
9231ca1f-b1ee-4245-85f9-3186ecc00751,37.2139549264357,-80.4252446974365,28,2473.7
c36e7bd9-7191-4115-a8f8-5507f1f145cf,37.1803647395246,-80.4075803913409,214,21883.43
d5bba5d8-b131-4789-abec-efc493310641,37.2322149571049,-80.4233990246972,6,253.92
8edb0ac0-7024-48a5-a3bf-3ff8e8a7044f,37.2306264733125,-80.4152857823786,120,8460.39
99f7a61c-9121-44a6-ac7a-8cd83a2bec8a,37.2323673682011,-80.4238026241195,138,14193.48
5ace41fb-b4a5-42d0-8d49-1628dcfd98a9,37.2166102220361,-80.4235316468901,82,4685.33
8c645223-1d5a-4351-adb6-43949e7cf524,37.1908870611443,-80.401048703908,69,7944.07
8edb0ac0-7024-48a5-a3bf-3ff8e8a7044f,37.2324147870728,-80.4233395438434,7,168.59
9231ca1f-b1ee-4245-85f9-3186ecc00751,37.1942684258534,-80.4033523157088,99,7390.04
c36e7bd9-7191-4115-a8f8-5507f1f145cf,37.1633014106956,-80.427524596637,145,15105.38
e7b18590-2011-4d0c-8718-c9514a7b5808,37.1949897811733,-80.4039334414818,26,1250.84
8c645223-1d5a-4351-adb6-43949e7cf524,37.1633581479039,-80.4135104704154,202,19569.36
0aa35e38-de23-44ce-b140-77621ff93358,37.231995605576,-80.4240207186136,1,61.48
8c645223-1d5a-4351-adb6-43949e7cf524,37.2314201693984,-80.4348192793712,29,1406.21
9231ca1f-b1ee-4245-85f9-3186ecc00751,37.1939821940172,-80.3959192217511,109,8068.87
8edb0ac0-7024-48a5-a3bf-3ff8e8a7044f,37.2351218005652,-80.4209779267833,135,9209.14
0838e7d7-57d5-427d-b770-e402eac1f11e,37.2292685583396,-80.4277922465004,102,5749.23
98e4504d-d61b-4182-95cb-038c39551a3a,37.2279112733409,-80.4395109557688,21,1832.82
a26fa236-5b1f-44ff-93d3-aeaf75cc2973,37.212646382012,-80.4000039211709,60,3944.06
8c645223-1d5a-4351-adb6-43949e7cf524,37.2251829721031,-80.4401504096371,237,28540.23
0aa35e38-de23-44ce-b140-77621ff93358,37.2352401150847,-80.4205456770787,25,815.59
d5bba5d8-b131-4789-abec-efc493310641,37.2370176597123,-80.4072451543179,44,2948.1
8c645223-1d5a-4351-adb6-43949e7cf524,37.2314537855807,-80.4290099845845,251,29927.97
8c645223-1d5a-4351-adb6-43949e7cf524,37.1822889011924,-80.4052361349399,75,9009.1
2674478c-5212-4ba0-993a-819fef810e02,37.2350761784792,-80.4209889570796,50,3352.35
c1bea031-37b2-475c-8beb-85fbb71be7a0,37.2272737631034,-80.4244477475176,14,958.74
0aa35e38-de23-44ce-b140-77621ff93358,37.2560208792287,-80.4106499642421,46,3361.56
009b7c3f-c455-4799-b8cf-815505da3f7e,37.2303296579964,-80.4263683518256,88,5489.61
99f7a61c-9121-44a6-ac7a-8cd83a2bec8a,37.2320085235635,-80.4165294390206,23,1284.36
67aab091-d5f3-411e-82ad-611d0f153f61,37.2304133795123,-80.428598972591,17,2049.64
f06184b6-e86d-4b52-bd0b-2b5ea817c97e,37.2083336143681,-80.4195303759745,71,4432.94
da4e0dbe-a20d-4ca9-80cb-7614cd29577c,37.2358040498602,-80.4264337040966,19,1326.31
8734192f-6a21-49a5-abcc-f16c770661f5,37.2245466422479,-80.4301508807122,67,4072.26
d9e3b73a-4dff-41e8-8980-71d8aa98e45f,37.2246287647126,-80.4301871561671,58,4052.03
78bec10c-1fb8-41d6-af99-dd82e113d469,37.2435141486034,-80.4283826693895,58,3430.73
e93f9bcf-465f-43b3-90d0-216bddda2c87,37.2383738264454,-80.4265893058049,23,882.99
2504249f-e511-4516-8a2e-2c1e088d018d,37.2093686827047,-80.399367750068,38,4293.09
8c645223-1d5a-4351-adb6-43949e7cf524,37.1558059741757,-80.4229011776695,172,17205.4
2674478c-5212-4ba0-993a-819fef810e02,37.2366060925746,-80.4076337598953,21,1299.53
a632e61e-c94b-4ceb-a95e-33c672af2314,37.2268016201974,-80.4257704484551,43,2805.7
e93f9bcf-465f-43b3-90d0-216bddda2c87,37.246036365392,-80.4150718697948,45,2825.17
0aa35e38-de23-44ce-b140-77621ff93358,37.2509823591103,-80.4116051144364,40,2791.74
98e8b74d-b3ea-4ff9-993d-114d2f5de2cf,37.2297912613698,-80.4211042508312,11,564.63
a5d067da-d551-4428-93e8-ae0cd08d0e96,37.2117272662125,-80.4241839287112,60,4032.78
a43aa2ac-7c35-4c0b-a970-437b91e4ba35,37.2213381689918,-80.4519987434368,27,3174.09
6add60f2-c611-432d-b7dc-83ccf50cad6e,37.245230361535,-80.4214997840822,32,2748.93
8909fd06-51cb-4b38-b873-c3b148b909b0,37.2177310119707,-80.4482695727509,34,4677.76
f06184b6-e86d-4b52-bd0b-2b5ea817c97e,37.2298298284432,-80.4210808859104,10,625.26
a632e61e-c94b-4ceb-a95e-33c672af2314,37.2232565981448,-80.4193514415122,31,1713.79
f06184b6-e86d-4b52-bd0b-2b5ea817c97e,37.2275645461916,-80.4241398178869,16,999.66
2674478c-5212-4ba0-993a-819fef810e02,37.2351286562176,-80.4204967353428,43,3280.6
f83a250c-9d24-4fcf-a339-5447d451fdf5,37.2091209503866,-80.4047495530545,9,1185.45
c1bea031-37b2-475c-8beb-85fbb71be7a0,37.2262577563094,-80.4289506304045,79,3838.88
0aa35e38-de23-44ce-b140-77621ff93358,37.2335029616921,-80.4247597302212,79,7548.5
25434fe2-1283-4de5-baa4-bb1845c06a9e,37.2534496492192,-80.4188831373852,59,4200.77
c9430839-4a0c-471d-83b5-6785322fce8a,37.2315667062029,-80.4330588130312,93,8596.29
7a7f8de7-b6e6-4d4f-b306-26500b9c1da1,37.2172612884571,-80.4482731211577,10,834.47
9231ca1f-b1ee-4245-85f9-3186ecc00751,37.2080127540299,-80.4198405473986,45,3506.96
b8c51a51-84af-4a44-9a35-9f53382c3b05,37.2531254442409,-80.4109251744106,0,0
f06184b6-e86d-4b52-bd0b-2b5ea817c97e,37.2090037253647,-80.4175802177096,74,4621.88
0aa35e38-de23-44ce-b140-77621ff93358,37.2341955570584,-80.4219396658932,75,7286.78
7a7f8de7-b6e6-4d4f-b306-26500b9c1da1,37.2266955257861,-80.4406241436305,41,3895.15
d9e3b73a-4dff-41e8-8980-71d8aa98e45f,37.2209211319358,-80.4226218255679,73,4998.89
b8c51a51-84af-4a44-9a35-9f53382c3b05,37.2333643488292,-80.4250497617399,42,4584.99
af234ae3-0762-49b9-89ff-4665d5b32ac7,37.2452771521217,-80.4215641915962,85,3952.27
af234ae3-0762-49b9-89ff-4665d5b32ac7,37.2429,-80.414471,51,2111.63
99f7a61c-9121-44a6-ac7a-8cd83a2bec8a,37.2052085856719,-80.3988900149732,82,8237.7
0838e7d7-57d5-427d-b770-e402eac1f11e,37.2363860024038,-80.4212046906962,81,4499.11
ab1a571c-16bb-4448-8f67-f16233a2bd20,37.2292943148371,-80.4277796808269,27,4023
e570e646-82c5-4744-98dc-764a6d346163,37.2315048954655,-80.4293153762146,12,596.37
0aa35e38-de23-44ce-b140-77621ff93358,37.2535652974577,-80.4190124331119,48,4156.49
e93f9bcf-465f-43b3-90d0-216bddda2c87,37.246882235055,-80.4162100691466,41,2658.04
a26fa236-5b1f-44ff-93d3-aeaf75cc2973,37.211893,-80.398048,93,5714.48
67aab091-d5f3-411e-82ad-611d0f153f61,37.230447,-80.426493,22,2392.63
8c645223-1d5a-4351-adb6-43949e7cf524,37.1644748004926,-80.4297457092491,117,13716.59
c2c639a5-32f8-41e3-8221-8ebd4c904b68,37.2276928006434,-80.4182384267467,25,2565.24
6add60f2-c611-432d-b7dc-83ccf50cad6e,37.2408699884995,-80.4271902153721,19,1895.23
3f10aa8b-ace6-4ae9-ba94-ffaeea5f0ab2,37.2339302142817,-80.4190482448964,63,7573.49
da4e0dbe-a20d-4ca9-80cb-7614cd29577c,37.2420827890684,-80.42768227623,37,2047.17
98e4504d-d61b-4182-95cb-038c39551a3a,37.2314196664941,-80.4344079157357,57,4281.13
2504249f-e511-4516-8a2e-2c1e088d018d,37.2106946834791,-80.3955743892021,48,4878
f83a250c-9d24-4fcf-a339-5447d451fdf5,37.229905559415,-80.4145555445287,57,6282.53
78bec10c-1fb8-41d6-af99-dd82e113d469,37.2315630179049,-80.4289198395821,82,5030.93
f06184b6-e86d-4b52-bd0b-2b5ea817c97e,37.2225144441566,-80.4284179810817,37,2248.57
f8939f8a-f65e-4d6f-8519-2c2840e3e6a5,37.2223197338914,-80.439285466378,207,25914.19
ab1a571c-16bb-4448-8f67-f16233a2bd20,37.2157649526456,-80.4504797131109,5,565.82
78bec10c-1fb8-41d6-af99-dd82e113d469,37.2353037010172,-80.4206784621883,26,1513.43
99f7a61c-9121-44a6-ac7a-8cd83a2bec8a,37.2321743457794,-80.4236814077008,2,118.5
6e506adb-c6e8-48e0-b606-2bd650720397,37.2321943055914,-80.4236784604903,2,98.96
2674478c-5212-4ba0-993a-819fef810e02,37.2370176597123,-80.4072380239403,20,1241.93
5ace41fb-b4a5-42d0-8d49-1628dcfd98a9,37.2124087043229,-80.4241874938999,62,4108.59
b8c51a51-84af-4a44-9a35-9f53382c3b05,37.2352718127304,-80.4209319686945,38,4136.55
c36e7bd9-7191-4115-a8f8-5507f1f145cf,37.1619177533178,-80.426690342462,148,15276.66
7a7f8de7-b6e6-4d4f-b306-26500b9c1da1,37.2172101840995,-80.4474531277375,11,907.25
f06184b6-e86d-4b52-bd0b-2b5ea817c97e,37.2206774187492,-80.4267528907509,39,2500.42
f06184b6-e86d-4b52-bd0b-2b5ea817c97e,37.227889621633,-80.4273463281563,22,1485.8
9231ca1f-b1ee-4245-85f9-3186ecc00751,37.2031670537112,-80.4058260378378,92,6345.38
f06184b6-e86d-4b52-bd0b-2b5ea817c97e,37.2242138293316,-80.429507952862,33,2031.49
da4e0dbe-a20d-4ca9-80cb-7614cd29577c,37.2401307260072,-80.4356293231836,56,2987.06
f8939f8a-f65e-4d6f-8519-2c2840e3e6a5,37.1881053046819,-80.4069873525037,78,8168.66
50af930d-67fd-4314-80ca-dcff1602aa9f,37.2400830545928,-80.3985425284964,69,4311.57
e708f6e7-1846-4ab0-b148-b3f768db6cb4,37.2305115402906,-80.4286520356118,96,5769.86
2674478c-5212-4ba0-993a-819fef810e02,37.2352847712146,-80.4208675149764,47,3325.21
f8939f8a-f65e-4d6f-8519-2c2840e3e6a5,37.1918985226112,-80.4035307351124,190,21192.68
a43aa2ac-7c35-4c0b-a970-437b91e4ba35,37.2258292962149,-80.4433282043146,20,2231.65
98e8b74d-b3ea-4ff9-993d-114d2f5de2cf,37.231327,-80.425043,60,3938.92
c1bea031-37b2-475c-8beb-85fbb71be7a0,37.2279127535319,-80.4274746422481,25,1377.37
6add60f2-c611-432d-b7dc-83ccf50cad6e,37.2444404114185,-80.4214146095424,30,2660.22
9231ca1f-b1ee-4245-85f9-3186ecc00751,37.1999667406062,-80.4053421560134,150,10373.1
8734192f-6a21-49a5-abcc-f16c770661f5,37.2206413949012,-80.4243806535406,78,4845.61
312be01d-4ee2-41b0-87d1-4ac8e4899530,37.2247718767007,-80.4346117023287,6,383.28
b6d71f6b-4e43-42bc-a74d-ef5ff8fbb8a6,37.2096799994283,-80.395719884372,77,6219.84
98e8b74d-b3ea-4ff9-993d-114d2f5de2cf,37.2315538520775,-80.4220983343284,47,3532.17
0aa35e38-de23-44ce-b140-77621ff93358,37.2463125825431,-80.4148996692724,57,5759.86
e7b18590-2011-4d0c-8718-c9514a7b5808,37.1951118996988,-80.403961962992,27,1264.64
a5d067da-d551-4428-93e8-ae0cd08d0e96,37.2280497551576,-80.4393089869927,80,6974.01
9231ca1f-b1ee-4245-85f9-3186ecc00751,37.2049702165115,-80.4095641382776,81,5765.95
8c645223-1d5a-4351-adb6-43949e7cf524,37.1634348591159,-80.4137885551405,203,19595.42
f06184b6-e86d-4b52-bd0b-2b5ea817c97e,37.2056161660907,-80.4074563236335,110,6847.36
f83a250c-9d24-4fcf-a339-5447d451fdf5,37.2344246023544,-80.4214453321284,67,7225.65
e708f6e7-1846-4ab0-b148-b3f768db6cb4,37.230447,-80.426493,0,0
c36e7bd9-7191-4115-a8f8-5507f1f145cf,37.1988265486792,-80.4110558905367,64,6675.36
edb1129b-9c6e-4d99-8a37-9ca86e8d6c3d,37.2348406592107,-80.4209977990069,26,1863.5
e570e646-82c5-4744-98dc-764a6d346163,37.2333158966,-80.4327736093357,18,1097.56
c36e7bd9-7191-4115-a8f8-5507f1f145cf,37.1635513463631,-80.4127867370923,198,19499.22
c36e7bd9-7191-4115-a8f8-5507f1f145cf,37.1919791361036,-80.4014973572329,68,7816.39
c1bea031-37b2-475c-8beb-85fbb71be7a0,37.22802630261,-80.4198487034395,109,5001.03
5ace41fb-b4a5-42d0-8d49-1628dcfd98a9,37.2209756311192,-80.422668858377,91,5520.07
8edb0ac0-7024-48a5-a3bf-3ff8e8a7044f,37.2115844749576,-80.3991839277514,94,5820.69
fd0937b3-48d6-4b86-9d74-e463b40d55f4,37.1657238558118,-80.4176897935453,159,16048.54
2504249f-e511-4516-8a2e-2c1e088d018d,37.2223725749476,-80.4063292089897,65,7220.3
a26fa236-5b1f-44ff-93d3-aeaf75cc2973,37.2088416191348,-80.3963638634241,72,4659.03
edb1129b-9c6e-4d99-8a37-9ca86e8d6c3d,37.2341367157925,-80.4221707461168,31,1995.91
c1bea031-37b2-475c-8beb-85fbb71be7a0,37.2278872049656,-80.4200127021236,108,4979.83
6c8db17c-cc7e-4357-a5c5-21c8e98984ed,37.2321998996499,-80.4236609464411,4,229.34
f662dd49-53b2-49fa-8046-c83dde4f3bb4,37.2313943135637,-80.4293893848078,28,1971.02
af234ae3-0762-49b9-89ff-4665d5b32ac7,37.2448736277147,-80.421412612284,86,3999.07
c1bea031-37b2-475c-8beb-85fbb71be7a0,37.2246524151007,-80.4341156043111,61,3148.17
c36e7bd9-7191-4115-a8f8-5507f1f145cf,37.2330405439284,-80.4249314086161,257,30343.98
f06184b6-e86d-4b52-bd0b-2b5ea817c97e,37.2109249751838,-80.4242466393281,63,3758.09
f06184b6-e86d-4b52-bd0b-2b5ea817c97e,37.1936462322683,-80.401169280784,159,10379.78
3c2c524f-a466-48b1-81e4-f3ac7f35d571,37.2267045192673,-80.4407010481853,70,6804.89
50af930d-67fd-4314-80ca-dcff1602aa9f,37.2414538110169,-80.3990040957334,54,3844.41
50af930d-67fd-4314-80ca-dcff1602aa9f,37.2349825092606,-80.4209533051917,115,7554.26
e93f9bcf-465f-43b3-90d0-216bddda2c87,37.2466495174792,-80.4201995153957,36,2302.92
e7b18590-2011-4d0c-8718-c9514a7b5808,37.1938279932364,-80.4020534476024,18,1030.86
d9e3b73a-4dff-41e8-8980-71d8aa98e45f,37.2208899030144,-80.4228927799155,70,4971.17
fd0937b3-48d6-4b86-9d74-e463b40d55f4,37.186657213783,-80.4097738234706,185,19728.58
b8c51a51-84af-4a44-9a35-9f53382c3b05,37.2357912476642,-80.4210139680366,37,4078.38
c9430839-4a0c-471d-83b5-6785322fce8a,37.2128281008505,-80.444413968376,57,5305.15
4c65baab-ac20-473b-8a19-0b9cb7567806,37.2314196664941,-80.4344079157357,29,3648.54
6add60f2-c611-432d-b7dc-83ccf50cad6e,37.230447,-80.426493,70,6120.41
b6d71f6b-4e43-42bc-a74d-ef5ff8fbb8a6,37.2324924285255,-80.4236807368963,12,210.89
916d6333-dc42-44dd-8071-6054f1ed29d8,37.2324913822002,-80.4240913937329,115,9416.69
d9e3b73a-4dff-41e8-8980-71d8aa98e45f,37.2206413949012,-80.4243806535406,68,4836.56
916d6333-dc42-44dd-8071-6054f1ed29d8,37.2172079811816,-80.4486531286629,55,4531.73
86a57bd8-fef0-4b5e-b079-990c8f500901,37.2463141876873,-80.4148172730863,36,2676.12
c1bea031-37b2-475c-8beb-85fbb71be7a0,37.2235157426419,-80.4323077536456,48,2094.04
3f10aa8b-ace6-4ae9-ba94-ffaeea5f0ab2,37.2251164749334,-80.4093480354159,56,6268.28
f06184b6-e86d-4b52-bd0b-2b5ea817c97e,37.1960675689043,-80.4039614441039,122,8041.07
8734192f-6a21-49a5-abcc-f16c770661f5,37.2244742386568,-80.4305300334138,28,2314.56
8edb0ac0-7024-48a5-a3bf-3ff8e8a7044f,37.2326447100503,-80.4243984049122,13,272.71
67aab091-d5f3-411e-82ad-611d0f153f61,37.2433390944452,-80.4286570978189,3,355.28
7e6c10eb-0e83-4bba-bc4f-756b56fc4ea7,37.2339872137998,-80.4225589682929,100,5173.73
7e6c10eb-0e83-4bba-bc4f-756b56fc4ea7,37.2430841844025,-80.4291726206144,62,2959.41
7e6c10eb-0e83-4bba-bc4f-756b56fc4ea7,37.2402062373786,-80.4356434382578,45,2246.99
0a3f36d7-c307-4463-b6c5-99406a7cffaf,37.2162494834599,-80.4497474608071,54,4474.18
916d6333-dc42-44dd-8071-6054f1ed29d8,37.2150092934487,-80.4513934571927,51,4186.22
4c65baab-ac20-473b-8a19-0b9cb7567806,37.2219229019311,-80.4486419685263,18,1718.45
25434fe2-1283-4de5-baa4-bb1845c06a9e,37.2494964152274,-80.4126364238642,71,5398.69
1dc0fd3b-7e4c-4647-b4f4-48d87fcaa171,37.1918985226112,-80.4035307351124,10,1244.56
bccd5bab-2cf0-4b7a-bbac-6523feb55222,37.224807014357,-80.434600507575,92,4859.01
da4e0dbe-a20d-4ca9-80cb-7614cd29577c,37.2349950923998,-80.4336995588353,71,3596.97
b6d71f6b-4e43-42bc-a74d-ef5ff8fbb8a6,37.2106397157034,-80.395620059086,80,6327.77
1624ad03-0ebf-4743-8abc-42f34060e035,37.2341367157925,-80.4221707461168,69,4338.35
86a57bd8-fef0-4b5e-b079-990c8f500901,37.2335425751616,-80.4238456145688,11,417.77
916d6333-dc42-44dd-8071-6054f1ed29d8,37.2178461469737,-80.4533428196084,44,3610.65
c2c639a5-32f8-41e3-8221-8ebd4c904b68,37.2324252311527,-80.4233900612964,36,3296.1
e93f9bcf-465f-43b3-90d0-216bddda2c87,37.2350507055703,-80.4209871034405,61,4181.61
916d6333-dc42-44dd-8071-6054f1ed29d8,37.2205266156006,-80.4480789533776,78,6339.92
c2c639a5-32f8-41e3-8221-8ebd4c904b68,37.2209129632119,-80.422628306211,15,1421.13
916d6333-dc42-44dd-8071-6054f1ed29d8,37.2220426632191,-80.4489146440574,82,6532.92
7172a8d8-0bfc-4398-8da7-f0e7ecaa85d7,37.2442285564082,-80.4214877141409,32,2050.3
a5d067da-d551-4428-93e8-ae0cd08d0e96,37.2013877279593,-80.4095417734288,12,1078.66
641aaf72-1326-4d06-a82a-2f2d84091463,37.228136861934,-80.4199229330108,69,4365.23
f8939f8a-f65e-4d6f-8519-2c2840e3e6a5,37.2266695487196,-80.4409806569397,33,2194.03
98e4504d-d61b-4182-95cb-038c39551a3a,37.2255080774729,-80.4446794357705,27,2378.53
c1bea031-37b2-475c-8beb-85fbb71be7a0,37.2232826442446,-80.4317100865232,66,3414.62
641aaf72-1326-4d06-a82a-2f2d84091463,37.2315538520775,-80.4220983343284,34,3146.4
a5d067da-d551-4428-93e8-ae0cd08d0e96,37.2047931428088,-80.4056058747637,2,240.51
9231ca1f-b1ee-4245-85f9-3186ecc00751,37.2049616977334,-80.4099242223448,80,5734.07
0838e7d7-57d5-427d-b770-e402eac1f11e,37.24579898988,-80.4228449119833,60,3273.68
1dc0fd3b-7e4c-4647-b4f4-48d87fcaa171,37.2166785499055,-80.4351997600318,23,5238.54
78bec10c-1fb8-41d6-af99-dd82e113d469,37.2460998845551,-80.4219792207619,52,2791.84
a632e61e-c94b-4ceb-a95e-33c672af2314,37.230579,-80.426661,47,3341.4
f8939f8a-f65e-4d6f-8519-2c2840e3e6a5,37.196231499832,-80.4070857826069,68,7142.86
6c8db17c-cc7e-4357-a5c5-21c8e98984ed,37.237121815371,-80.407107774918,77,5409.06
6add60f2-c611-432d-b7dc-83ccf50cad6e,37.2315905301673,-80.4330413635107,61,5311.18
c9430839-4a0c-471d-83b5-6785322fce8a,37.2317139145981,-80.4328287233462,14,1101.39
d5bba5d8-b131-4789-abec-efc493310641,37.2321825652977,-80.4242646569097,131,8220.18
c9430839-4a0c-471d-83b5-6785322fce8a,37.2142237564831,-80.4442784621343,63,5507.17
f662dd49-53b2-49fa-8046-c83dde4f3bb4,37.2314196664941,-80.4344079157357,21,1521.51
99f7a61c-9121-44a6-ac7a-8cd83a2bec8a,37.2081957684637,-80.3976386337099,86,8905.86
a5d067da-d551-4428-93e8-ae0cd08d0e96,37.2079480123178,-80.4198593547168,36,2639.47
e0c0f9c9-b199-40b3-87ab-7bd1f213e157,37.2174946558401,-80.4180838091236,36,2519.25
fd0937b3-48d6-4b86-9d74-e463b40d55f4,37.2331418362644,-80.4251620412994,244,28021.66
f83a250c-9d24-4fcf-a339-5447d451fdf5,37.2090045334063,-80.3950878914502,30,2575.7
3f10aa8b-ace6-4ae9-ba94-ffaeea5f0ab2,37.1942065272561,-80.3976158688022,9,961.45
2674478c-5212-4ba0-993a-819fef810e02,37.2415021766735,-80.3986102670836,9,310.21
a26fa236-5b1f-44ff-93d3-aeaf75cc2973,37.235042323708,-80.4204966262975,129,9137.42
86a57bd8-fef0-4b5e-b079-990c8f500901,37.2315085481283,-80.4252192005778,81,5928.23
8c645223-1d5a-4351-adb6-43949e7cf524,37.2316898356362,-80.4328049477081,24,1223.38
7e6c10eb-0e83-4bba-bc4f-756b56fc4ea7,37.2320818514412,-80.4238438335367,113,5613.08
8734192f-6a21-49a5-abcc-f16c770661f5,37.2246287647126,-80.4301871561671,66,4062.59
f8939f8a-f65e-4d6f-8519-2c2840e3e6a5,37.2265993282338,-80.4412579034837,34,2219.77
2504249f-e511-4516-8a2e-2c1e088d018d,37.2324440160767,-80.4233543402052,6,171.04
c36e7bd9-7191-4115-a8f8-5507f1f145cf,37.2273381563451,-80.4417179196689,42,2318.9
c36e7bd9-7191-4115-a8f8-5507f1f145cf,37.1660917798336,-80.4285486297934,128,14074.81
25434fe2-1283-4de5-baa4-bb1845c06a9e,37.2537050478594,-80.4189473107832,53,4143.5
67aab091-d5f3-411e-82ad-611d0f153f61,37.2449353185258,-80.425218667103,0,0
3c2c524f-a466-48b1-81e4-f3ac7f35d571,37.2315750723253,-80.4288497002811,10,734.79
57b3d106-fd5e-4b7b-85f7-bfb555af392b,37.2321349149863,-80.4228811720085,35,3240.71
6add60f2-c611-432d-b7dc-83ccf50cad6e,37.229913726607,-80.4281739982785,5,432.43
8edb0ac0-7024-48a5-a3bf-3ff8e8a7044f,37.2108178482762,-80.3995867940833,63,4150.69
7d6b5437-cda5-4b9f-822a-b8f311b72480,37.217531564407,-80.4167825152176,52,3230.28
f8939f8a-f65e-4d6f-8519-2c2840e3e6a5,37.2322284140378,-80.4236424497824,235,28196.97
9231ca1f-b1ee-4245-85f9-3186ecc00751,37.2109249751838,-80.4242466393281,37,2876.91
1624ad03-0ebf-4743-8abc-42f34060e035,37.2326969422186,-80.4245393222528,10,201.66
50af930d-67fd-4314-80ca-dcff1602aa9f,37.2377778433429,-80.4058853033713,46,3095.48
009b7c3f-c455-4799-b8cf-815505da3f7e,37.2306965825526,-80.428676269177,84,5135.19
7e6c10eb-0e83-4bba-bc4f-756b56fc4ea7,37.2325445372806,-80.4242217435478,110,5528.39
c1bea031-37b2-475c-8beb-85fbb71be7a0,37.2278755763696,-80.4265975563542,22,1298.92
67b5d761-e302-49aa-abb2-580efabd4eaf,37.2223336829146,-80.4234779133486,136,7262.56
25434fe2-1283-4de5-baa4-bb1845c06a9e,37.2339633552602,-80.4226541722428,90,7401.2
bccd5bab-2cf0-4b7a-bbac-6523feb55222,37.2211022293287,-80.4270316117865,70,3841.93
fd0937b3-48d6-4b86-9d74-e463b40d55f4,37.2311166660072,-80.4352279764078,229,27067.76
c36e7bd9-7191-4115-a8f8-5507f1f145cf,37.1638780779277,-80.414209247417,204,19658.75
9231ca1f-b1ee-4245-85f9-3186ecc00751,37.2089298998686,-80.4167673546669,52,3818.64
e570e646-82c5-4744-98dc-764a6d346163,37.2448736277147,-80.421412612284,37,3496.26
67b5d761-e302-49aa-abb2-580efabd4eaf,37.2206271998859,-80.4245339566583,66,3569.75
f83a250c-9d24-4fcf-a339-5447d451fdf5,37.2099539464685,-80.3956607219971,34,2741.31
f8939f8a-f65e-4d6f-8519-2c2840e3e6a5,37.1874435059693,-80.4104651755372,180,19948.12
f8939f8a-f65e-4d6f-8519-2c2840e3e6a5,37.2108018888989,-80.4294170293728,64,4587.66
edb1129b-9c6e-4d99-8a37-9ca86e8d6c3d,37.246882235055,-80.4162100691466,4,315.67
6c8db17c-cc7e-4357-a5c5-21c8e98984ed,37.2400935431481,-80.3985156699489,63,4303.33
25434fe2-1283-4de5-baa4-bb1845c06a9e,37.2419191743087,-80.4180316876192,35,1630.46
98e4504d-d61b-4182-95cb-038c39551a3a,37.2274286878412,-80.4399209524785,22,1897.56
25434fe2-1283-4de5-baa4-bb1845c06a9e,37.2369095817671,-80.4210424895468,79,6985.27
f8939f8a-f65e-4d6f-8519-2c2840e3e6a5,37.2222839883662,-80.4395009552284,56,3021.33
c36e7bd9-7191-4115-a8f8-5507f1f145cf,37.162334,-80.420922,183,18411.44
98e8b74d-b3ea-4ff9-993d-114d2f5de2cf,37.2274122449711,-80.4173534038326,37,2863.53
0838e7d7-57d5-427d-b770-e402eac1f11e,37.2432573118336,-80.4287127112613,53,2677.61
3c2c524f-a466-48b1-81e4-f3ac7f35d571,37.2127486004966,-80.4443248386565,45,4402.76
a5d067da-d551-4428-93e8-ae0cd08d0e96,37.2073943115904,-80.4201944824621,54,3399.05
fd0937b3-48d6-4b86-9d74-e463b40d55f4,37.1619444848673,-80.4266548419056,144,14607.43
78bec10c-1fb8-41d6-af99-dd82e113d469,37.244490466653,-80.4214366186145,48,2603.82
6e506adb-c6e8-48e0-b606-2bd650720397,37.237224080139,-80.4209403955044,31,1052.49
78bec10c-1fb8-41d6-af99-dd82e113d469,37.2311258735198,-80.4287594060861,83,5081.54
b8c51a51-84af-4a44-9a35-9f53382c3b05,37.2361318587927,-80.4210995325674,36,4039.78
4c65baab-ac20-473b-8a19-0b9cb7567806,37.2249148142852,-80.4463606386196,22,2329.52
c1bea031-37b2-475c-8beb-85fbb71be7a0,37.231327,-80.425043,0,0
50af930d-67fd-4314-80ca-dcff1602aa9f,37.2327344131003,-80.4246111888836,13,404.67
50af930d-67fd-4314-80ca-dcff1602aa9f,37.2409844269814,-80.39819135601,60,3966.81
f8939f8a-f65e-4d6f-8519-2c2840e3e6a5,37.2272543342864,-80.4408273538218,49,2455
c1bea031-37b2-475c-8beb-85fbb71be7a0,37.2321562604449,-80.42364914523,2,156.99
f06184b6-e86d-4b52-bd0b-2b5ea817c97e,37.2165521417983,-80.4239253055466,45,3025.2
7d6b5437-cda5-4b9f-822a-b8f311b72480,37.2314612407363,-80.4220442725446,4,343.77
da4e0dbe-a20d-4ca9-80cb-7614cd29577c,37.2431750973627,-80.4289542925664,42,2245.43
f8939f8a-f65e-4d6f-8519-2c2840e3e6a5,37.2324725303722,-80.423713753558,11,340.2
9231ca1f-b1ee-4245-85f9-3186ecc00751,37.1939594470719,-80.3965320514122,132,9086.55
0a3f36d7-c307-4463-b6c5-99406a7cffaf,37.22653458081,-80.4412198174632,25,2104.72
99f7a61c-9121-44a6-ac7a-8cd83a2bec8a,37.1938737947263,-80.3975467038789,65,6687.33
3f10aa8b-ace6-4ae9-ba94-ffaeea5f0ab2,37.1971231483198,-80.4002754996324,19,1497.81
67b5d761-e302-49aa-abb2-580efabd4eaf,37.2264393331444,-80.4371104004789,97,5203.62
7e6c10eb-0e83-4bba-bc4f-756b56fc4ea7,37.2320534657145,-80.4240933967516,114,5635.38
6c8db17c-cc7e-4357-a5c5-21c8e98984ed,37.2326950569567,-80.4089711850268,33,2344.3
f8939f8a-f65e-4d6f-8519-2c2840e3e6a5,37.1666684548061,-80.4252441480901,100,11979.14
e570e646-82c5-4744-98dc-764a6d346163,37.2348046974845,-80.4209795896622,51,4673.36
a26fa236-5b1f-44ff-93d3-aeaf75cc2973,37.2324999438129,-80.4240632771665,152,9787
6c8db17c-cc7e-4357-a5c5-21c8e98984ed,37.2392316007156,-80.4029925407763,42,3385.59
2674478c-5212-4ba0-993a-819fef810e02,37.2322131752903,-80.4167396547584,36,2814.44
86a57bd8-fef0-4b5e-b079-990c8f500901,37.2483376803497,-80.4171310806104,42,3097.63
6add60f2-c611-432d-b7dc-83ccf50cad6e,37.2300577739465,-80.4267899947462,3,252.64
c36e7bd9-7191-4115-a8f8-5507f1f145cf,37.1659209144311,-80.4245975766453,139,14690.89
e93f9bcf-465f-43b3-90d0-216bddda2c87,37.2347044126105,-80.4211083198592,65,4223.92
86a57bd8-fef0-4b5e-b079-990c8f500901,37.2435016777218,-80.4218699289483,58,4145.86
b6d71f6b-4e43-42bc-a74d-ef5ff8fbb8a6,37.20866514496,-80.3967295823532,62,5535.49
c9430839-4a0c-471d-83b5-6785322fce8a,37.2185104953218,-80.4537955985839,36,3581.4
a26fa236-5b1f-44ff-93d3-aeaf75cc2973,37.2115844749576,-80.3991839277514,94,5820.69
fd0937b3-48d6-4b86-9d74-e463b40d55f4,37.1909770092825,-80.403585448491,197,21087.27
916d6333-dc42-44dd-8071-6054f1ed29d8,37.2271554059203,-80.4400358874811,92,7723.61
b6d71f6b-4e43-42bc-a74d-ef5ff8fbb8a6,37.2322028951878,-80.4236949976514,131,11257.42
8734192f-6a21-49a5-abcc-f16c770661f5,37.224665669789,-80.4341659068497,53,3586.2
1dc0fd3b-7e4c-4647-b4f4-48d87fcaa171,37.1853838835054,-80.4085254653706,2,370.56
b6d71f6b-4e43-42bc-a74d-ef5ff8fbb8a6,37.2078343568993,-80.3940513760211,71,5919.33
50af930d-67fd-4314-80ca-dcff1602aa9f,37.2349314169106,-80.420718002732,22,907.98
98e4504d-d61b-4182-95cb-038c39551a3a,37.2283711460609,-80.4390367856597,51,3743.23
af234ae3-0762-49b9-89ff-4665d5b32ac7,37.2406282414262,-80.4164196241836,45,1796.98
1624ad03-0ebf-4743-8abc-42f34060e035,37.233391745672,-80.4251182931838,75,4612.42
99f7a61c-9121-44a6-ac7a-8cd83a2bec8a,37.2090561233236,-80.3958417785629,89,9091.6
67b5d761-e302-49aa-abb2-580efabd4eaf,37.223330799987,-80.4319515723083,88,4569.12
c36e7bd9-7191-4115-a8f8-5507f1f145cf,37.229029585809,-80.4383686051419,240,29005.04
0838e7d7-57d5-427d-b770-e402eac1f11e,37.2348046974845,-80.4209795896622,85,4677.85
3c2c524f-a466-48b1-81e4-f3ac7f35d571,37.2313573659427,-80.4289825103762,84,8065.25
c36e7bd9-7191-4115-a8f8-5507f1f145cf,37.2326176008709,-80.4244108910538,259,30409.88
af234ae3-0762-49b9-89ff-4665d5b32ac7,37.2398959692785,-80.4194464694613,36,1349.49
b6d71f6b-4e43-42bc-a74d-ef5ff8fbb8a6,37.2089762812243,-80.3960590300595,63,5604.17
99f7a61c-9121-44a6-ac7a-8cd83a2bec8a,37.231449,-80.424654,144,14433.94
af234ae3-0762-49b9-89ff-4665d5b32ac7,37.23806349862,-80.420485,34,1125.81
4c65baab-ac20-473b-8a19-0b9cb7567806,37.229738,-80.427082,37,4490.46
2504249f-e511-4516-8a2e-2c1e088d018d,37.2195780744734,-80.4032171503801,30,3093.49
b6d71f6b-4e43-42bc-a74d-ef5ff8fbb8a6,37.233423469369,-80.4245969904138,17,402.63
0838e7d7-57d5-427d-b770-e402eac1f11e,37.2439469794556,-80.4216072900142,68,3605.06
67b5d761-e302-49aa-abb2-580efabd4eaf,37.2248779854736,-80.4367895334884,100,5420.05
f06184b6-e86d-4b52-bd0b-2b5ea817c97e,37.2019086600488,-80.4098174220215,101,6273.42
9231ca1f-b1ee-4245-85f9-3186ecc00751,37.2054635418887,-80.4151715286636,60,4372.82
641aaf72-1326-4d06-a82a-2f2d84091463,37.2321349149863,-80.4228811720085,36,3241.24
c9430839-4a0c-471d-83b5-6785322fce8a,37.2250745678885,-80.4459861875614,79,7194.7
d9e3b73a-4dff-41e8-8980-71d8aa98e45f,37.2248603239572,-80.4363565407012,44,3379.98
8734192f-6a21-49a5-abcc-f16c770661f5,37.2246857460541,-80.4301437503347,25,2272.34
25434fe2-1283-4de5-baa4-bb1845c06a9e,37.2534950534852,-80.4188296595534,60,4207.69
67b5d761-e302-49aa-abb2-580efabd4eaf,37.2202874361022,-80.4264897030943,125,6724.58
009b7c3f-c455-4799-b8cf-815505da3f7e,37.2374457808269,-80.4208190146255,36,1771.35
af234ae3-0762-49b9-89ff-4665d5b32ac7,37.24765542168,-80.4175818757256,78,3361.49
0838e7d7-57d5-427d-b770-e402eac1f11e,37.2391475566355,-80.4356327426914,25,1797.37
c36e7bd9-7191-4115-a8f8-5507f1f145cf,37.1683048856176,-80.4180597419302,96,12095.66
0aa35e38-de23-44ce-b140-77621ff93358,37.2551373092965,-80.4141905425627,50,4617.37
f8939f8a-f65e-4d6f-8519-2c2840e3e6a5,37.2255740001284,-80.4405557130586,51,2643.27
da4e0dbe-a20d-4ca9-80cb-7614cd29577c,37.2347992500543,-80.4258919016058,18,1204.8
a43aa2ac-7c35-4c0b-a970-437b91e4ba35,37.231594693892,-80.4288963201175,7,705.37
5ace41fb-b4a5-42d0-8d49-1628dcfd98a9,37.209374,-80.416945,45,3013.27
0a3f36d7-c307-4463-b6c5-99406a7cffaf,37.2172832025288,-80.4482647262014,58,4655.9
6e506adb-c6e8-48e0-b606-2bd650720397,37.2344254746053,-80.421447669841,73,7236.16
b8c51a51-84af-4a44-9a35-9f53382c3b05,37.2344117568566,-80.4215380507878,40,4252.78
c36e7bd9-7191-4115-a8f8-5507f1f145cf,37.2265915612088,-80.4414077482447,37,2212.61
2674478c-5212-4ba0-993a-819fef810e02,37.2319169069671,-80.4163542116606,35,2767.04
f8939f8a-f65e-4d6f-8519-2c2840e3e6a5,37.1639077358816,-80.4297458605814,107,12747.37
3c2c524f-a466-48b1-81e4-f3ac7f35d571,37.2263748280628,-80.44147837786,25,2091.28
67b5d761-e302-49aa-abb2-580efabd4eaf,37.2224139481917,-80.4234696707954,137,7271.51
e0c0f9c9-b199-40b3-87ab-7bd1f213e157,37.2189776852114,-80.419269175372,60,3604.76
a632e61e-c94b-4ceb-a95e-33c672af2314,37.2273594343754,-80.4173306046483,24,1062.69
5ace41fb-b4a5-42d0-8d49-1628dcfd98a9,37.214793689243,-80.425207137892,70,4400.07
9231ca1f-b1ee-4245-85f9-3186ecc00751,37.2074931277566,-80.4200508935369,44,3446.29
e0c0f9c9-b199-40b3-87ab-7bd1f213e157,37.2164250822436,-80.4171132049815,43,2743.27
a632e61e-c94b-4ceb-a95e-33c672af2314,37.2321661392514,-80.4237011654293,3,167.48
98e8b74d-b3ea-4ff9-993d-114d2f5de2cf,37.2276744334554,-80.4184417433186,40,2968.76
f06184b6-e86d-4b52-bd0b-2b5ea817c97e,37.208468881483,-80.4191805060681,72,4467.36
fd0937b3-48d6-4b86-9d74-e463b40d55f4,37.2328236230264,-80.4246722488676,14,429.81
c2c639a5-32f8-41e3-8221-8ebd4c904b68,37.2278116239076,-80.4190011631222,27,2635.41
8c645223-1d5a-4351-adb6-43949e7cf524,37.167398251768,-80.4271395562482,133,14400.77
a43aa2ac-7c35-4c0b-a970-437b91e4ba35,37.2293156695136,-80.4380108602519,79,8014.33
67b5d761-e302-49aa-abb2-580efabd4eaf,37.2232958275033,-80.4238942804096,138,7376.46
67b5d761-e302-49aa-abb2-580efabd4eaf,37.2206617482318,-80.4244739773478,65,3563.2
2504249f-e511-4516-8a2e-2c1e088d018d,37.2237683852815,-80.4078982432535,24,2469.96
25434fe2-1283-4de5-baa4-bb1845c06a9e,37.2432710077328,-80.4170499990612,36,1803.97
8c645223-1d5a-4351-adb6-43949e7cf524,37.2313123026339,-80.4248331855865,2,91.1
c9430839-4a0c-471d-83b5-6785322fce8a,37.2171817927747,-80.4532358639448,38,3739.82
bccd5bab-2cf0-4b7a-bbac-6523feb55222,37.2230213590812,-80.4287001201402,120,6361.98
0aa35e38-de23-44ce-b140-77621ff93358,37.2353280194345,-80.420697962667,26,832.23
0aa35e38-de23-44ce-b140-77621ff93358,37.2348001535498,-80.4209913256766,72,7178.03
fd0937b3-48d6-4b86-9d74-e463b40d55f4,37.1627403498385,-80.4271897285508,145,14707.75
7e6c10eb-0e83-4bba-bc4f-756b56fc4ea7,37.239633444272,-80.422467247688,87,4422.65
2504249f-e511-4516-8a2e-2c1e088d018d,37.2234253763888,-80.4075534235157,25,2518.78
a26fa236-5b1f-44ff-93d3-aeaf75cc2973,37.2108025797333,-80.3953711734414,84,4923.69
a43aa2ac-7c35-4c0b-a970-437b91e4ba35,37.2314196664941,-80.4344079157357,82,8410.64
fd0937b3-48d6-4b86-9d74-e463b40d55f4,37.2317538152093,-80.4282401441706,240,27707.21
bccd5bab-2cf0-4b7a-bbac-6523feb55222,37.2240907301494,-80.4308310398899,110,6047.32
fd0937b3-48d6-4b86-9d74-e463b40d55f4,37.1912133211933,-80.4046429264267,84,7759.07
50af930d-67fd-4314-80ca-dcff1602aa9f,37.2370176597123,-80.4072380239403,85,5434.03
da4e0dbe-a20d-4ca9-80cb-7614cd29577c,37.2311176529743,-80.4287118597308,10,586.01
c1bea031-37b2-475c-8beb-85fbb71be7a0,37.2244834908162,-80.4304337489386,70,3593.17
f06184b6-e86d-4b52-bd0b-2b5ea817c97e,37.2250015141932,-80.4301216344523,30,1912.12
7e6c10eb-0e83-4bba-bc4f-756b56fc4ea7,37.2446309645675,-80.421429030575,76,3853.77
7d6b5437-cda5-4b9f-822a-b8f311b72480,37.217332825756,-80.4191248442486,47,2995.05
b8c51a51-84af-4a44-9a35-9f53382c3b05,37.2548486555965,-80.4151004720854,20,1543.5
5ace41fb-b4a5-42d0-8d49-1628dcfd98a9,37.209186,-80.417078,46,3037.25
c36e7bd9-7191-4115-a8f8-5507f1f145cf,37.1713816028526,-80.4170011540898,209,20530.57
0aa35e38-de23-44ce-b140-77621ff93358,37.2415302539784,-80.4183173428963,60,6371.34
67aab091-d5f3-411e-82ad-611d0f153f61,37.2301238381909,-80.4284634954174,18,2083.97
f06184b6-e86d-4b52-bd0b-2b5ea817c97e,37.2274642507124,-80.4262766863534,19,1330.77
b8c51a51-84af-4a44-9a35-9f53382c3b05,37.2559156287984,-80.4120522356752,4,449.14
25434fe2-1283-4de5-baa4-bb1845c06a9e,37.2536028885072,-80.4188011380431,61,4219.94
8c645223-1d5a-4351-adb6-43949e7cf524,37.1584711991333,-80.4191149471811,178,17757.59
a26fa236-5b1f-44ff-93d3-aeaf75cc2973,37.2352410156938,-80.4205572345068,131,9160.85
a26fa236-5b1f-44ff-93d3-aeaf75cc2973,37.2081885435293,-80.3976295054425,70,4525.55
c36e7bd9-7191-4115-a8f8-5507f1f145cf,37.1886234372948,-80.4012730305704,71,8197.76
da4e0dbe-a20d-4ca9-80cb-7614cd29577c,37.2370643031341,-80.4268971786384,23,1473.68
0a3f36d7-c307-4463-b6c5-99406a7cffaf,37.2172079811816,-80.4486531286629,57,4620.53
bccd5bab-2cf0-4b7a-bbac-6523feb55222,37.2240962596951,-80.429328979726,116,6227.41
0aa35e38-de23-44ce-b140-77621ff93358,37.2347717688464,-80.4208772396356,20,745.63
99f7a61c-9121-44a6-ac7a-8cd83a2bec8a,37.1999646127251,-80.4011569135804,47,5436.95
b6d71f6b-4e43-42bc-a74d-ef5ff8fbb8a6,37.2193736631132,-80.4029034137672,99,8223.97
57b3d106-fd5e-4b7b-85f7-bfb555af392b,37.2324252311527,-80.4233900612964,36,3296.1
bccd5bab-2cf0-4b7a-bbac-6523feb55222,37.2240800188661,-80.4181996213021,56,2870.22
c36e7bd9-7191-4115-a8f8-5507f1f145cf,37.2269180200675,-80.4407553186972,50,2476.51
c36e7bd9-7191-4115-a8f8-5507f1f145cf,37.2315644907352,-80.433519948396,245,29525.89
99f7a61c-9121-44a6-ac7a-8cd83a2bec8a,37.2221785928695,-80.4061548659381,30,2713.3
c36e7bd9-7191-4115-a8f8-5507f1f145cf,37.2325182514864,-80.4241363715175,260,30436.56
c36e7bd9-7191-4115-a8f8-5507f1f145cf,37.2324387718846,-80.4239830683998,261,30452.74
c36e7bd9-7191-4115-a8f8-5507f1f145cf,37.1647447059802,-80.4296601447182,116,13685.66
c36e7bd9-7191-4115-a8f8-5507f1f145cf,37.1856051666094,-80.4022949631437,72,8545.14
c36e7bd9-7191-4115-a8f8-5507f1f145cf,37.1633837183204,-80.4239065609044,159,16034.94
f06184b6-e86d-4b52-bd0b-2b5ea817c97e,37.2049702165115,-80.4095641382776,106,6646.93
fd0937b3-48d6-4b86-9d74-e463b40d55f4,37.1971351270849,-80.407162355836,204,21865.67
f06184b6-e86d-4b52-bd0b-2b5ea817c97e,37.2090410083862,-80.4166259134946,78,4717.2
e570e646-82c5-4744-98dc-764a6d346163,37.2302615811027,-80.4284739916629,6,401.54
f06184b6-e86d-4b52-bd0b-2b5ea817c97e,37.1942684258534,-80.4033523157088,124,8271.02
f06184b6-e86d-4b52-bd0b-2b5ea817c97e,37.194739863575,-80.4038122250631,167,10650.87
da4e0dbe-a20d-4ca9-80cb-7614cd29577c,37.2378789150981,-80.4266262242908,26,1567.37
c9430839-4a0c-471d-83b5-6785322fce8a,37.2269392617882,-80.4405366614968,22,1998.83
7172a8d8-0bfc-4398-8da7-f0e7ecaa85d7,37.2368594469239,-80.4268764787592,17,855.37
af234ae3-0762-49b9-89ff-4665d5b32ac7,37.232751685203,-80.4245767761219,12,238
25434fe2-1283-4de5-baa4-bb1845c06a9e,37.2490927427466,-80.4129207380367,38,2546.87
b8c51a51-84af-4a44-9a35-9f53382c3b05,37.2556131932505,-80.4106958455262,1,277.18
67b5d761-e302-49aa-abb2-580efabd4eaf,37.2331342150005,-80.4250602299211,12,959.14
6c8db17c-cc7e-4357-a5c5-21c8e98984ed,37.2415155032483,-80.3986190604237,68,4495.18
b8c51a51-84af-4a44-9a35-9f53382c3b05,37.2340569454689,-80.4224792606267,41,4344.91
b6d71f6b-4e43-42bc-a74d-ef5ff8fbb8a6,37.2090610043497,-80.3958197096579,64,5627.35
c36e7bd9-7191-4115-a8f8-5507f1f145cf,37.1652418977763,-80.4287866734663,124,13976.05
f06184b6-e86d-4b52-bd0b-2b5ea817c97e,37.1936019670811,-80.4011434543307,130,8485.4
e7b18590-2011-4d0c-8718-c9514a7b5808,37.1942002659392,-80.4030884917392,21,1132.11
f662dd49-53b2-49fa-8046-c83dde4f3bb4,37.2274059778593,-80.4398567790804,13,854.12
0838e7d7-57d5-427d-b770-e402eac1f11e,37.2374494500235,-80.4209068536054,79,4377.29
5ace41fb-b4a5-42d0-8d49-1628dcfd98a9,37.2267233343723,-80.425725864686,98,6221.08
af234ae3-0762-49b9-89ff-4665d5b32ac7,37.2367340613541,-80.4211328037526,100,4962.68
bccd5bab-2cf0-4b7a-bbac-6523feb55222,37.2242761482858,-80.4307180169891,82,4407.02
e7b18590-2011-4d0c-8718-c9514a7b5808,37.1965771664823,-80.3943245831981,4,32.64
7172a8d8-0bfc-4398-8da7-f0e7ecaa85d7,37.2447434117054,-80.4213903265654,34,2108.45
e708f6e7-1846-4ab0-b148-b3f768db6cb4,37.2410338973869,-80.4352544289222,67,4192.04
7e6c10eb-0e83-4bba-bc4f-756b56fc4ea7,37.2326751106847,-80.4244713067627,109,5501.97
6e506adb-c6e8-48e0-b606-2bd650720397,37.2498515306918,-80.4123505592918,39,2649.83
c9430839-4a0c-471d-83b5-6785322fce8a,37.2127486004967,-80.4441216228957,60,5341.63
c36e7bd9-7191-4115-a8f8-5507f1f145cf,37.1759935537476,-80.4149071066088,76,10114.75
c36e7bd9-7191-4115-a8f8-5507f1f145cf,37.1748218065675,-80.4160785902904,77,10281.22
9231ca1f-b1ee-4245-85f9-3186ecc00751,37.2090832296643,-80.417327089306,50,3764.98
c36e7bd9-7191-4115-a8f8-5507f1f145cf,37.1587581740438,-80.4218458817885,167,16676.74
c2c639a5-32f8-41e3-8221-8ebd4c904b68,37.2208964584823,-80.4229309135772,12,1387.19
7e6c10eb-0e83-4bba-bc4f-756b56fc4ea7,37.2435016777218,-80.4218699289483,81,3986.57
916d6333-dc42-44dd-8071-6054f1ed29d8,37.2172612884571,-80.4482731211577,56,4565.87
916d6333-dc42-44dd-8071-6054f1ed29d8,37.2210376351513,-80.4481074748879,79,6396.76
67b5d761-e302-49aa-abb2-580efabd4eaf,37.2240962596951,-80.429328979726,116,6227.41
67b5d761-e302-49aa-abb2-580efabd4eaf,37.2244521577717,-80.4299336754567,78,4306.32
b6d71f6b-4e43-42bc-a74d-ef5ff8fbb8a6,37.2336780773827,-80.4237627048378,122,10944.76
e570e646-82c5-4744-98dc-764a6d346163,37.2420317593158,-80.4343928041642,26,2152.33
c1bea031-37b2-475c-8beb-85fbb71be7a0,37.2251407398258,-80.4362593847449,53,2525.86
6e506adb-c6e8-48e0-b606-2bd650720397,37.2325690832764,-80.4243069512457,82,7695.08
bccd5bab-2cf0-4b7a-bbac-6523feb55222,37.2211102816256,-80.4227649063846,133,7105.59
641aaf72-1326-4d06-a82a-2f2d84091463,37.227398790951,-80.4174094749176,79,4614.75
916d6333-dc42-44dd-8071-6054f1ed29d8,37.2304113905967,-80.4362674829366,96,8220.41
0aa35e38-de23-44ce-b140-77621ff93358,37.2391216301394,-80.4199548315975,33,1280.68
6e506adb-c6e8-48e0-b606-2bd650720397,37.250350999965,-80.4120653441894,55,5245.8
78bec10c-1fb8-41d6-af99-dd82e113d469,37.2361884012416,-80.4211095707439,29,1620.64
0a3f36d7-c307-4463-b6c5-99406a7cffaf,37.2286324107701,-80.4389915744732,21,1796.26
6e506adb-c6e8-48e0-b606-2bd650720397,37.2490927427466,-80.4129207380367,38,2551.58
641aaf72-1326-4d06-a82a-2f2d84091463,37.226754,-80.425753,5,682.67
6add60f2-c611-432d-b7dc-83ccf50cad6e,37.2305115212671,-80.4286715158881,66,5771.4
edb1129b-9c6e-4d99-8a37-9ca86e8d6c3d,37.2352976512176,-80.4209443211751,22,1811.54
f8939f8a-f65e-4d6f-8519-2c2840e3e6a5,37.1937010679172,-80.4050276986453,71,7479.16
c36e7bd9-7191-4115-a8f8-5507f1f145cf,37.1857215211917,-80.4019432727896,217,22679
c36e7bd9-7191-4115-a8f8-5507f1f145cf,37.1662078610583,-80.424718793064,138,14657.25
98e8b74d-b3ea-4ff9-993d-114d2f5de2cf,37.2322133839459,-80.4234247932663,5,193.87
8edb0ac0-7024-48a5-a3bf-3ff8e8a7044f,37.2322189262055,-80.4236782367778,155,9836.8
da4e0dbe-a20d-4ca9-80cb-7614cd29577c,37.2419575192711,-80.4345302478235,51,2758.19
c36e7bd9-7191-4115-a8f8-5507f1f145cf,37.1636934037386,-80.4126405643521,197,19478.81
af234ae3-0762-49b9-89ff-4665d5b32ac7,37.2444626201135,-80.4126013069955,55,2352.46
67b5d761-e302-49aa-abb2-580efabd4eaf,37.2208593057965,-80.4228787192708,128,7050.44
5ace41fb-b4a5-42d0-8d49-1628dcfd98a9,37.2122383453722,-80.424169667956,61,4089.59
d5bba5d8-b131-4789-abec-efc493310641,37.2337236066969,-80.4235414065642,121,7833.78
3c2c524f-a466-48b1-81e4-f3ac7f35d571,37.2249148142852,-80.4463606386196,64,6261.31
99f7a61c-9121-44a6-ac7a-8cd83a2bec8a,37.2351212879481,-80.4204956463966,122,13520.38
25434fe2-1283-4de5-baa4-bb1845c06a9e,37.2524830551435,-80.4127490766495,68,5045.81
50af930d-67fd-4314-80ca-dcff1602aa9f,37.2342493176727,-80.4215289635483,19,802.09
2504249f-e511-4516-8a2e-2c1e088d018d,37.2108025797333,-80.3953711734414,49,4899.61
da4e0dbe-a20d-4ca9-80cb-7614cd29577c,37.2329939498079,-80.4327868705063,76,3834.54
d9e3b73a-4dff-41e8-8980-71d8aa98e45f,37.2240962596951,-80.429328979726,60,4149.35
0aa35e38-de23-44ce-b140-77621ff93358,37.2357912476642,-80.4210139680366,67,7065.76
8c645223-1d5a-4351-adb6-43949e7cf524,37.1664341886237,-80.423722435737,102,12854.24
67b5d761-e302-49aa-abb2-580efabd4eaf,37.2256695304649,-80.4251768640888,144,7666.31
67b5d761-e302-49aa-abb2-580efabd4eaf,37.2308466575196,-80.4214118977956,32,1724.31
c36e7bd9-7191-4115-a8f8-5507f1f145cf,37.1685195528027,-80.4185050605693,97,12141.75
57b3d106-fd5e-4b7b-85f7-bfb555af392b,37.2320669378995,-80.423893161937,42,3382.24
f06184b6-e86d-4b52-bd0b-2b5ea817c97e,37.2073529651011,-80.4201787589272,68,4308.02
8734192f-6a21-49a5-abcc-f16c770661f5,37.2263368801079,-80.437413331116,46,3161.99
c1bea031-37b2-475c-8beb-85fbb71be7a0,37.2320938118936,-80.4229646289835,4,218.81
50af930d-67fd-4314-80ca-dcff1602aa9f,37.2415021766735,-80.3986102670836,74,4502.31
2504249f-e511-4516-8a2e-2c1e088d018d,37.2321913839464,-80.4236716420069,3,120.51
8909fd06-51cb-4b38-b873-c3b148b909b0,37.2220426632191,-80.4489146440574,37,5180.93
8edb0ac0-7024-48a5-a3bf-3ff8e8a7044f,37.2347622393221,-80.420148699881,28,850.88
c9430839-4a0c-471d-83b5-6785322fce8a,37.2136344568486,-80.4442143178041,62,5441.44
8c645223-1d5a-4351-adb6-43949e7cf524,37.1643014062894,-80.4180133038489,189,18894.53
78bec10c-1fb8-41d6-af99-dd82e113d469,37.2388572333295,-80.4267362806835,68,3989.85
7e6c10eb-0e83-4bba-bc4f-756b56fc4ea7,37.2344413724968,-80.4214323686374,98,5061.8
bccd5bab-2cf0-4b7a-bbac-6523feb55222,37.2319846585337,-80.4226813041925,30,1555.04
7172a8d8-0bfc-4398-8da7-f0e7ecaa85d7,37.2390815263776,-80.4356897906219,58,3842.24
7172a8d8-0bfc-4398-8da7-f0e7ecaa85d7,37.2424817433773,-80.4322529486343,47,3277.31
f06184b6-e86d-4b52-bd0b-2b5ea817c97e,37.2018494397948,-80.4059098197743,176,11469.23
641aaf72-1326-4d06-a82a-2f2d84091463,37.2208271385786,-80.4228189903048,12,1400.22
bccd5bab-2cf0-4b7a-bbac-6523feb55222,37.2235664284495,-80.4313383598375,85,4503.37
9231ca1f-b1ee-4245-85f9-3186ecc00751,37.2049509351225,-80.4144000906465,64,4482.92
b6d71f6b-4e43-42bc-a74d-ef5ff8fbb8a6,37.209058164911,-80.3952813661515,65,5674.99
1dc0fd3b-7e4c-4647-b4f4-48d87fcaa171,37.1909770092825,-80.403585448491,8,1141.78
8edb0ac0-7024-48a5-a3bf-3ff8e8a7044f,37.2267633513667,-80.4111652321318,117,7897.15
c9430839-4a0c-471d-83b5-6785322fce8a,37.2173042736918,-80.4482643431944,68,6036.11
99f7a61c-9121-44a6-ac7a-8cd83a2bec8a,37.1981584904906,-80.4022692524809,55,5665.03
b6d71f6b-4e43-42bc-a74d-ef5ff8fbb8a6,37.2131241316071,-80.3938018128062,86,6744.95
99f7a61c-9121-44a6-ac7a-8cd83a2bec8a,37.2342095720379,-80.4215922070736,16,678.62
8734192f-6a21-49a5-abcc-f16c770661f5,37.2243365666256,-80.4298442744768,69,4108.05
2504249f-e511-4516-8a2e-2c1e088d018d,37.2327108401042,-80.4245344176926,10,283.01
25434fe2-1283-4de5-baa4-bb1845c06a9e,37.2522597274311,-80.4110601544586,42,2937.01
8c645223-1d5a-4351-adb6-43949e7cf524,37.2172087507373,-80.4359916181514,56,3652.35
c2c639a5-32f8-41e3-8221-8ebd4c904b68,37.2276894999945,-80.4186280855471,26,2599.72
7e6c10eb-0e83-4bba-bc4f-756b56fc4ea7,37.2374150607952,-80.4348693885332,32,1917.37
b8c51a51-84af-4a44-9a35-9f53382c3b05,37.2348063051587,-80.4210104028477,39,4188.74
0a3f36d7-c307-4463-b6c5-99406a7cffaf,37.2251265323018,-80.4462253425157,31,2576.61
9231ca1f-b1ee-4245-85f9-3186ecc00751,37.194716748583,-80.4040539786685,98,7310.42
99f7a61c-9121-44a6-ac7a-8cd83a2bec8a,37.2032833234572,-80.399157404132,81,8022.46
d9e3b73a-4dff-41e8-8980-71d8aa98e45f,37.2244115221125,-80.4299593512324,59,4083.48
c9430839-4a0c-471d-83b5-6785322fce8a,37.2153736416753,-80.444709849977,64,5640.53
f83a250c-9d24-4fcf-a339-5447d451fdf5,37.2095951347683,-80.4035623451895,10,1302.99
c36e7bd9-7191-4115-a8f8-5507f1f145cf,37.2273239625902,-80.4408301876617,49,2430.92
8909fd06-51cb-4b38-b873-c3b148b909b0,37.2310942382322,-80.4351782051434,46,6980.9
e7b18590-2011-4d0c-8718-c9514a7b5808,37.2018494397948,-80.4059098197743,33,2039.34
6e506adb-c6e8-48e0-b606-2bd650720397,37.246036365392,-80.4150718697948,58,5794.13
c1bea031-37b2-475c-8beb-85fbb71be7a0,37.2298742898228,-80.4209610423401,118,5276.48
a26fa236-5b1f-44ff-93d3-aeaf75cc2973,37.211663976538,-80.3931694542734,86,5140.79
7e6c10eb-0e83-4bba-bc4f-756b56fc4ea7,37.2330157358924,-80.4248099996972,16,442.59
86a57bd8-fef0-4b5e-b079-990c8f500901,37.2392852448991,-80.422364796541,63,4622.31
0a3f36d7-c307-4463-b6c5-99406a7cffaf,37.2192669513574,-80.4528565936536,39,3492.83
4c65baab-ac20-473b-8a19-0b9cb7567806,37.2253243461444,-80.445132729121,23,2447.31
a43aa2ac-7c35-4c0b-a970-437b91e4ba35,37.231314071133,-80.430488311918,85,8761.13
25434fe2-1283-4de5-baa4-bb1845c06a9e,37.2341279881561,-80.4219304389197,19,623.79
a43aa2ac-7c35-4c0b-a970-437b91e4ba35,37.226283504051,-80.4418343902141,19,2090.17
f8939f8a-f65e-4d6f-8519-2c2840e3e6a5,37.1868475123983,-80.410112516405,177,19767.9
78bec10c-1fb8-41d6-af99-dd82e113d469,37.2372802076069,-80.4209163151848,33,1744.85
67b5d761-e302-49aa-abb2-580efabd4eaf,37.2324668571723,-80.4239943161527,17,1081.52
3f10aa8b-ace6-4ae9-ba94-ffaeea5f0ab2,37.2345793747906,-80.4198097637544,64,7672.19
6c8db17c-cc7e-4357-a5c5-21c8e98984ed,37.2410131371757,-80.3995567050737,45,3749.21
f8939f8a-f65e-4d6f-8519-2c2840e3e6a5,37.2280403385227,-80.4394229151455,29,1987.91
1624ad03-0ebf-4743-8abc-42f34060e035,37.2322158485914,-80.4236232471982,2,49.11
edb1129b-9c6e-4d99-8a37-9ca86e8d6c3d,37.2354197045147,-80.4209157996649,21,1797.74
c1bea031-37b2-475c-8beb-85fbb71be7a0,37.226839432621,-80.4257633021787,20,1162.14
c2c639a5-32f8-41e3-8221-8ebd4c904b68,37.2210582046765,-80.4228604433686,10,1366.4
a632e61e-c94b-4ceb-a95e-33c672af2314,37.2280273921093,-80.419686762862,17,829.55
fd0937b3-48d6-4b86-9d74-e463b40d55f4,37.1659623942584,-80.4285190360241,124,13019.11
0a3f36d7-c307-4463-b6c5-99406a7cffaf,37.2302821679917,-80.4285818483032,95,7730.18
f06184b6-e86d-4b52-bd0b-2b5ea817c97e,37.204997108092,-80.4058118553161,113,7016.34
5ace41fb-b4a5-42d0-8d49-1628dcfd98a9,37.2163263060497,-80.4236207766097,77,4636.5
67b5d761-e302-49aa-abb2-580efabd4eaf,37.224807014357,-80.434600507575,92,4859.01
c36e7bd9-7191-4115-a8f8-5507f1f145cf,37.2152610315755,-80.4342064786886,57,3920.3
8c645223-1d5a-4351-adb6-43949e7cf524,37.1652930373181,-80.4247294886304,141,14762.66
99f7a61c-9121-44a6-ac7a-8cd83a2bec8a,37.2111032730999,-80.3996236860528,37,4109.56
e708f6e7-1846-4ab0-b148-b3f768db6cb4,37.2362283269093,-80.4343349465368,81,4765.06
c36e7bd9-7191-4115-a8f8-5507f1f145cf,37.1752418344068,-80.4152243752267,212,20998.56
e0c0f9c9-b199-40b3-87ab-7bd1f213e157,37.2268338995458,-80.4168259270822,72,4713.94
5ace41fb-b4a5-42d0-8d49-1628dcfd98a9,37.2047080955285,-80.4171818979399,26,2163.47
a43aa2ac-7c35-4c0b-a970-437b91e4ba35,37.2210376351513,-80.4481074748879,63,6387.19
a5d067da-d551-4428-93e8-ae0cd08d0e96,37.209186,-80.417078,46,3037.25
c36e7bd9-7191-4115-a8f8-5507f1f145cf,37.167398251768,-80.4271395562482,133,14400.77
8edb0ac0-7024-48a5-a3bf-3ff8e8a7044f,37.232942757311,-80.4247656193566,15,319.55
e93f9bcf-465f-43b3-90d0-216bddda2c87,37.2352976512176,-80.4209443211751,59,4153.91
1dc0fd3b-7e4c-4647-b4f4-48d87fcaa171,37.1894394405192,-80.4051984839131,5,911.92
2504249f-e511-4516-8a2e-2c1e088d018d,37.2090591845231,-80.3958203872282,43,4691.01
a43aa2ac-7c35-4c0b-a970-437b91e4ba35,37.2245009079278,-80.4473978547691,24,2625.53
fd0937b3-48d6-4b86-9d74-e463b40d55f4,37.2303285013766,-80.4364837193069,228,26926.29
9231ca1f-b1ee-4245-85f9-3186ecc00751,37.209374,-80.416945,55,3888.96
3f10aa8b-ace6-4ae9-ba94-ffaeea5f0ab2,37.2341789140995,-80.4219359826653,75,7969.89
e708f6e7-1846-4ab0-b148-b3f768db6cb4,37.2418169608898,-80.4223166951444,39,2355.22
8909fd06-51cb-4b38-b873-c3b148b909b0,37.2172079811816,-80.4486531286629,32,4592.63
0838e7d7-57d5-427d-b770-e402eac1f11e,37.2405496668115,-80.4355471781606,37,1959.83
98e4504d-d61b-4182-95cb-038c39551a3a,37.2278800473137,-80.4394432171819,50,3677.88
8909fd06-51cb-4b38-b873-c3b148b909b0,37.2277770723826,-80.4394962534995,14,1894.78
0a3f36d7-c307-4463-b6c5-99406a7cffaf,37.2181795856344,-80.453509023201,42,3654.81
e708f6e7-1846-4ab0-b148-b3f768db6cb4,37.2402310325927,-80.4356755298668,70,4290.91
6e506adb-c6e8-48e0-b606-2bd650720397,37.235796924529,-80.4210104028478,28,891.4
8c645223-1d5a-4351-adb6-43949e7cf524,37.1914954211791,-80.4008951010862,222,23336.5
99f7a61c-9121-44a6-ac7a-8cd83a2bec8a,37.2343084057753,-80.419524337025,20,916.15
7d6b5437-cda5-4b9f-822a-b8f311b72480,37.2321744184151,-80.4243915431764,95,5753.43
7d6b5437-cda5-4b9f-822a-b8f311b72480,37.2168968449174,-80.4189852129808,46,2945.05
67b5d761-e302-49aa-abb2-580efabd4eaf,37.2224478964307,-80.4283649923945,122,6432.35
b6d71f6b-4e43-42bc-a74d-ef5ff8fbb8a6,37.2191039528321,-80.402737632489,40,3176.96
7d6b5437-cda5-4b9f-822a-b8f311b72480,37.2315538520775,-80.4220983343284,86,5467.65
f662dd49-53b2-49fa-8046-c83dde4f3bb4,37.2308209145822,-80.4356926385797,19,1388.64
f06184b6-e86d-4b52-bd0b-2b5ea817c97e,37.2126346615644,-80.4250735683749,58,3515.25
f06184b6-e86d-4b52-bd0b-2b5ea817c97e,37.2076840775339,-80.4210265809921,67,4224.45
7172a8d8-0bfc-4398-8da7-f0e7ecaa85d7,37.2331353842943,-80.4251224058776,71,5481.58
fd0937b3-48d6-4b86-9d74-e463b40d55f4,37.2328065917593,-80.4247114659441,248,28078.79
f8939f8a-f65e-4d6f-8519-2c2840e3e6a5,37.1853774966297,-80.4085174485478,174,19547.04
f06184b6-e86d-4b52-bd0b-2b5ea817c97e,37.2300729065617,-80.4210668671021,9,598.22
1dc0fd3b-7e4c-4647-b4f4-48d87fcaa171,37.2253999204906,-80.4401482420638,30,6318.83
0a3f36d7-c307-4463-b6c5-99406a7cffaf,37.2253243461444,-80.445132729121,74,5896.12
fd0937b3-48d6-4b86-9d74-e463b40d55f4,37.1662604910703,-80.4226041059151,171,17021.82
d9e3b73a-4dff-41e8-8980-71d8aa98e45f,37.2303001038693,-80.4262900433699,81,6208.12
da4e0dbe-a20d-4ca9-80cb-7614cd29577c,37.2342457345865,-80.4255851891662,17,1137.57
2504249f-e511-4516-8a2e-2c1e088d018d,37.2096497854575,-80.3957348226973,45,4759.61
f06184b6-e86d-4b52-bd0b-2b5ea817c97e,37.1936076471213,-80.400858239228,131,8510.65
bccd5bab-2cf0-4b7a-bbac-6523feb55222,37.2248603239572,-80.4363565407012,101,5458.41
8c645223-1d5a-4351-adb6-43949e7cf524,37.2227910310859,-80.4394218024774,236,28266.73
e93f9bcf-465f-43b3-90d0-216bddda2c87,37.233391745672,-80.4251182931838,74,4612.35
e7b18590-2011-4d0c-8718-c9514a7b5808,37.1948506226127,-80.40387996365,25,1234.67
2674478c-5212-4ba0-993a-819fef810e02,37.2324122035189,-80.4239050558201,63,3940.39
bccd5bab-2cf0-4b7a-bbac-6523feb55222,37.2233336388882,-80.4321227013703,105,5887.69
009b7c3f-c455-4799-b8cf-815505da3f7e,37.2438424283254,-80.4216626494715,45,2535.02
8c645223-1d5a-4351-adb6-43949e7cf524,37.2317068671557,-80.4331507710202,25,1254.03
8edb0ac0-7024-48a5-a3bf-3ff8e8a7044f,37.2163544215138,-80.4010627822392,56,3521.31
99f7a61c-9121-44a6-ac7a-8cd83a2bec8a,37.2296990293085,-80.414330238958,26,1608.02
e0c0f9c9-b199-40b3-87ab-7bd1f213e157,37.2167304983469,-80.4168458772896,40,2678.64
ab1a571c-16bb-4448-8f67-f16233a2bd20,37.2167788277137,-80.4533697934967,0,0
fd0937b3-48d6-4b86-9d74-e463b40d55f4,37.2280575566589,-80.4394321304303,36,1983.55
50af930d-67fd-4314-80ca-dcff1602aa9f,37.241522044193,-80.3992270447432,77,4559.37
7172a8d8-0bfc-4398-8da7-f0e7ecaa85d7,37.2313208635744,-80.4296758252987,66,5025.55
78bec10c-1fb8-41d6-af99-dd82e113d469,37.2335342694222,-80.4241942267898,14,1102.14
7172a8d8-0bfc-4398-8da7-f0e7ecaa85d7,37.245230361535,-80.4214997840822,35,2163.42
e708f6e7-1846-4ab0-b148-b3f768db6cb4,37.2313095091704,-80.430445906076,90,5537.54
916d6333-dc42-44dd-8071-6054f1ed29d8,37.2288529638602,-80.438570594891,94,7952.51
af234ae3-0762-49b9-89ff-4665d5b32ac7,37.2422658940875,-80.4153571979257,50,2006.22
e0c0f9c9-b199-40b3-87ab-7bd1f213e157,37.2323621105289,-80.4237602446584,92,5662
7172a8d8-0bfc-4398-8da7-f0e7ecaa85d7,37.2313490786855,-80.4248453879119,1,39.55
b6d71f6b-4e43-42bc-a74d-ef5ff8fbb8a6,37.2104381195104,-80.3956877976729,79,6304.58
a26fa236-5b1f-44ff-93d3-aeaf75cc2973,37.2223725749476,-80.4063292089897,110,7248.16
e708f6e7-1846-4ab0-b148-b3f768db6cb4,37.2433846282958,-80.421899475217,43,2535.47
5ace41fb-b4a5-42d0-8d49-1628dcfd98a9,37.2170162200401,-80.4240236429423,84,4748.19
af234ae3-0762-49b9-89ff-4665d5b32ac7,37.2324962155472,-80.4235036542984,7,134.63
3c2c524f-a466-48b1-81e4-f3ac7f35d571,37.2301349231966,-80.4267597144062,4,328.92
ab1a571c-16bb-4448-8f67-f16233a2bd20,37.231553841586,-80.4329507121972,23,3389.05
86a57bd8-fef0-4b5e-b079-990c8f500901,37.2327917438843,-80.4246370054836,9,238.98
9231ca1f-b1ee-4245-85f9-3186ecc00751,37.1939162656345,-80.4027319728604,100,7457.47
f06184b6-e86d-4b52-bd0b-2b5ea817c97e,37.2313183677847,-80.4248960468209,2,91.84
da4e0dbe-a20d-4ca9-80cb-7614cd29577c,37.2315207342956,-80.4288366413374,11,632.14
d5bba5d8-b131-4789-abec-efc493310641,37.2414340594241,-80.3988170480331,55,3861.1
3c2c524f-a466-48b1-81e4-f3ac7f35d571,37.2219300215311,-80.44869332182,32,3168.06
f0de71e0-107d-4bcb-a8d2-8dfcf6d66e3a,37.2474163620124,-80.4175582776998,26,1941.19
641aaf72-1326-4d06-a82a-2f2d84091463,37.2320116160746,-80.4240442912463,48,3682.23
67b5d761-e302-49aa-abb2-580efabd4eaf,37.227629300717,-80.4180251990492,48,2292.31
99f7a61c-9121-44a6-ac7a-8cd83a2bec8a,37.2001477897255,-80.4002687573593,41,5344.26
2674478c-5212-4ba0-993a-819fef810e02,37.2329486893942,-80.4177016273363,38,2932.43
b6d71f6b-4e43-42bc-a74d-ef5ff8fbb8a6,37.2091209503866,-80.4047495530545,52,4687.66
99f7a61c-9121-44a6-ac7a-8cd83a2bec8a,37.2155942697426,-80.4008091913611,35,3599.55
f0de71e0-107d-4bcb-a8d2-8dfcf6d66e3a,37.2321829131884,-80.4236887462626,54,4328.34
e708f6e7-1846-4ab0-b148-b3f768db6cb4,37.2457704775772,-80.4229869506364,50,2949.52
0838e7d7-57d5-427d-b770-e402eac1f11e,37.2311676100434,-80.4287833689821,99,5516.89
2504249f-e511-4516-8a2e-2c1e088d018d,37.227610929466,-80.4120825476696,21,1904.64
8734192f-6a21-49a5-abcc-f16c770661f5,37.2210034626668,-80.4226075648128,84,5017.18
1624ad03-0ebf-4743-8abc-42f34060e035,37.24579898988,-80.4228449119833,34,2050.38
916d6333-dc42-44dd-8071-6054f1ed29d8,37.214785526457,-80.453232298756,48,3957.66
f8939f8a-f65e-4d6f-8519-2c2840e3e6a5,37.1646526544581,-80.4288256422594,111,12869.95
2504249f-e511-4516-8a2e-2c1e088d018d,37.2342310231506,-80.4215165876196,13,680.22
b6d71f6b-4e43-42bc-a74d-ef5ff8fbb8a6,37.2327697480566,-80.4247074798656,126,11144.77
da4e0dbe-a20d-4ca9-80cb-7614cd29577c,37.2333288965245,-80.4250325849047,15,1024.48
a26fa236-5b1f-44ff-93d3-aeaf75cc2973,37.2322131752903,-80.4167396547584,125,8679.85
641aaf72-1326-4d06-a82a-2f2d84091463,37.2322977189284,-80.42374552361,41,3346.11
7172a8d8-0bfc-4398-8da7-f0e7ecaa85d7,37.2440402372981,-80.4276929069908,40,2828.19
c36e7bd9-7191-4115-a8f8-5507f1f145cf,37.2314741027237,-80.4251504873882,1,57.76
0aa35e38-de23-44ce-b140-77621ff93358,37.2403058254901,-80.4191971075056,34,1428.36
0838e7d7-57d5-427d-b770-e402eac1f11e,37.2396563621681,-80.4354707598816,30,1856.55
5ace41fb-b4a5-42d0-8d49-1628dcfd98a9,37.230322978165,-80.4263447717519,101,6726.56
e93f9bcf-465f-43b3-90d0-216bddda2c87,37.2349655517113,-80.4209550167415,62,4191.49
7e6c10eb-0e83-4bba-bc4f-756b56fc4ea7,37.2413886759364,-80.434962083442,50,2393.3
da4e0dbe-a20d-4ca9-80cb-7614cd29577c,37.2394286403841,-80.4354999791723,61,3067.76
7e6c10eb-0e83-4bba-bc4f-756b56fc4ea7,37.2320846900139,-80.4238331379704,4,230.17
916d6333-dc42-44dd-8071-6054f1ed29d8,37.2226530019608,-80.4499471123003,83,6646.7
7172a8d8-0bfc-4398-8da7-f0e7ecaa85d7,37.2393763498772,-80.4355628177519,57,3807.61
7172a8d8-0bfc-4398-8da7-f0e7ecaa85d7,37.2418207933204,-80.4222916459832,27,1770.56
a43aa2ac-7c35-4c0b-a970-437b91e4ba35,37.2312062042161,-80.4349554934642,81,8356.7
7e6c10eb-0e83-4bba-bc4f-756b56fc4ea7,37.2333450054628,-80.4250417369681,18,484.84
a26fa236-5b1f-44ff-93d3-aeaf75cc2973,37.2122790392882,-80.3933390158347,88,5210.81
7d6b5437-cda5-4b9f-822a-b8f311b72480,37.2320726191072,-80.4240119649535,94,5717.99
f0de71e0-107d-4bcb-a8d2-8dfcf6d66e3a,37.2481886665296,-80.4173157362424,23,1850.02
98e8b74d-b3ea-4ff9-993d-114d2f5de2cf,37.2290838352555,-80.4219836722113,15,679.57
6add60f2-c611-432d-b7dc-83ccf50cad6e,37.243912521706,-80.4215893037929,28,2599.56
f06184b6-e86d-4b52-bd0b-2b5ea817c97e,37.2054635418887,-80.4151715286636,85,5253.8
8734192f-6a21-49a5-abcc-f16c770661f5,37.2208501570956,-80.4227929546295,81,4990.1
641aaf72-1326-4d06-a82a-2f2d84091463,37.2276769877852,-80.417847993138,23,2532.11
a43aa2ac-7c35-4c0b-a970-437b91e4ba35,37.219683027489,-80.4526226514739,29,3367.51
7d6b5437-cda5-4b9f-822a-b8f311b72480,37.2174317735317,-80.4175111781462,37,2570.4
9231ca1f-b1ee-4245-85f9-3186ecc00751,37.2074962812238,-80.4204737513825,42,3396.46
0a3f36d7-c307-4463-b6c5-99406a7cffaf,37.2249148142852,-80.4463606386196,72,5778
67b5d761-e302-49aa-abb2-580efabd4eaf,37.2262718446694,-80.437588135776,99,5249.81
0838e7d7-57d5-427d-b770-e402eac1f11e,37.2397776579576,-80.4354687440074,31,1870.03
f8939f8a-f65e-4d6f-8519-2c2840e3e6a5,37.2197506493133,-80.438058276585,59,3330.75
d9e3b73a-4dff-41e8-8980-71d8aa98e45f,37.2267215933591,-80.4256549101774,78,5699.57
3f10aa8b-ace6-4ae9-ba94-ffaeea5f0ab2,37.232178124475,-80.4237007434246,83,8453.89
f8939f8a-f65e-4d6f-8519-2c2840e3e6a5,37.162334,-80.420922,143,15409.2
da4e0dbe-a20d-4ca9-80cb-7614cd29577c,37.2299765237457,-80.4283054282092,6,452.69
312be01d-4ee2-41b0-87d1-4ac8e4899530,37.224595867961,-80.430319215033,21,889.54
6e506adb-c6e8-48e0-b606-2bd650720397,37.231579,-80.424478,90,8028.7
50af930d-67fd-4314-80ca-dcff1602aa9f,37.2350761784792,-80.4209889570796,114,7543.38
da4e0dbe-a20d-4ca9-80cb-7614cd29577c,37.2313866702128,-80.4291536685801,85,4334.08
c36e7bd9-7191-4115-a8f8-5507f1f145cf,37.226773242835,-80.4417999190109,39,2254.16
1624ad03-0ebf-4743-8abc-42f34060e035,37.2335604991508,-80.424573683357,74,4560.72
8edb0ac0-7024-48a5-a3bf-3ff8e8a7044f,37.2325056209254,-80.4235998026246,10,196.22
da4e0dbe-a20d-4ca9-80cb-7614cd29577c,37.2332891571614,-80.4328617394714,74,3800.67
8c645223-1d5a-4351-adb6-43949e7cf524,37.1683048856176,-80.4180597419302,96,12095.66
916d6333-dc42-44dd-8071-6054f1ed29d8,37.2326304713514,-80.4244265214786,114,9383.25
99f7a61c-9121-44a6-ac7a-8cd83a2bec8a,37.2237683852815,-80.4078982432535,29,2478.77
c9430839-4a0c-471d-83b5-6785322fce8a,37.2306244180459,-80.4286468101527,8,638.24
3f10aa8b-ace6-4ae9-ba94-ffaeea5f0ab2,37.232152577354,-80.4242925647627,85,8512.65
916d6333-dc42-44dd-8071-6054f1ed29d8,37.2162391947265,-80.4535567309353,47,3793.6
d5bba5d8-b131-4789-abec-efc493310641,37.241522044193,-80.3992234795544,53,3823.57
9231ca1f-b1ee-4245-85f9-3186ecc00751,37.194583664656,-80.403698139022,141,9749.81
6c8db17c-cc7e-4357-a5c5-21c8e98984ed,37.2339302142817,-80.4190482448964,93,7273.84
009b7c3f-c455-4799-b8cf-815505da3f7e,37.2395228276437,-80.4224616868796,39,2044.82
a26fa236-5b1f-44ff-93d3-aeaf75cc2973,37.2349098396814,-80.4207868686735,25,790.64
2504249f-e511-4516-8a2e-2c1e088d018d,37.2292874729444,-80.4138673728518,70,8237.86
e708f6e7-1846-4ab0-b148-b3f768db6cb4,37.2307840483991,-80.4275789137879,2,141.29
d5bba5d8-b131-4789-abec-efc493310641,37.2340231026848,-80.4220442529595,18,750.03
78bec10c-1fb8-41d6-af99-dd82e113d469,37.245230361535,-80.4214997840822,50,2686.31
7d6b5437-cda5-4b9f-822a-b8f311b72480,37.2257532073916,-80.4157022630158,71,4563.21
916d6333-dc42-44dd-8071-6054f1ed29d8,37.2331527630158,-80.4252964275418,109,9281.54
c36e7bd9-7191-4115-a8f8-5507f1f145cf,37.1914954211791,-80.4008951010862,221,23337.38
6e506adb-c6e8-48e0-b606-2bd650720397,37.2463125825431,-80.4148996692724,57,5759.86
b6d71f6b-4e43-42bc-a74d-ef5ff8fbb8a6,37.2333099284183,-80.4249642048586,16,367.78
af234ae3-0762-49b9-89ff-4665d5b32ac7,37.2462931762237,-80.4148331151738,60,2690.03
3c2c524f-a466-48b1-81e4-f3ac7f35d571,37.2304958645206,-80.4286543913176,87,8168.49
9231ca1f-b1ee-4245-85f9-3186ecc00751,37.1948839680015,-80.3934071385427,126,8788.96
d5bba5d8-b131-4789-abec-efc493310641,37.2406450301322,-80.4001326026942,80,4686.67
d5bba5d8-b131-4789-abec-efc493310641,37.231247,-80.411105,35,2112.48
d5bba5d8-b131-4789-abec-efc493310641,37.2329486893942,-80.4177016273363,103,7123.72
1624ad03-0ebf-4743-8abc-42f34060e035,37.246036365392,-80.4150718697948,45,2825.17
009b7c3f-c455-4799-b8cf-815505da3f7e,37.2447244110253,-80.4214155985417,48,2636.15
bccd5bab-2cf0-4b7a-bbac-6523feb55222,37.2257582327339,-80.4157770900103,53,2586.09
8909fd06-51cb-4b38-b873-c3b148b909b0,37.2194109631405,-80.4526450929558,22,3463.75
e0c0f9c9-b199-40b3-87ab-7bd1f213e157,37.2186355523342,-80.4192509902725,59,3566.71
009b7c3f-c455-4799-b8cf-815505da3f7e,37.2423738087639,-80.4222440971282,42,2362.29
2504249f-e511-4516-8a2e-2c1e088d018d,37.2329160082684,-80.4177063023703,16,1131.34
6e506adb-c6e8-48e0-b606-2bd650720397,37.2349449153705,-80.4206312416096,22,776.54
c9430839-4a0c-471d-83b5-6785322fce8a,37.216242033895,-80.4497598048806,46,4440.41
7172a8d8-0bfc-4398-8da7-f0e7ecaa85d7,37.2327202807774,-80.4245312578836,12,348.52
6e506adb-c6e8-48e0-b606-2bd650720397,37.2419191743087,-80.4180316876192,35,1635.17
312be01d-4ee2-41b0-87d1-4ac8e4899530,37.2232984434013,-80.4316277100754,15,702.65
86a57bd8-fef0-4b5e-b079-990c8f500901,37.2392187631169,-80.4163146523744,26,1622.65
8c645223-1d5a-4351-adb6-43949e7cf524,37.1659209144311,-80.4245975766453,139,14690.89
f8939f8a-f65e-4d6f-8519-2c2840e3e6a5,37.1977497182708,-80.4093675713474,67,6879.7
b6d71f6b-4e43-42bc-a74d-ef5ff8fbb8a6,37.2200947784973,-80.4037465809149,38,3035.21
c9430839-4a0c-471d-83b5-6785322fce8a,37.219683027489,-80.4526226514739,34,3412.48
c1bea031-37b2-475c-8beb-85fbb71be7a0,37.2233625221601,-80.4320347860947,47,2064.49
3f10aa8b-ace6-4ae9-ba94-ffaeea5f0ab2,37.197398164855,-80.4003667682046,21,1530.37
8edb0ac0-7024-48a5-a3bf-3ff8e8a7044f,37.2231908189889,-80.4072483847783,111,7370.15
7172a8d8-0bfc-4398-8da7-f0e7ecaa85d7,37.2429901248923,-80.4296983256818,45,3044.21
b6d71f6b-4e43-42bc-a74d-ef5ff8fbb8a6,37.2348534168213,-80.4207810529237,23,785.9
a26fa236-5b1f-44ff-93d3-aeaf75cc2973,37.2106162525591,-80.3956436952897,82,4891.32
bccd5bab-2cf0-4b7a-bbac-6523feb55222,37.2237992172918,-80.4289033358981,76,4188.93
e0c0f9c9-b199-40b3-87ab-7bd1f213e157,37.2194185868686,-80.4195125694847,27,2183.7
a632e61e-c94b-4ceb-a95e-33c672af2314,37.231327,-80.425043,0,0
8edb0ac0-7024-48a5-a3bf-3ff8e8a7044f,37.2322529152206,-80.4168893926873,31,1252.06
af234ae3-0762-49b9-89ff-4665d5b32ac7,37.2328879353322,-80.4247514703723,117,5647.71
e7b18590-2011-4d0c-8718-c9514a7b5808,37.1952311780679,-80.4039940496894,28,1278.19
fd0937b3-48d6-4b86-9d74-e463b40d55f4,37.2326050548051,-80.4266544938309,18,665.56
c9430839-4a0c-471d-83b5-6785322fce8a,37.212833779444,-80.444082405819,61,5351.71
99f7a61c-9121-44a6-ac7a-8cd83a2bec8a,37.2352660491522,-80.4209234690506,126,13571.26
7d6b5437-cda5-4b9f-822a-b8f311b72480,37.2300729065617,-80.4210668671021,6,526.32
f8939f8a-f65e-4d6f-8519-2c2840e3e6a5,37.1660917798336,-80.4285486297934,116,13036.35
7172a8d8-0bfc-4398-8da7-f0e7ecaa85d7,37.2421184553908,-80.434206672088,49,3454.81
c1bea031-37b2-475c-8beb-85fbb71be7a0,37.2268709327577,-80.4258738724841,92,4270.98
86a57bd8-fef0-4b5e-b079-990c8f500901,37.2453121689148,-80.4128751404807,34,2471.4
8734192f-6a21-49a5-abcc-f16c770661f5,37.2233200422561,-80.431638188002,32,2476.72
78bec10c-1fb8-41d6-af99-dd82e113d469,37.2332117431349,-80.4253203120675,11,995.22
f06184b6-e86d-4b52-bd0b-2b5ea817c97e,37.2039905507285,-80.4124822452972,92,5703.27
e0c0f9c9-b199-40b3-87ab-7bd1f213e157,37.2269039414478,-80.4169513091131,18,1118.19
e0c0f9c9-b199-40b3-87ab-7bd1f213e157,37.2277633902427,-80.4189576817489,13,903.59
8734192f-6a21-49a5-abcc-f16c770661f5,37.2240907301494,-80.4308310398899,63,3978.83
e0c0f9c9-b199-40b3-87ab-7bd1f213e157,37.2280386204114,-80.4194184537742,12,852.63
0aa35e38-de23-44ce-b140-77621ff93358,37.2527449917715,-80.4109460684174,43,2996.58
6e506adb-c6e8-48e0-b606-2bd650720397,37.254792437243,-80.4133928068514,52,4737.62
641aaf72-1326-4d06-a82a-2f2d84091463,37.2223336829146,-80.4234779133486,88,5817.87
8734192f-6a21-49a5-abcc-f16c770661f5,37.2245721919458,-80.4300831421254,24,2258.63
99f7a61c-9121-44a6-ac7a-8cd83a2bec8a,37.1986355835826,-80.4018984728474,53,5602.67
98e4504d-d61b-4182-95cb-038c39551a3a,37.2250823057741,-80.4460932494609,42,2993.24
641aaf72-1326-4d06-a82a-2f2d84091463,37.2231262757257,-80.4194773983644,17,1797.39
8c645223-1d5a-4351-adb6-43949e7cf524,37.1623098394997,-80.4269969486972,146,15225.06
8c645223-1d5a-4351-adb6-43949e7cf524,37.2133300534584,-80.4324143111176,58,4187.12
e7b18590-2011-4d0c-8718-c9514a7b5808,37.193784953072,-80.3987321041222,14,733.35
e570e646-82c5-4744-98dc-764a6d346163,37.231155747612,-80.428719989689,9,503.78
7d6b5437-cda5-4b9f-822a-b8f311b72480,37.2164568334139,-80.4167785147546,41,2709.63
e708f6e7-1846-4ab0-b148-b3f768db6cb4,37.2300577739465,-80.4267899947462,3,247.99
98e8b74d-b3ea-4ff9-993d-114d2f5de2cf,37.2272828258614,-80.4243890383467,18,972.84
e0c0f9c9-b199-40b3-87ab-7bd1f213e157,37.2225622056543,-80.4202772868298,20,1812.45
2504249f-e511-4516-8a2e-2c1e088d018d,37.2325093028941,-80.4235076433229,7,186.42
a632e61e-c94b-4ceb-a95e-33c672af2314,37.2280360673401,-80.4198302243998,16,816.82
2674478c-5212-4ba0-993a-819fef810e02,37.2334127512608,-80.418262471815,39,3003.99
916d6333-dc42-44dd-8071-6054f1ed29d8,37.212833779444,-80.444082405819,68,5296.97
57b3d106-fd5e-4b7b-85f7-bfb555af392b,37.2211935430622,-80.4222780278211,17,1468.98
f06184b6-e86d-4b52-bd0b-2b5ea817c97e,37.2236741145842,-80.4289125901249,35,2111.84
7d6b5437-cda5-4b9f-822a-b8f311b72480,37.2220985076216,-80.4197874167987,21,1879.78
e570e646-82c5-4744-98dc-764a6d346163,37.2310620735226,-80.4272511319076,1,9.15
a26fa236-5b1f-44ff-93d3-aeaf75cc2973,37.210528231725,-80.3956757819888,81,4881.14
da4e0dbe-a20d-4ca9-80cb-7614cd29577c,37.2392214445262,-80.4355962392695,62,3092.31
7e6c10eb-0e83-4bba-bc4f-756b56fc4ea7,37.2429280855581,-80.4298179197843,60,2899.73
8edb0ac0-7024-48a5-a3bf-3ff8e8a7044f,37.2141888562377,-80.4003778035181,98,6171.05
a26fa236-5b1f-44ff-93d3-aeaf75cc2973,37.2324488497803,-80.4237103234769,11,207.86
a5d067da-d551-4428-93e8-ae0cd08d0e96,37.2090468832674,-80.4174207655887,48,3075.09
78bec10c-1fb8-41d6-af99-dd82e113d469,37.2367180328626,-80.4211207201032,31,1679.66
bccd5bab-2cf0-4b7a-bbac-6523feb55222,37.2275521441922,-80.417700579856,49,2322.28
f83a250c-9d24-4fcf-a339-5447d451fdf5,37.2101658557313,-80.4015301875827,12,1494.04
86a57bd8-fef0-4b5e-b079-990c8f500901,37.2469215249926,-80.4174911646769,39,2929.87
d5bba5d8-b131-4789-abec-efc493310641,37.241522044193,-80.3992270447432,77,4559.37
6e506adb-c6e8-48e0-b606-2bd650720397,37.2324668952704,-80.4238969545356,10,201.51
86a57bd8-fef0-4b5e-b079-990c8f500901,37.2345076648144,-80.4213143305314,70,5208.97
d5bba5d8-b131-4789-abec-efc493310641,37.2400830545928,-80.3985425284964,69,4311.57
fd0937b3-48d6-4b86-9d74-e463b40d55f4,37.2315481332614,-80.4340051166548,231,27186.65
f8939f8a-f65e-4d6f-8519-2c2840e3e6a5,37.1875207551748,-80.4096897062268,83,8779.94
fd0937b3-48d6-4b86-9d74-e463b40d55f4,37.2229037726803,-80.4397846487137,65,2945.45
3f10aa8b-ace6-4ae9-ba94-ffaeea5f0ab2,37.2327704428413,-80.424701051693,80,8339.6
99f7a61c-9121-44a6-ac7a-8cd83a2bec8a,37.199743109493,-80.4014349983056,49,5471.94
916d6333-dc42-44dd-8071-6054f1ed29d8,37.2317590310089,-80.4283731854622,16,643.88
af234ae3-0762-49b9-89ff-4665d5b32ac7,37.2478739462632,-80.4175034415722,67,3051.77
7172a8d8-0bfc-4398-8da7-f0e7ecaa85d7,37.2417945729123,-80.4347562193158,51,3516.63
f83a250c-9d24-4fcf-a339-5447d451fdf5,37.2223725749476,-80.4063292089897,53,5173.25
d9e3b73a-4dff-41e8-8980-71d8aa98e45f,37.2293272281841,-80.4277175808311,80,6041.87
bccd5bab-2cf0-4b7a-bbac-6523feb55222,37.2211930768087,-80.427202740851,123,6605.61
d5bba5d8-b131-4789-abec-efc493310641,37.2398134183769,-80.3985603544403,62,4101.67
86a57bd8-fef0-4b5e-b079-990c8f500901,37.2349561434485,-80.4209185945764,69,5148.07
c9430839-4a0c-471d-83b5-6785322fce8a,37.2196031939747,-80.4481220512463,70,6291.98
bccd5bab-2cf0-4b7a-bbac-6523feb55222,37.2209499360533,-80.4226204515674,131,7081.25
009b7c3f-c455-4799-b8cf-815505da3f7e,37.2321465088948,-80.4275799155233,78,4903.8
1624ad03-0ebf-4743-8abc-42f34060e035,37.2427697411681,-80.4281238733107,28,1393.28
99f7a61c-9121-44a6-ac7a-8cd83a2bec8a,37.233505622727,-80.4247081820706,134,13989.15
2674478c-5212-4ba0-993a-819fef810e02,37.2323185309904,-80.42375888308,64,3956.99
e0c0f9c9-b199-40b3-87ab-7bd1f213e157,37.2194242649661,-80.4194983087296,61,3658.37
f8939f8a-f65e-4d6f-8519-2c2840e3e6a5,37.2268576566382,-80.4418247685003,38,2283.61
7a7f8de7-b6e6-4d4f-b306-26500b9c1da1,37.221426575489,-80.4482607780056,30,2686.54
c9430839-4a0c-471d-83b5-6785322fce8a,37.2266553846798,-80.4410037012275,23,2050.82
8c645223-1d5a-4351-adb6-43949e7cf524,37.2273239625902,-80.4408301876617,49,2430.92
e708f6e7-1846-4ab0-b148-b3f768db6cb4,37.2393763498772,-80.4355628177519,75,4389.48
6e506adb-c6e8-48e0-b606-2bd650720397,37.231995605576,-80.4240207186136,1,61.48
67b5d761-e302-49aa-abb2-580efabd4eaf,37.2320386649346,-80.4240233865282,21,1155.75
916d6333-dc42-44dd-8071-6054f1ed29d8,37.2330988308919,-80.4255174692464,108,9261.09
2674478c-5212-4ba0-993a-819fef810e02,37.23114,-80.411262,29,2098.45
da4e0dbe-a20d-4ca9-80cb-7614cd29577c,37.2428004600449,-80.4303946288348,45,2379.52
8c645223-1d5a-4351-adb6-43949e7cf524,37.1624006717819,-80.4207977162889,185,18423.83
f8939f8a-f65e-4d6f-8519-2c2840e3e6a5,37.1611303576512,-80.4270614593862,131,14365.21
c1bea031-37b2-475c-8beb-85fbb71be7a0,37.231327,-80.425043,132,5906.44
f83a250c-9d24-4fcf-a339-5447d451fdf5,37.215795852159,-80.4008377128714,48,4280.85
bccd5bab-2cf0-4b7a-bbac-6523feb55222,37.2232958275033,-80.4238942804096,138,7376.46
3c2c524f-a466-48b1-81e4-f3ac7f35d571,37.2316201442432,-80.4318462141702,14,1001.64
641aaf72-1326-4d06-a82a-2f2d84091463,37.2303425156263,-80.4263937506486,96,6850.01
3c2c524f-a466-48b1-81e4-f3ac7f35d571,37.229738,-80.427082,0,0
a5d067da-d551-4428-93e8-ae0cd08d0e96,37.210662646167,-80.4285377394758,73,4694.29
d5bba5d8-b131-4789-abec-efc493310641,37.2318913597576,-80.4164326458138,29,1420.23
a5d067da-d551-4428-93e8-ae0cd08d0e96,37.2076072738894,-80.4200019622682,53,3369.89
2674478c-5212-4ba0-993a-819fef810e02,37.2337236066969,-80.4235414065642,57,3642.75
f8939f8a-f65e-4d6f-8519-2c2840e3e6a5,37.2325179472775,-80.4240667072476,12,371.83
7a7f8de7-b6e6-4d4f-b306-26500b9c1da1,37.2314196664941,-80.4344079157357,48,4664.69
bccd5bab-2cf0-4b7a-bbac-6523feb55222,37.2209202458952,-80.4229284023836,64,3423.45
67b5d761-e302-49aa-abb2-580efabd4eaf,37.2210196515614,-80.4226160741487,132,7089.01
f06184b6-e86d-4b52-bd0b-2b5ea817c97e,37.1965771664823,-80.3943245831981,148,9462.53
f8939f8a-f65e-4d6f-8519-2c2840e3e6a5,37.2265936506765,-80.4414468584892,35,2236.5
67b5d761-e302-49aa-abb2-580efabd4eaf,37.2288097857035,-80.4200504352096,40,2026.47
7172a8d8-0bfc-4398-8da7-f0e7ecaa85d7,37.2418201483978,-80.4248661177647,25,1541.72
312be01d-4ee2-41b0-87d1-4ac8e4899530,37.2243432095359,-80.4298593056799,24,945.22
a26fa236-5b1f-44ff-93d3-aeaf75cc2973,37.2322018948017,-80.4234322387518,4,141.3
67b5d761-e302-49aa-abb2-580efabd4eaf,37.2233194443796,-80.431534445221,108,5941.14
6c8db17c-cc7e-4357-a5c5-21c8e98984ed,37.2336362012235,-80.4082700264613,36,2482.35
86a57bd8-fef0-4b5e-b079-990c8f500901,37.231734,-80.424266,0,0
7e6c10eb-0e83-4bba-bc4f-756b56fc4ea7,37.2313523348716,-80.424863477529,2,107.49
86a57bd8-fef0-4b5e-b079-990c8f500901,37.2476068813292,-80.417575995024,49,3350.88
e708f6e7-1846-4ab0-b148-b3f768db6cb4,37.2347992500543,-80.4258919016058,14,1191.34
9231ca1f-b1ee-4245-85f9-3186ecc00751,37.194739863575,-80.4038122250631,142,9769.89
9231ca1f-b1ee-4245-85f9-3186ecc00751,37.1938279932364,-80.4020534476024,136,9579.77
e0c0f9c9-b199-40b3-87ab-7bd1f213e157,37.2220985076216,-80.4197874167987,21,1879.78
50af930d-67fd-4314-80ca-dcff1602aa9f,37.2319169069671,-80.4163542116606,100,6958.31
8734192f-6a21-49a5-abcc-f16c770661f5,37.2223336829146,-80.4234779133486,86,5186.75
67b5d761-e302-49aa-abb2-580efabd4eaf,37.2214510154184,-80.4219090955526,59,3310.33
78bec10c-1fb8-41d6-af99-dd82e113d469,37.2438103490764,-80.428044078086,57,3386.23
b8c51a51-84af-4a44-9a35-9f53382c3b05,37.2534817163972,-80.4188403617183,14,1173.11
7172a8d8-0bfc-4398-8da7-f0e7ecaa85d7,37.2331347076618,-80.4328024958622,63,4552.78
7172a8d8-0bfc-4398-8da7-f0e7ecaa85d7,37.232517780454,-80.4234480880677,8,246.5
f83a250c-9d24-4fcf-a339-5447d451fdf5,37.2321424267272,-80.4243153090995,78,7817.15
8edb0ac0-7024-48a5-a3bf-3ff8e8a7044f,37.2344216220056,-80.4214571241646,141,9307.67
67b5d761-e302-49aa-abb2-580efabd4eaf,37.2244095748689,-80.4300121096103,115,6157.66
6c8db17c-cc7e-4357-a5c5-21c8e98984ed,37.2293152712807,-80.4139439183583,29,1765.83
c9430839-4a0c-471d-83b5-6785322fce8a,37.23147032415,-80.4295131510267,11,806.05
312be01d-4ee2-41b0-87d1-4ac8e4899530,37.2208700300576,-80.4226824337772,38,1840.83
67b5d761-e302-49aa-abb2-580efabd4eaf,37.2331766479575,-80.4252734126748,11,939.7
67b5d761-e302-49aa-abb2-580efabd4eaf,37.2242160383998,-80.4243232674421,139,7485.53
7d6b5437-cda5-4b9f-822a-b8f311b72480,37.219176419529,-80.4194046525458,28,2212.25
c2c639a5-32f8-41e3-8221-8ebd4c904b68,37.231327,-80.425043,46,3565.1
2504249f-e511-4516-8a2e-2c1e088d018d,37.2267633513667,-80.4111652321318,69,7869.31
916d6333-dc42-44dd-8071-6054f1ed29d8,37.2323040372238,-80.4237455704209,117,9456.32
bccd5bab-2cf0-4b7a-bbac-6523feb55222,37.2210196515614,-80.4226160741487,132,7089.01
67b5d761-e302-49aa-abb2-580efabd4eaf,37.2233762223985,-80.4315237496543,86,4530.12
5ace41fb-b4a5-42d0-8d49-1628dcfd98a9,37.2173725465454,-80.4243424450611,85,4796.81
7e6c10eb-0e83-4bba-bc4f-756b56fc4ea7,37.2386997003353,-80.4219808722055,89,4535.79
1624ad03-0ebf-4743-8abc-42f34060e035,37.238024606587,-80.4266053692463,21,843.79
d9e3b73a-4dff-41e8-8980-71d8aa98e45f,37.2264390764217,-80.4371209856355,39,3123.15
67b5d761-e302-49aa-abb2-580efabd4eaf,37.2295196109159,-80.4212713909807,36,1884.8
fd0937b3-48d6-4b86-9d74-e463b40d55f4,37.187523494647,-80.4096918241285,187,19849.11
641aaf72-1326-4d06-a82a-2f2d84091463,37.2274122449711,-80.4173534038326,21,2479.27
c9430839-4a0c-471d-83b5-6785322fce8a,37.2314021978353,-80.4288108088363,9,725.88
8edb0ac0-7024-48a5-a3bf-3ff8e8a7044f,37.2175497001511,-80.4015761694241,54,3380.83
bccd5bab-2cf0-4b7a-bbac-6523feb55222,37.2203376603573,-80.4264459178194,68,3742.41
8c645223-1d5a-4351-adb6-43949e7cf524,37.226974795377,-80.4418391360875,40,2276.82
d5bba5d8-b131-4789-abec-efc493310641,37.2373100129349,-80.4068244620414,84,5385.1
f8939f8a-f65e-4d6f-8519-2c2840e3e6a5,37.1632855243649,-80.4275390087241,127,14069.37
f8939f8a-f65e-4d6f-8519-2c2840e3e6a5,37.2197426131521,-80.4378694783045,205,25601.29
86a57bd8-fef0-4b5e-b079-990c8f500901,37.2449406829441,-80.4122314102788,33,2401.07
7e6c10eb-0e83-4bba-bc4f-756b56fc4ea7,37.2323515153124,-80.4237653993834,111,5574.11
fd0937b3-48d6-4b86-9d74-e463b40d55f4,37.1616095255768,-80.427334031361,138,14303.65
f8939f8a-f65e-4d6f-8519-2c2840e3e6a5,37.1659510300194,-80.4285119056465,115,13020.38
c36e7bd9-7191-4115-a8f8-5507f1f145cf,37.2089468187829,-80.4264346994205,228,26328.7
c36e7bd9-7191-4115-a8f8-5507f1f145cf,37.1679631692488,-80.4177078852276,95,12046.54
67b5d761-e302-49aa-abb2-580efabd4eaf,37.2253837140941,-80.4250674286212,142,7632.26
f8939f8a-f65e-4d6f-8519-2c2840e3e6a5,37.231893,-80.424764,238,28317.72
4c65baab-ac20-473b-8a19-0b9cb7567806,37.2220426632191,-80.4489146440574,19,1746
b6d71f6b-4e43-42bc-a74d-ef5ff8fbb8a6,37.2347994859139,-80.4210163553833,117,10666.47
bccd5bab-2cf0-4b7a-bbac-6523feb55222,37.2296932084564,-80.4211647996038,35,1863.33
bccd5bab-2cf0-4b7a-bbac-6523feb55222,37.2288097857035,-80.4200504352096,40,2026.47
a632e61e-c94b-4ceb-a95e-33c672af2314,37.2314612407363,-80.4220442725446,6,344.8
8edb0ac0-7024-48a5-a3bf-3ff8e8a7044f,37.2336750970043,-80.4237352797973,146,9526.43
7e6c10eb-0e83-4bba-bc4f-756b56fc4ea7,37.2327176889203,-80.4244534808188,14,396.21
50af930d-67fd-4314-80ca-dcff1602aa9f,37.2325725440569,-80.4172856100873,27,1313.35
f8939f8a-f65e-4d6f-8519-2c2840e3e6a5,37.1635952101894,-80.42356382323,139,15046.18
e93f9bcf-465f-43b3-90d0-216bddda2c87,37.2443421689703,-80.4163205899988,47,3043.46
99f7a61c-9121-44a6-ac7a-8cd83a2bec8a,37.2340080388341,-80.4225048954022,132,13786.15
916d6333-dc42-44dd-8071-6054f1ed29d8,37.2317139145981,-80.4334704573272,22,1103.43
fd0937b3-48d6-4b86-9d74-e463b40d55f4,37.1784104266031,-80.4153568981132,100,10212.85
e93f9bcf-465f-43b3-90d0-216bddda2c87,37.2348406592107,-80.4209977990069,63,4205.87
b8c51a51-84af-4a44-9a35-9f53382c3b05,37.2560567197522,-80.4114738687096,3,395.64
98e8b74d-b3ea-4ff9-993d-114d2f5de2cf,37.229666,-80.420837,44,3282.4
7e6c10eb-0e83-4bba-bc4f-756b56fc4ea7,37.2454965799797,-80.4216678982237,73,3753.89
b8c51a51-84af-4a44-9a35-9f53382c3b05,37.2374545507491,-80.4208321434086,33,3889.21
8edb0ac0-7024-48a5-a3bf-3ff8e8a7044f,37.2092618561011,-80.3958789977495,75,4736.03
98e4504d-d61b-4182-95cb-038c39551a3a,37.2251475989656,-80.4461217709711,29,2512.39
916d6333-dc42-44dd-8071-6054f1ed29d8,37.2323721627236,-80.4237633963648,116,9448.59
bccd5bab-2cf0-4b7a-bbac-6523feb55222,37.2211521697731,-80.427106942362,71,3850.6
8734192f-6a21-49a5-abcc-f16c770661f5,37.2233700711626,-80.431479005891,61,3880.28
d5bba5d8-b131-4789-abec-efc493310641,37.2327344131003,-80.4246111888836,13,404.67
312be01d-4ee2-41b0-87d1-4ac8e4899530,37.2263368801079,-80.437413331116,0,0
9231ca1f-b1ee-4245-85f9-3186ecc00751,37.2162057638848,-80.4243103459353,21,2195.42
7a7f8de7-b6e6-4d4f-b306-26500b9c1da1,37.2229454108837,-80.4502929356123,34,2935.81
c36e7bd9-7191-4115-a8f8-5507f1f145cf,37.2276021597004,-80.4410761856878,47,2392.9
c36e7bd9-7191-4115-a8f8-5507f1f145cf,37.1617329883766,-80.4226587448337,181,18243.77
0a3f36d7-c307-4463-b6c5-99406a7cffaf,37.2188183794075,-80.4532986770628,40,3556.19
7a7f8de7-b6e6-4d4f-b306-26500b9c1da1,37.2159969637392,-80.4453178015541,22,1917.97
d9e3b73a-4dff-41e8-8980-71d8aa98e45f,37.2233342367647,-80.4319804461252,30,2497.7
f06184b6-e86d-4b52-bd0b-2b5ea817c97e,37.231893,-80.424764,0,0
a26fa236-5b1f-44ff-93d3-aeaf75cc2973,37.2324147870728,-80.4233395438434,7,168.59
8734192f-6a21-49a5-abcc-f16c770661f5,37.223892109751,-80.4291238739366,71,4189.94
2674478c-5212-4ba0-993a-819fef810e02,37.2335064940869,-80.4247359704912,58,3751.15
f8939f8a-f65e-4d6f-8519-2c2840e3e6a5,37.2292098838609,-80.4383390977555,28,1826.4
af234ae3-0762-49b9-89ff-4665d5b32ac7,37.2426831066692,-80.4222273167098,91,4255.33
f83a250c-9d24-4fcf-a339-5447d451fdf5,37.2172356231227,-80.4013554933318,49,4447.27
7d6b5437-cda5-4b9f-822a-b8f311b72480,37.2268338995458,-80.4168259270822,72,4719.11
c1bea031-37b2-475c-8beb-85fbb71be7a0,37.2266976697332,-80.4284369842755,31,1547.2
d5bba5d8-b131-4789-abec-efc493310641,37.2322887598142,-80.4233348512991,7,263.89
916d6333-dc42-44dd-8071-6054f1ed29d8,37.2205659634106,-80.4524265660909,40,3258.11
f0de71e0-107d-4bcb-a8d2-8dfcf6d66e3a,37.2339910595368,-80.4225657117946,48,3904.13
a5d067da-d551-4428-93e8-ae0cd08d0e96,37.20561343462,-80.4068083558269,4,381.56
25434fe2-1283-4de5-baa4-bb1845c06a9e,37.231539155897,-80.4251798911306,104,7981.96
8734192f-6a21-49a5-abcc-f16c770661f5,37.2206774187492,-80.4267528907509,76,4607.07
fd0937b3-48d6-4b86-9d74-e463b40d55f4,37.2014013541914,-80.4149427961818,76,6238.25
f8939f8a-f65e-4d6f-8519-2c2840e3e6a5,37.2209459319665,-80.4388171811866,58,3181.92
a26fa236-5b1f-44ff-93d3-aeaf75cc2973,37.229905559415,-80.4145555445287,119,8357.48
78bec10c-1fb8-41d6-af99-dd82e113d469,37.2389392399156,-80.4221019400419,35,1966.33
e570e646-82c5-4744-98dc-764a6d346163,37.2316156005449,-80.4288946839382,11,557.17
25434fe2-1283-4de5-baa4-bb1845c06a9e,37.2391216301394,-80.4199548315975,33,1275.97
d5bba5d8-b131-4789-abec-efc493310641,37.2344772611656,-80.4198409662911,24,1003.12
d5bba5d8-b131-4789-abec-efc493310641,37.2325044903963,-80.4240478890558,12,348.67
d5bba5d8-b131-4789-abec-efc493310641,37.2331914178745,-80.4082897546316,91,5941.66
7e6c10eb-0e83-4bba-bc4f-756b56fc4ea7,37.2331512619308,-80.432716566315,29,1406.59
fd0937b3-48d6-4b86-9d74-e463b40d55f4,37.2274871117453,-80.4409592658068,56,2423.98
a43aa2ac-7c35-4c0b-a970-437b91e4ba35,37.2263208065663,-80.4413371813872,74,7565.51
7d6b5437-cda5-4b9f-822a-b8f311b72480,37.2186473302548,-80.4175240744846,57,3419.03
a26fa236-5b1f-44ff-93d3-aeaf75cc2973,37.2119316221826,-80.3997610258585,96,5914.26
25434fe2-1283-4de5-baa4-bb1845c06a9e,37.2320501811072,-80.4238627712406,1,75.53
f83a250c-9d24-4fcf-a339-5447d451fdf5,37.210097,-80.401928,11,1458.01
0838e7d7-57d5-427d-b770-e402eac1f11e,37.2315820454623,-80.4288368468139,97,5468.86
e570e646-82c5-4744-98dc-764a6d346163,37.2329554029767,-80.4326951751823,16,1056.73
1dc0fd3b-7e4c-4647-b4f4-48d87fcaa171,37.1975629799361,-80.4081644586846,16,2020.82
641aaf72-1326-4d06-a82a-2f2d84091463,37.2285456366007,-80.4199336285772,67,4319.75
25434fe2-1283-4de5-baa4-bb1845c06a9e,37.2560208792287,-80.4106499642421,46,3356.85
d5bba5d8-b131-4789-abec-efc493310641,37.2325328759533,-80.4235238063046,10,300.93
7d6b5437-cda5-4b9f-822a-b8f311b72480,37.2269039414478,-80.4169513091131,18,1118.19
3f10aa8b-ace6-4ae9-ba94-ffaeea5f0ab2,37.1936181933943,-80.4016930184339,4,553.63
f83a250c-9d24-4fcf-a339-5447d451fdf5,37.2114707357568,-80.393687957149,37,3013.84
78bec10c-1fb8-41d6-af99-dd82e113d469,37.2457034502477,-80.4217562335781,51,2743.57
8909fd06-51cb-4b38-b873-c3b148b909b0,37.2310202107524,-80.4272270765653,2,231.37
3c2c524f-a466-48b1-81e4-f3ac7f35d571,37.215855812032,-80.4451552138957,40,4033.74
1dc0fd3b-7e4c-4647-b4f4-48d87fcaa171,37.187951670933,-80.4067134137598,3,697.89
99f7a61c-9121-44a6-ac7a-8cd83a2bec8a,37.2119316221826,-80.3997610258585,103,10292.79
edb1129b-9c6e-4d99-8a37-9ca86e8d6c3d,37.2347044126105,-80.4211083198592,28,1881.55
7a7f8de7-b6e6-4d4f-b306-26500b9c1da1,37.2150092934487,-80.4513934571927,5,454.82
7a7f8de7-b6e6-4d4f-b306-26500b9c1da1,37.2177310119707,-80.4482695727509,26,2273.27
78bec10c-1fb8-41d6-af99-dd82e113d469,37.2442285564082,-80.4214877141409,47,2574.37
6c8db17c-cc7e-4357-a5c5-21c8e98984ed,37.2315268531576,-80.4252415186364,1,38.53
9231ca1f-b1ee-4245-85f9-3186ecc00751,37.1967548282224,-80.4039953133975,96,7083.66
c1bea031-37b2-475c-8beb-85fbb71be7a0,37.2249695400973,-80.4301508625053,39,1796.41
c1bea031-37b2-475c-8beb-85fbb71be7a0,37.2274642507124,-80.4262766863534,21,1245.11
c1bea031-37b2-475c-8beb-85fbb71be7a0,37.2233394222909,-80.432109387667,64,3378.36
3c2c524f-a466-48b1-81e4-f3ac7f35d571,37.2212642615961,-80.4481571028518,59,5565.4
0838e7d7-57d5-427d-b770-e402eac1f11e,37.2434190862868,-80.4284310613474,54,2708.33
6c8db17c-cc7e-4357-a5c5-21c8e98984ed,37.2324837558853,-80.4233864269047,8,281.67
b8c51a51-84af-4a44-9a35-9f53382c3b05,37.2535489710156,-80.4187975728542,15,1181.49
1dc0fd3b-7e4c-4647-b4f4-48d87fcaa171,37.2316077436747,-80.4328535606775,39,7342.95
6c8db17c-cc7e-4357-a5c5-21c8e98984ed,37.2306806622166,-80.4153592983055,88,6784.41
98e4504d-d61b-4182-95cb-038c39551a3a,37.2292142387635,-80.4383487042242,18,1655.05
e0c0f9c9-b199-40b3-87ab-7bd1f213e157,37.2280219415793,-80.4197605905199,11,822.3
bccd5bab-2cf0-4b7a-bbac-6523feb55222,37.2253837140941,-80.4250674286212,142,7632.26
0838e7d7-57d5-427d-b770-e402eac1f11e,37.2429280855581,-80.4298179197843,49,2572.92
d5bba5d8-b131-4789-abec-efc493310641,37.2321808942917,-80.4235202411158,5,242.55
2674478c-5212-4ba0-993a-819fef810e02,37.2333801461646,-80.4250851333076,59,3785.08
a5d067da-d551-4428-93e8-ae0cd08d0e96,37.2045888321335,-80.4165152076374,24,2102.95
fd0937b3-48d6-4b86-9d74-e463b40d55f4,37.2331188310468,-80.4248861601947,16,467.83
1dc0fd3b-7e4c-4647-b4f4-48d87fcaa171,37.1914740284623,-80.4035141447154,9,1197.37
7d6b5437-cda5-4b9f-822a-b8f311b72480,37.2183105018873,-80.4193090705281,31,2310.55
af234ae3-0762-49b9-89ff-4665d5b32ac7,37.24095,-80.416242,46,1836.03
bccd5bab-2cf0-4b7a-bbac-6523feb55222,37.2243584753542,-80.4305575834942,111,6085.67
c2c639a5-32f8-41e3-8221-8ebd4c904b68,37.2253493553032,-80.4250894784892,6,849.43
7e6c10eb-0e83-4bba-bc4f-756b56fc4ea7,37.2325275059509,-80.423626357021,11,317.28
c1bea031-37b2-475c-8beb-85fbb71be7a0,37.2267971247456,-80.4283231571786,83,3922.35
f8939f8a-f65e-4d6f-8519-2c2840e3e6a5,37.1914740284623,-80.4035141447154,189,21145.49
8edb0ac0-7024-48a5-a3bf-3ff8e8a7044f,37.2337403827556,-80.4232432837451,19,530.86
bccd5bab-2cf0-4b7a-bbac-6523feb55222,37.2293228665535,-80.4277686199056,4,313.79
a632e61e-c94b-4ceb-a95e-33c672af2314,37.2210681074935,-80.4228521527559,37,2116.89
6add60f2-c611-432d-b7dc-83ccf50cad6e,37.2434101716104,-80.4285556826764,39,3517.37
2504249f-e511-4516-8a2e-2c1e088d018d,37.223025090707,-80.4071327312389,26,2576.78
bccd5bab-2cf0-4b7a-bbac-6523feb55222,37.2285513150809,-80.419900238269,41,2058.12
d5bba5d8-b131-4789-abec-efc493310641,37.2351570407866,-80.4209851662062,113,7534.39
d5bba5d8-b131-4789-abec-efc493310641,37.2333901147384,-80.4247288401137,16,501.94
f8939f8a-f65e-4d6f-8519-2c2840e3e6a5,37.187523494647,-80.4096918241285,178,19851.74
a43aa2ac-7c35-4c0b-a970-437b91e4ba35,37.2128053864722,-80.4443854468658,52,5261.36
50af930d-67fd-4314-80ca-dcff1602aa9f,37.2373100129349,-80.4068244620414,84,5385.1
a26fa236-5b1f-44ff-93d3-aeaf75cc2973,37.2321933790983,-80.42364258489,2,121.9
e93f9bcf-465f-43b3-90d0-216bddda2c87,37.2339947909201,-80.4226698725464,69,4385.17
99f7a61c-9121-44a6-ac7a-8cd83a2bec8a,37.1957112588272,-80.3996359045059,70,7067.15
bccd5bab-2cf0-4b7a-bbac-6523feb55222,37.2248694689432,-80.4363011026249,93,5009.64
2504249f-e511-4516-8a2e-2c1e088d018d,37.230681250638,-80.4154467514826,19,1451.84
f8939f8a-f65e-4d6f-8519-2c2840e3e6a5,37.1928436927194,-80.4047011912399,72,7578.72
86a57bd8-fef0-4b5e-b079-990c8f500901,37.231734,-80.424266,83,6046.05
c1bea031-37b2-475c-8beb-85fbb71be7a0,37.2245775876602,-80.4303835561553,42,1849.92
0838e7d7-57d5-427d-b770-e402eac1f11e,37.2426102105482,-80.4222383284288,74,3764.42
d5bba5d8-b131-4789-abec-efc493310641,37.2412779571621,-80.3981503577306,71,4449.09
c1bea031-37b2-475c-8beb-85fbb71be7a0,37.2321789689962,-80.4234138427703,3,177.96
3f10aa8b-ace6-4ae9-ba94-ffaeea5f0ab2,37.1937573542265,-80.40220284043,3,505.93
c9430839-4a0c-471d-83b5-6785322fce8a,37.2313766504514,-80.4307752278564,95,8799.59
c9430839-4a0c-471d-83b5-6785322fce8a,37.2258292962149,-80.4433282043146,25,2276.62
67b5d761-e302-49aa-abb2-580efabd4eaf,37.2269039414478,-80.4169513091131,51,2421.74
c1bea031-37b2-475c-8beb-85fbb71be7a0,37.2233126363546,-80.4317304943986,46,2037
f0de71e0-107d-4bcb-a8d2-8dfcf6d66e3a,37.2315339122716,-80.4252137032746,57,4505.99
5ace41fb-b4a5-42d0-8d49-1628dcfd98a9,37.2209180010186,-80.4228581378035,89,5498.3
bccd5bab-2cf0-4b7a-bbac-6523feb55222,37.2245770674799,-80.4303187158457,113,6118.15
e93f9bcf-465f-43b3-90d0-216bddda2c87,37.2401609861947,-80.4192990314543,50,3577.59
6c8db17c-cc7e-4357-a5c5-21c8e98984ed,37.2415268561152,-80.3984301054182,67,4478.42
2504249f-e511-4516-8a2e-2c1e088d018d,37.2323304736509,-80.4237679021046,92,9779.28
6add60f2-c611-432d-b7dc-83ccf50cad6e,37.2405318881149,-80.4356006609024,50,4261.11
af234ae3-0762-49b9-89ff-4665d5b32ac7,37.2328992894985,-80.4247193836733,13,258.69
2504249f-e511-4516-8a2e-2c1e088d018d,37.2313880649179,-80.4248018068519,102,9999.47
e708f6e7-1846-4ab0-b148-b3f768db6cb4,37.2421184553908,-80.434206672088,64,4034.89
c1bea031-37b2-475c-8beb-85fbb71be7a0,37.231541136783,-80.4251220050099,131,5881.64
50af930d-67fd-4314-80ca-dcff1602aa9f,37.2322149571049,-80.4233990246972,6,253.92
a26fa236-5b1f-44ff-93d3-aeaf75cc2973,37.2346628927638,-80.420975823679,24,758.51
8734192f-6a21-49a5-abcc-f16c770661f5,37.2208899030144,-80.4228927799155,80,4980.22
2674478c-5212-4ba0-993a-819fef810e02,37.2348632937232,-80.4209640007581,52,3376.51
c36e7bd9-7191-4115-a8f8-5507f1f145cf,37.2324643189087,-80.4267211333856,253,30161.38
f8939f8a-f65e-4d6f-8519-2c2840e3e6a5,37.1641577555051,-80.4298742073777,106,12717.35
6add60f2-c611-432d-b7dc-83ccf50cad6e,37.2368594469239,-80.4268764787592,14,1440.88
ab1a571c-16bb-4448-8f67-f16233a2bd20,37.2261357509686,-80.4417452346524,15,2373.15
b6d71f6b-4e43-42bc-a74d-ef5ff8fbb8a6,37.2114858459628,-80.3996130705239,90,7290.56
fd0937b3-48d6-4b86-9d74-e463b40d55f4,37.161693,-80.425831,141,14488.21
9231ca1f-b1ee-4245-85f9-3186ecc00751,37.1967589167801,-80.4040004967648,148,9996.99
98e4504d-d61b-4182-95cb-038c39551a3a,37.2256274482167,-80.4475512589055,32,2718.26
78bec10c-1fb8-41d6-af99-dd82e113d469,37.2365467093317,-80.4268118993528,77,4252.34
e93f9bcf-465f-43b3-90d0-216bddda2c87,37.2469049391702,-80.4163526766979,40,2645.18
7d6b5437-cda5-4b9f-822a-b8f311b72480,37.2180590917091,-80.4165741733984,54,3310.14
e0c0f9c9-b199-40b3-87ab-7bd1f213e157,37.2257532073916,-80.4157022630158,71,4558.04
7a7f8de7-b6e6-4d4f-b306-26500b9c1da1,37.2167788277137,-80.4533697934967,0,0
8c645223-1d5a-4351-adb6-43949e7cf524,37.1857215211917,-80.4019432727896,218,22678.12
50af930d-67fd-4314-80ca-dcff1602aa9f,37.2352904481175,-80.4206250821391,109,7494.12
9231ca1f-b1ee-4245-85f9-3186ecc00751,37.1966050649923,-80.3941750416847,116,8524.96
fd0937b3-48d6-4b86-9d74-e463b40d55f4,37.1891175626387,-80.4062178080659,87,8034.58
8734192f-6a21-49a5-abcc-f16c770661f5,37.2236815837406,-80.4288644898824,19,2110
8734192f-6a21-49a5-abcc-f16c770661f5,37.2308331690252,-80.4275571208738,2,94.22
6add60f2-c611-432d-b7dc-83ccf50cad6e,37.2443410776152,-80.426897869892,36,3335.83
e93f9bcf-465f-43b3-90d0-216bddda2c87,37.2335604991508,-80.424573683357,73,4560.65
af234ae3-0762-49b9-89ff-4665d5b32ac7,37.2480612525444,-80.4173786599648,68,3075.33
8c645223-1d5a-4351-adb6-43949e7cf524,37.1666684548061,-80.4252441480901,135,14587.31
2674478c-5212-4ba0-993a-819fef810e02,37.232189733624,-80.4243528472302,68,4039.03
50af930d-67fd-4314-80ca-dcff1602aa9f,37.2400802163219,-80.3985425284964,61,4071.98
8734192f-6a21-49a5-abcc-f16c770661f5,37.2310741845942,-80.4272544147584,1,56.34
b6d71f6b-4e43-42bc-a74d-ef5ff8fbb8a6,37.214605,-80.407806,45,3980.71
a26fa236-5b1f-44ff-93d3-aeaf75cc2973,37.2094066669459,-80.395871867372,76,4752.13
99f7a61c-9121-44a6-ac7a-8cd83a2bec8a,37.220935124735,-80.4047573119347,109,11413.39
99f7a61c-9121-44a6-ac7a-8cd83a2bec8a,37.2031250419095,-80.3992749988601,40,5001.94
e0c0f9c9-b199-40b3-87ab-7bd1f213e157,37.2298911925434,-80.4209936327703,83,5242.51
6e506adb-c6e8-48e0-b606-2bd650720397,37.2341331101962,-80.4218968836277,17,629.65
641aaf72-1326-4d06-a82a-2f2d84091463,37.2321888477997,-80.4236797742963,42,3359.53
c2c639a5-32f8-41e3-8221-8ebd4c904b68,37.2319418919694,-80.4225781309619,34,3206.38
8c645223-1d5a-4351-adb6-43949e7cf524,37.1830533618421,-80.4035794432535,216,22345.93
c9430839-4a0c-471d-83b5-6785322fce8a,37.2312062042161,-80.4349554934642,90,8421.01
f06184b6-e86d-4b52-bd0b-2b5ea817c97e,37.1966112453742,-80.3943816262186,147,9456.22
a26fa236-5b1f-44ff-93d3-aeaf75cc2973,37.2186342358754,-80.402299902747,52,3244.25
a5d067da-d551-4428-93e8-ae0cd08d0e96,37.20561343462,-80.4075209371974,5,444.63
e0c0f9c9-b199-40b3-87ab-7bd1f213e157,37.231611,-80.425148,0,0
8c645223-1d5a-4351-adb6-43949e7cf524,37.1945007761199,-80.4045133045832,66,7427.97
e0c0f9c9-b199-40b3-87ab-7bd1f213e157,37.2174317735317,-80.4175111781462,37,2570.4
f06184b6-e86d-4b52-bd0b-2b5ea817c97e,37.1949897811733,-80.4039334414818,169,10680.73
0838e7d7-57d5-427d-b770-e402eac1f11e,37.2435016777218,-80.4218699289483,70,3659.76
f662dd49-53b2-49fa-8046-c83dde4f3bb4,37.2269347441904,-80.4403844270215,12,783.97
0838e7d7-57d5-427d-b770-e402eac1f11e,37.2305005345508,-80.4286585873747,100,5591.83
c36e7bd9-7191-4115-a8f8-5507f1f145cf,37.1676539418373,-80.4277385079635,110,13259.84
a26fa236-5b1f-44ff-93d3-aeaf75cc2973,37.2320267468216,-80.4165733511383,32,1289.66
af234ae3-0762-49b9-89ff-4665d5b32ac7,37.231542454517,-80.4252684227408,126,5949.37
2504249f-e511-4516-8a2e-2c1e088d018d,37.2296990293085,-80.414330238958,20,1599.05
8edb0ac0-7024-48a5-a3bf-3ff8e8a7044f,37.2321593162753,-80.4243342315126,157,9901.67
78bec10c-1fb8-41d6-af99-dd82e113d469,37.2381116267812,-80.426576473202,71,4074.19
f8939f8a-f65e-4d6f-8519-2c2840e3e6a5,37.1688155632505,-80.4195940744635,157,16509.95
f8939f8a-f65e-4d6f-8519-2c2840e3e6a5,37.163686776337,-80.4223558713007,140,15153.63
0aa35e38-de23-44ce-b140-77621ff93358,37.2325690832764,-80.4243069512457,83,7695.23
312be01d-4ee2-41b0-87d1-4ac8e4899530,37.2238271025469,-80.4290108355677,26,1040.65
86a57bd8-fef0-4b5e-b079-990c8f500901,37.2343203248481,-80.4214925899706,13,643.48
c9430839-4a0c-471d-83b5-6785322fce8a,37.2271554059203,-80.4400358874811,85,7778.35
a5d067da-d551-4428-93e8-ae0cd08d0e96,37.2016940833148,-80.4117284960585,15,1308.32
2674478c-5212-4ba0-993a-819fef810e02,37.2336157432272,-80.4083180504575,24,1700.25
c2c639a5-32f8-41e3-8221-8ebd4c904b68,37.230579,-80.426661,0,0
3f10aa8b-ace6-4ae9-ba94-ffaeea5f0ab2,37.2099539464685,-80.3956607219971,36,3432.52
b8c51a51-84af-4a44-9a35-9f53382c3b05,37.2539624907181,-80.4178377306884,18,1282.11
b6d71f6b-4e43-42bc-a74d-ef5ff8fbb8a6,37.207848,-80.393925,70,5908.04
0838e7d7-57d5-427d-b770-e402eac1f11e,37.2303418151441,-80.4263950773939,105,5927.47
e708f6e7-1846-4ab0-b148-b3f768db6cb4,37.2442285564082,-80.4214877141409,45,2636.17
8edb0ac0-7024-48a5-a3bf-3ff8e8a7044f,37.2107355064286,-80.395522478871,83,4908.37
f8939f8a-f65e-4d6f-8519-2c2840e3e6a5,37.2314289122933,-80.4346682417686,25,1417.95
fd0937b3-48d6-4b86-9d74-e463b40d55f4,37.226732750707,-80.4417498995359,45,2265.02
f8939f8a-f65e-4d6f-8519-2c2840e3e6a5,37.2323504723038,-80.4237422750684,233,28179.73
e708f6e7-1846-4ab0-b148-b3f768db6cb4,37.2419333272291,-80.4242026800109,36,2187.8
a43aa2ac-7c35-4c0b-a970-437b91e4ba35,37.2317139145981,-80.4334704573272,10,1113.2
6e506adb-c6e8-48e0-b606-2bd650720397,37.2401609861947,-80.4192990314543,61,6546.53
3f10aa8b-ace6-4ae9-ba94-ffaeea5f0ab2,37.1957197786488,-80.399546774785,13,1294.65
6c8db17c-cc7e-4357-a5c5-21c8e98984ed,37.2311325906416,-80.4157925747952,26,1505.55
fd0937b3-48d6-4b86-9d74-e463b40d55f4,37.1894394405192,-80.4051984839131,194,20857.41
fd0937b3-48d6-4b86-9d74-e463b40d55f4,37.167757468696,-80.4221813810518,107,11585.55
e708f6e7-1846-4ab0-b148-b3f768db6cb4,37.2357656636773,-80.426420227434,15,1308.46
a632e61e-c94b-4ceb-a95e-33c672af2314,37.2280690736708,-80.4195151811144,18,845.42
f8939f8a-f65e-4d6f-8519-2c2840e3e6a5,37.162108667812,-80.421645561898,142,15340.41
edb1129b-9c6e-4d99-8a37-9ca86e8d6c3d,37.2350507055703,-80.4209871034405,24,1839.24
9231ca1f-b1ee-4245-85f9-3186ecc00751,37.1938348483792,-80.4025089216356,101,7479.19
f83a250c-9d24-4fcf-a339-5447d451fdf5,37.214605,-80.407806,2,478.5
78bec10c-1fb8-41d6-af99-dd82e113d469,37.2369429032634,-80.4210649733073,32,1705.13
6c8db17c-cc7e-4357-a5c5-21c8e98984ed,37.2409932695221,-80.3982126289022,53,3946.92
da4e0dbe-a20d-4ca9-80cb-7614cd29577c,37.2314809939794,-80.4318884429328,80,4090.58
67aab091-d5f3-411e-82ad-611d0f153f61,37.2315630179049,-80.4289198395821,15,1918.6
8c645223-1d5a-4351-adb6-43949e7cf524,37.2299379601937,-80.4369995726489,243,29162.07
0aa35e38-de23-44ce-b140-77621ff93358,37.2323164515652,-80.4233229591414,5,136.87
98e4504d-d61b-4182-95cb-038c39551a3a,37.2308209145822,-80.4356926385797,55,4148.26
fd0937b3-48d6-4b86-9d74-e463b40d55f4,37.231665488092,-80.4285476090751,20,863.04
25434fe2-1283-4de5-baa4-bb1845c06a9e,37.2327484669137,-80.4245829393748,14,268.3
da4e0dbe-a20d-4ca9-80cb-7614cd29577c,37.238650943399,-80.4266654413675,30,1654.16
f0de71e0-107d-4bcb-a8d2-8dfcf6d66e3a,37.2312813872486,-80.4249500869019,58,4542.48
c9430839-4a0c-471d-83b5-6785322fce8a,37.2231181863,-80.4502945831981,30,2969.34
fd0937b3-48d6-4b86-9d74-e463b40d55f4,37.232332553278,-80.4233246075078,7,286.74
e708f6e7-1846-4ab0-b148-b3f768db6cb4,37.2429901248923,-80.4296983256818,60,3624.29
f662dd49-53b2-49fa-8046-c83dde4f3bb4,37.2314993416175,-80.4288688672454,29,2018.53
6c8db17c-cc7e-4357-a5c5-21c8e98984ed,37.2320463138938,-80.4239509202966,113,8176.46
0a3f36d7-c307-4463-b6c5-99406a7cffaf,37.229561,-80.427317,0,0
f8939f8a-f65e-4d6f-8519-2c2840e3e6a5,37.1975629799361,-80.4081644586846,196,21968.94
fd0937b3-48d6-4b86-9d74-e463b40d55f4,37.1613731364464,-80.4272458463104,139,14331.05
99f7a61c-9121-44a6-ac7a-8cd83a2bec8a,37.1971231483198,-80.4002754996324,75,7260.28
2504249f-e511-4516-8a2e-2c1e088d018d,37.2320608097044,-80.4165448296285,73,8626.98
a43aa2ac-7c35-4c0b-a970-437b91e4ba35,37.2205266156006,-80.4480789533776,62,6330.35
009b7c3f-c455-4799-b8cf-815505da3f7e,37.231886116014,-80.4279366950173,12,724.54
af234ae3-0762-49b9-89ff-4665d5b32ac7,37.2350820962097,-80.420972370261,106,5150.14
e570e646-82c5-4744-98dc-764a6d346163,37.2451177087496,-80.4247385516607,34,3086.35
6c8db17c-cc7e-4357-a5c5-21c8e98984ed,37.2318126101382,-80.4102640098491,32,2193.64
c9430839-4a0c-471d-83b5-6785322fce8a,37.2293036156134,-80.4277849293131,5,471.97
0a3f36d7-c307-4463-b6c5-99406a7cffaf,37.2236758741874,-80.448810104384,70,5521.24
25434fe2-1283-4de5-baa4-bb1845c06a9e,37.2537788295276,-80.4186157482264,51,4110.43
641aaf72-1326-4d06-a82a-2f2d84091463,37.2298571070302,-80.421067358611,57,4104.01
c2c639a5-32f8-41e3-8221-8ebd4c904b68,37.2321577721713,-80.4244386358209,44,3431.63
f06184b6-e86d-4b52-bd0b-2b5ea817c97e,37.2048282367512,-80.4099224397505,104,6600.22
c9430839-4a0c-471d-83b5-6785322fce8a,37.2218921656646,-80.4486529487718,74,6559.1
8734192f-6a21-49a5-abcc-f16c770661f5,37.2244584333574,-80.4299482885186,23,2241.25
edb1129b-9c6e-4d99-8a37-9ca86e8d6c3d,37.2339947909201,-80.4226698725464,32,2042.8
8c645223-1d5a-4351-adb6-43949e7cf524,37.156465,-80.421246,174,17369.33
99f7a61c-9121-44a6-ac7a-8cd83a2bec8a,37.2105922440766,-80.3956385628021,93,9265.74
c1bea031-37b2-475c-8beb-85fbb71be7a0,37.2263769854538,-80.428743849455,80,3861.47
f8939f8a-f65e-4d6f-8519-2c2840e3e6a5,37.2268245127004,-80.4407476583921,32,2167.17
1624ad03-0ebf-4743-8abc-42f34060e035,37.2350507055703,-80.4209871034405,62,4181.68
c36e7bd9-7191-4115-a8f8-5507f1f145cf,37.2317693160278,-80.4283876788042,18,824.69
d9e3b73a-4dff-41e8-8980-71d8aa98e45f,37.222908008825,-80.4285635219706,17,2010.78
a5d067da-d551-4428-93e8-ae0cd08d0e96,37.2327119621744,-80.4245226526084,92,8496.5
c36e7bd9-7191-4115-a8f8-5507f1f145cf,37.1945007761199,-80.4045133045832,66,7427.97
2674478c-5212-4ba0-993a-819fef810e02,37.2384778999375,-80.4044771435545,18,948.13
50af930d-67fd-4314-80ca-dcff1602aa9f,37.2352266166776,-80.4205254825376,108,7482.81
0838e7d7-57d5-427d-b770-e402eac1f11e,37.2436205943306,-80.4282100196428,55,2738.06
6e506adb-c6e8-48e0-b606-2bd650720397,37.2432710077328,-80.4170499990612,36,1808.68
a5d067da-d551-4428-93e8-ae0cd08d0e96,37.2190844033443,-80.4372758231572,76,5915.08
8909fd06-51cb-4b38-b873-c3b148b909b0,37.2172227794907,-80.4532128228109,25,3747.88
2674478c-5212-4ba0-993a-819fef810e02,37.232984204873,-80.4248179698331,60,3835.02
a5d067da-d551-4428-93e8-ae0cd08d0e96,37.2304414202849,-80.4361213130393,82,7363.74
fd0937b3-48d6-4b86-9d74-e463b40d55f4,37.1674104109362,-80.4219868105602,172,17160.8
25434fe2-1283-4de5-baa4-bb1845c06a9e,37.254774874976,-80.4154534257751,49,3809.63
6add60f2-c611-432d-b7dc-83ccf50cad6e,37.2342019559618,-80.4333363573557,59,5010.64
5ace41fb-b4a5-42d0-8d49-1628dcfd98a9,37.2053186075747,-80.4183156279731,29,2285.63
fd0937b3-48d6-4b86-9d74-e463b40d55f4,37.2316077436747,-80.4328535606775,234,27289.23
9231ca1f-b1ee-4245-85f9-3186ecc00751,37.2048395951418,-80.4056388654266,89,6158.61
99f7a61c-9121-44a6-ac7a-8cd83a2bec8a,37.1942065272561,-80.3976158688022,66,6724.81
8734192f-6a21-49a5-abcc-f16c770661f5,37.2238878205144,-80.4328931344539,56,3728.75
4c65baab-ac20-473b-8a19-0b9cb7567806,37.2165428911682,-80.4460785977908,10,969.91
8734192f-6a21-49a5-abcc-f16c770661f5,37.2224369479678,-80.4235275342183,9,1181.53
0a3f36d7-c307-4463-b6c5-99406a7cffaf,37.2237553630258,-80.4489348859914,33,2860.74
e708f6e7-1846-4ab0-b148-b3f768db6cb4,37.2408718325031,-80.4272259600994,28,1892.4
e708f6e7-1846-4ab0-b148-b3f768db6cb4,37.2303098561284,-80.4263557975596,100,6099.22
78bec10c-1fb8-41d6-af99-dd82e113d469,37.230447,-80.426493,88,5495.36
8734192f-6a21-49a5-abcc-f16c770661f5,37.2253493553032,-80.4250894784892,6,828.39
78bec10c-1fb8-41d6-af99-dd82e113d469,37.23457581278,-80.4210909884782,18,1403.21
a26fa236-5b1f-44ff-93d3-aeaf75cc2973,37.2103947805871,-80.3956971731214,80,4866.19
2504249f-e511-4516-8a2e-2c1e088d018d,37.2330656578268,-80.4249123277042,88,9645.33
8734192f-6a21-49a5-abcc-f16c770661f5,37.2247386621897,-80.4247408729079,89,5478.35
f0de71e0-107d-4bcb-a8d2-8dfcf6d66e3a,37.2396795296478,-80.4184031735899,0,0
a632e61e-c94b-4ceb-a95e-33c672af2314,37.2223336829146,-80.4234779133486,38,2268.03
8734192f-6a21-49a5-abcc-f16c770661f5,37.2245191474577,-80.4246814127785,7,927.46
6e506adb-c6e8-48e0-b606-2bd650720397,37.2323282805027,-80.4237395548619,84,7752.96
a26fa236-5b1f-44ff-93d3-aeaf75cc2973,37.2340469411799,-80.4221380752222,20,634.4
8734192f-6a21-49a5-abcc-f16c770661f5,37.224411541963,-80.4244273558599,88,5432.62
a26fa236-5b1f-44ff-93d3-aeaf75cc2973,37.2312566458583,-80.4158704733392,34,1395.93
8734192f-6a21-49a5-abcc-f16c770661f5,37.2238907292004,-80.4241408661436,87,5369.44
8734192f-6a21-49a5-abcc-f16c770661f5,37.2302435384034,-80.4263246745469,95,6214.29
a26fa236-5b1f-44ff-93d3-aeaf75cc2973,37.2089762812243,-80.3960590300595,73,4689.88
8734192f-6a21-49a5-abcc-f16c770661f5,37.2210840606059,-80.4229011767835,10,1341.75
f83a250c-9d24-4fcf-a339-5447d451fdf5,37.2107876811204,-80.3954337147622,36,2841.71
8edb0ac0-7024-48a5-a3bf-3ff8e8a7044f,37.2342030584169,-80.4217566000224,21,672.35
8734192f-6a21-49a5-abcc-f16c770661f5,37.2274642507124,-80.4262766863534,93,5813.57
f06184b6-e86d-4b52-bd0b-2b5ea817c97e,37.194716748583,-80.4040539786685,123,8191.4
f06184b6-e86d-4b52-bd0b-2b5ea817c97e,37.205498378875,-80.4079098906819,109,6805.14
e93f9bcf-465f-43b3-90d0-216bddda2c87,37.2463117919141,-80.4148945144853,44,2790.78
0838e7d7-57d5-427d-b770-e402eac1f11e,37.2341745545938,-80.4220099292214,88,4794.07
af234ae3-0762-49b9-89ff-4665d5b32ac7,37.2322123593589,-80.4242773002589,125,5834.35
8734192f-6a21-49a5-abcc-f16c770661f5,37.2255111681882,-80.4251607822649,91,5572.76
78bec10c-1fb8-41d6-af99-dd82e113d469,37.233664463129,-80.4235029665202,15,1164.98
c36e7bd9-7191-4115-a8f8-5507f1f145cf,37.161738756776,-80.4257598281894,152,15532.27
c1bea031-37b2-475c-8beb-85fbb71be7a0,37.2325425785448,-80.4234638048664,124,5667.07
0a3f36d7-c307-4463-b6c5-99406a7cffaf,37.2209984195484,-80.4481040623675,63,5069.31
fd0937b3-48d6-4b86-9d74-e463b40d55f4,37.1668834269702,-80.4173462844475,160,16180.93
e708f6e7-1846-4ab0-b148-b3f768db6cb4,37.2432956514957,-80.4287055134461,57,3529.94
c36e7bd9-7191-4115-a8f8-5507f1f145cf,37.1623098394997,-80.4269969486972,146,15225.06
8c645223-1d5a-4351-adb6-43949e7cf524,37.167588452553,-80.4174496482283,94,11999.04
0a3f36d7-c307-4463-b6c5-99406a7cffaf,37.2314625435541,-80.4318790228495,91,7322.47
af234ae3-0762-49b9-89ff-4665d5b32ac7,37.2335038963854,-80.4247443399897,115,5553.22
c1bea031-37b2-475c-8beb-85fbb71be7a0,37.223398154858,-80.4314888509929,45,2013.6
c36e7bd9-7191-4115-a8f8-5507f1f145cf,37.1635911224557,-80.4213146686625,186,18565.18
c36e7bd9-7191-4115-a8f8-5507f1f145cf,37.2315166816367,-80.4292504544899,20,906.07
50af930d-67fd-4314-80ca-dcff1602aa9f,37.2406450301322,-80.4001326026942,80,4686.67
f662dd49-53b2-49fa-8046-c83dde4f3bb4,37.2246419249639,-80.4469529064321,4,142.97
1dc0fd3b-7e4c-4647-b4f4-48d87fcaa171,37.1957238340718,-80.4055108903414,12,1704.35
f8939f8a-f65e-4d6f-8519-2c2840e3e6a5,37.1668834269702,-80.4173462844475,151,16183.56
a5d067da-d551-4428-93e8-ae0cd08d0e96,37.2106289041789,-80.4267300719706,70,4516.74
6add60f2-c611-432d-b7dc-83ccf50cad6e,37.2312029405051,-80.4287981567342,65,5693.76
8edb0ac0-7024-48a5-a3bf-3ff8e8a7044f,37.2237683852815,-80.4078982432535,44,2488.04
f06184b6-e86d-4b52-bd0b-2b5ea817c97e,37.2027155463606,-80.4100240476308,103,6365.29
6e506adb-c6e8-48e0-b606-2bd650720397,37.2349761384719,-80.4209235870897,70,7157.43
b6d71f6b-4e43-42bc-a74d-ef5ff8fbb8a6,37.2206710980406,-80.4044845749931,37,2943.75
f8939f8a-f65e-4d6f-8519-2c2840e3e6a5,37.2185672428303,-80.4369353988431,204,25446.73
8734192f-6a21-49a5-abcc-f16c770661f5,37.2208529960905,-80.4231601690743,12,1379.4
8c645223-1d5a-4351-adb6-43949e7cf524,37.231701189983,-80.4335215506537,26,1286.84
2674478c-5212-4ba0-993a-819fef810e02,37.2392258919132,-80.3982038355619,1,15.55
9231ca1f-b1ee-4245-85f9-3186ecc00751,37.209083,-80.417141,51,3781.45
f06184b6-e86d-4b52-bd0b-2b5ea817c97e,37.1936149920578,-80.4016755375913,128,8437.88
50af930d-67fd-4314-80ca-dcff1602aa9f,37.229905559415,-80.4145555445287,97,6683.28
8c645223-1d5a-4351-adb6-43949e7cf524,37.1631110527629,-80.4259131313088,156,15850.65
e708f6e7-1846-4ab0-b148-b3f768db6cb4,37.2313208635744,-80.4296758252987,92,5605.88
50af930d-67fd-4314-80ca-dcff1602aa9f,37.2315154987846,-80.425248649014,1,39.86
1624ad03-0ebf-4743-8abc-42f34060e035,37.2338585427912,-80.4231333470884,71,4428.95
e708f6e7-1846-4ab0-b148-b3f768db6cb4,37.2336850632515,-80.4330479133862,85,5069.82
da4e0dbe-a20d-4ca9-80cb-7614cd29577c,37.2313177762794,-80.4301920110523,83,4241.79
7d6b5437-cda5-4b9f-822a-b8f311b72480,37.229666,-80.420837,82,5219.08
e93f9bcf-465f-43b3-90d0-216bddda2c87,37.2341367157925,-80.4221707461168,68,4338.28
78bec10c-1fb8-41d6-af99-dd82e113d469,37.2301238381909,-80.4284634954174,85,5196.3
b8c51a51-84af-4a44-9a35-9f53382c3b05,37.231309229548,-80.4249160671604,51,4981.94
98e8b74d-b3ea-4ff9-993d-114d2f5de2cf,37.2231262757257,-80.4194773983644,32,2185.52
c36e7bd9-7191-4115-a8f8-5507f1f145cf,37.2251829721031,-80.4401504096371,236,28541.11
c36e7bd9-7191-4115-a8f8-5507f1f145cf,37.2273296400925,-80.4400850632059,34,2064.08
f8939f8a-f65e-4d6f-8519-2c2840e3e6a5,37.1658947438291,-80.4218954653355,160,16948.39
a26fa236-5b1f-44ff-93d3-aeaf75cc2973,37.2306264733125,-80.4152857823786,120,8460.39
50af930d-67fd-4314-80ca-dcff1602aa9f,37.2348945168584,-80.4204506135732,23,931.99
b6d71f6b-4e43-42bc-a74d-ef5ff8fbb8a6,37.2267633513667,-80.4111652321318,105,9323.99
641aaf72-1326-4d06-a82a-2f2d84091463,37.2276486004001,-80.4178658190819,77,4565.62
8c645223-1d5a-4351-adb6-43949e7cf524,37.1924831517332,-80.4014830998467,223,23457.97
0a3f36d7-c307-4463-b6c5-99406a7cffaf,37.2257709448616,-80.4435764072493,28,2330.29
98e4504d-d61b-4182-95cb-038c39551a3a,37.2253243461444,-80.445132729121,44,3082.81
b8c51a51-84af-4a44-9a35-9f53382c3b05,37.254792437243,-80.4133928068514,23,1750.39
f8939f8a-f65e-4d6f-8519-2c2840e3e6a5,37.1652978459178,-80.4179364691935,149,15999.04
3c2c524f-a466-48b1-81e4-f3ac7f35d571,37.2263468353468,-80.4413025997926,69,6738.46
0838e7d7-57d5-427d-b770-e402eac1f11e,37.2425051979735,-80.4320675539072,45,2368.18
e708f6e7-1846-4ab0-b148-b3f768db6cb4,37.2302191607039,-80.4285272540044,97,5804.17
8c645223-1d5a-4351-adb6-43949e7cf524,37.1646964071743,-80.4288009342214,122,13914.48
50af930d-67fd-4314-80ca-dcff1602aa9f,37.2332907663719,-80.424999794461,15,475.55
99f7a61c-9121-44a6-ac7a-8cd83a2bec8a,37.1940129550876,-80.4028659655454,59,6204.99
b8c51a51-84af-4a44-9a35-9f53382c3b05,37.2537334254328,-80.4189437455943,8,1108.28
a5d067da-d551-4428-93e8-ae0cd08d0e96,37.2325138629685,-80.4241877156397,93,8533.41
f83a250c-9d24-4fcf-a339-5447d451fdf5,37.2082066463408,-80.3976370014307,18,1938.18
8c645223-1d5a-4351-adb6-43949e7cf524,37.1659237554924,-80.428526414685,127,14056.04
d9e3b73a-4dff-41e8-8980-71d8aa98e45f,37.2233906232536,-80.4288130851854,62,4242.44
99f7a61c-9121-44a6-ac7a-8cd83a2bec8a,37.2124577887331,-80.3960751233146,100,9905.99
fd0937b3-48d6-4b86-9d74-e463b40d55f4,37.164279923884,-80.4254818947958,135,13853.68
0a3f36d7-c307-4463-b6c5-99406a7cffaf,37.217828605285,-80.4533490779765,43,3696.3
98e8b74d-b3ea-4ff9-993d-114d2f5de2cf,37.2276204974128,-80.4177001840516,38,2901.96
9231ca1f-b1ee-4245-85f9-3186ecc00751,37.205498378875,-80.4079098906819,84,5924.16
641aaf72-1326-4d06-a82a-2f2d84091463,37.2301267788582,-80.4266967916952,95,6814.04
f8939f8a-f65e-4d6f-8519-2c2840e3e6a5,37.2322255754711,-80.4233714954348,6,276.79
50af930d-67fd-4314-80ca-dcff1602aa9f,37.230159028182,-80.4127222545578,34,1925.16
8c645223-1d5a-4351-adb6-43949e7cf524,37.1642872006778,-80.4125799561428,195,19410.14
0a3f36d7-c307-4463-b6c5-99406a7cffaf,37.2315760872869,-80.4329378839183,90,7227.94
99f7a61c-9121-44a6-ac7a-8cd83a2bec8a,37.2326512238059,-80.4243623587586,10,269.75
da4e0dbe-a20d-4ca9-80cb-7614cd29577c,37.238176941666,-80.4265798768366,28,1600.74
f662dd49-53b2-49fa-8046-c83dde4f3bb4,37.2288083064167,-80.4386802667813,16,1041.53
8734192f-6a21-49a5-abcc-f16c770661f5,37.2245265659457,-80.4303975023054,64,4040.61
98e8b74d-b3ea-4ff9-993d-114d2f5de2cf,37.2321637365336,-80.4228903113234,48,3629.65
8c645223-1d5a-4351-adb6-43949e7cf524,37.2294894517089,-80.4377518274823,242,29078.92
f8939f8a-f65e-4d6f-8519-2c2840e3e6a5,37.167588452553,-80.4174496482283,153,16263.75
f8939f8a-f65e-4d6f-8519-2c2840e3e6a5,37.1652316940271,-80.4288082159313,113,12935.78
d9e3b73a-4dff-41e8-8980-71d8aa98e45f,37.2211521697731,-80.427106942362,15,1776.08
25434fe2-1283-4de5-baa4-bb1845c06a9e,37.2535262689022,-80.4191433961664,56,4174.69
f06184b6-e86d-4b52-bd0b-2b5ea817c97e,37.193635,-80.4002700984639,132,8562.8
af234ae3-0762-49b9-89ff-4665d5b32ac7,37.2334329333869,-80.4247158184792,15,339.13
c36e7bd9-7191-4115-a8f8-5507f1f145cf,37.2212159687739,-80.4390277608598,54,3131.32
c36e7bd9-7191-4115-a8f8-5507f1f145cf,37.1648099654137,-80.4131610819146,191,19330.73
57b3d106-fd5e-4b7b-85f7-bfb555af392b,37.231327,-80.425043,46,3565.1
a26fa236-5b1f-44ff-93d3-aeaf75cc2973,37.2327951531006,-80.4246764896373,150,9722.94
5ace41fb-b4a5-42d0-8d49-1628dcfd98a9,37.2048926694586,-80.4147682651334,21,1943.66
c36e7bd9-7191-4115-a8f8-5507f1f145cf,37.1621564147142,-80.42608069518,153,15586.69
312be01d-4ee2-41b0-87d1-4ac8e4899530,37.2246287647126,-80.4301871561671,22,901.78
b6d71f6b-4e43-42bc-a74d-ef5ff8fbb8a6,37.2101232647637,-80.4010881041735,56,5035.66
f8939f8a-f65e-4d6f-8519-2c2840e3e6a5,37.1616095255768,-80.427334031361,129,14306.28
a43aa2ac-7c35-4c0b-a970-437b91e4ba35,37.2249890045065,-80.4464940919546,23,2528.91
86a57bd8-fef0-4b5e-b079-990c8f500901,37.2468037265743,-80.4194940665903,52,3601.59
9231ca1f-b1ee-4245-85f9-3186ecc00751,37.2013638478312,-80.4094963996909,75,5325.56
5ace41fb-b4a5-42d0-8d49-1628dcfd98a9,37.2016940833148,-80.4117284960585,15,1308.32
50af930d-67fd-4314-80ca-dcff1602aa9f,37.2324837558853,-80.4233864269047,9,287.61
a43aa2ac-7c35-4c0b-a970-437b91e4ba35,37.2271554059203,-80.4400358874811,76,7714.04
e708f6e7-1846-4ab0-b148-b3f768db6cb4,37.2372021826439,-80.4348479974005,80,4647.71
a26fa236-5b1f-44ff-93d3-aeaf75cc2973,37.2348559088144,-80.4203768719634,27,828.17
8edb0ac0-7024-48a5-a3bf-3ff8e8a7044f,37.2308677562158,-80.4155353455934,121,8495.12
c9430839-4a0c-471d-83b5-6785322fce8a,37.2141921264761,-80.4527260419487,42,4092.12
f06184b6-e86d-4b52-bd0b-2b5ea817c97e,37.1939594470719,-80.3965320514122,157,9967.53
bccd5bab-2cf0-4b7a-bbac-6523feb55222,37.2222917548546,-80.4281368203095,73,4007.27
a26fa236-5b1f-44ff-93d3-aeaf75cc2973,37.2097899884291,-80.3956543908562,78,4798.87
f06184b6-e86d-4b52-bd0b-2b5ea817c97e,37.1950247702017,-80.3934921558793,150,9652.58
6c8db17c-cc7e-4357-a5c5-21c8e98984ed,37.2346552207269,-80.4092041059226,37,2622.53
a5d067da-d551-4428-93e8-ae0cd08d0e96,37.2063423518146,-80.4192722093625,31,2427.44
a26fa236-5b1f-44ff-93d3-aeaf75cc2973,37.2092618561011,-80.3958789977495,75,4736.03
f0de71e0-107d-4bcb-a8d2-8dfcf6d66e3a,37.2460998948752,-80.4220324810046,31,2409.23
3c2c524f-a466-48b1-81e4-f3ac7f35d571,37.2259891497299,-80.4421853963076,68,6650.82
da4e0dbe-a20d-4ca9-80cb-7614cd29577c,37.2306208948606,-80.4286334255769,9,530.38
9231ca1f-b1ee-4245-85f9-3186ecc00751,37.2163619180591,-80.4241392168736,20,2172.39
5ace41fb-b4a5-42d0-8d49-1628dcfd98a9,37.2157135918495,-80.4246830551408,73,4513.87
bccd5bab-2cf0-4b7a-bbac-6523feb55222,37.2202874361022,-80.4264897030943,125,6724.58
8c645223-1d5a-4351-adb6-43949e7cf524,37.1634490648913,-80.4242844709154,158,16000.7
a43aa2ac-7c35-4c0b-a970-437b91e4ba35,37.2229454108837,-80.4502929356123,68,6681.76
0aa35e38-de23-44ce-b140-77621ff93358,37.2560567197522,-80.4114738687096,47,3434.54
9231ca1f-b1ee-4245-85f9-3186ecc00751,37.2106353590438,-80.424200291874,38,2909.35
86a57bd8-fef0-4b5e-b079-990c8f500901,37.232541951474,-80.4240594449005,7,180.67
d5bba5d8-b131-4789-abec-efc493310641,37.2414482505228,-80.3982608785828,58,3912.51
d5bba5d8-b131-4789-abec-efc493310641,37.239506883402,-80.3984676595319,67,4246.63
f8939f8a-f65e-4d6f-8519-2c2840e3e6a5,37.227362955794,-80.4416999868929,42,2342.1
b6d71f6b-4e43-42bc-a74d-ef5ff8fbb8a6,37.2179200552436,-80.401832074538,42,3331.22
7a7f8de7-b6e6-4d4f-b306-26500b9c1da1,37.2153736416753,-80.444709849977,21,1830.27
f06184b6-e86d-4b52-bd0b-2b5ea817c97e,37.1942002659392,-80.4030884917392,164,10562
e570e646-82c5-4744-98dc-764a6d346163,37.2435016777218,-80.4218699289483,39,3655.46
2674478c-5212-4ba0-993a-819fef810e02,37.2306806622166,-80.4153592983055,33,2603.7
98e4504d-d61b-4182-95cb-038c39551a3a,37.2249148142852,-80.4463606386196,41,2963.14
009b7c3f-c455-4799-b8cf-815505da3f7e,37.244023448007,-80.4276779868273,54,3354.66
e708f6e7-1846-4ab0-b148-b3f768db6cb4,37.2418850777931,-80.4232115575291,38,2275.7
641aaf72-1326-4d06-a82a-2f2d84091463,37.2278444731394,-80.4190031143046,27,2638.7
8c645223-1d5a-4351-adb6-43949e7cf524,37.1642105762922,-80.4298811864229,118,13748.31
b6d71f6b-4e43-42bc-a74d-ef5ff8fbb8a6,37.2185047039976,-80.4021113133539,97,8104.52
67b5d761-e302-49aa-abb2-580efabd4eaf,37.2211521697731,-80.427106942362,71,3850.6
c36e7bd9-7191-4115-a8f8-5507f1f145cf,37.2122554093555,-80.4308191249604,230,26863.46
e708f6e7-1846-4ab0-b148-b3f768db6cb4,37.2346501510802,-80.4335506050046,83,4953.68
a5d067da-d551-4428-93e8-ae0cd08d0e96,37.2090406380856,-80.4167103116464,43,2967.46
9231ca1f-b1ee-4245-85f9-3186ecc00751,37.1972745284283,-80.4041414861376,149,10055.63
8c645223-1d5a-4351-adb6-43949e7cf524,37.161693,-80.425831,151,15524.17
1dc0fd3b-7e4c-4647-b4f4-48d87fcaa171,37.2317538152093,-80.4282401441706,44,7760.83
25434fe2-1283-4de5-baa4-bb1845c06a9e,37.2539916608579,-80.4179419275462,50,4046.31
5ace41fb-b4a5-42d0-8d49-1628dcfd98a9,37.2090406380856,-80.4167103116464,43,2967.46
8909fd06-51cb-4b38-b873-c3b148b909b0,37.2211198723418,-80.452083040398,21,3267.45
e0c0f9c9-b199-40b3-87ab-7bd1f213e157,37.2175411044299,-80.4192520275076,33,2397.29
9231ca1f-b1ee-4245-85f9-3186ecc00751,37.1942002659392,-80.4030884917392,139,9681.02
6add60f2-c611-432d-b7dc-83ccf50cad6e,37.2393763498772,-80.4355628177519,54,4393.12
1624ad03-0ebf-4743-8abc-42f34060e035,37.2349655517113,-80.4209550167415,63,4191.56
a26fa236-5b1f-44ff-93d3-aeaf75cc2973,37.225368229104,-80.4096762783396,41,2250.43
b6d71f6b-4e43-42bc-a74d-ef5ff8fbb8a6,37.2319607580372,-80.4164433722647,108,10067.55
9231ca1f-b1ee-4245-85f9-3186ecc00751,37.2056161660907,-80.4074563236335,85,5966.38
78bec10c-1fb8-41d6-af99-dd82e113d469,37.241830709897,-80.422321134443,40,2295.31
5ace41fb-b4a5-42d0-8d49-1628dcfd98a9,37.2073971510917,-80.4201944824625,34,2570.57
0aa35e38-de23-44ce-b140-77621ff93358,37.235796924529,-80.4210104028478,28,891.4
e708f6e7-1846-4ab0-b148-b3f768db6cb4,37.2399127861943,-80.4355663829408,72,4327.92
e7b18590-2011-4d0c-8718-c9514a7b5808,37.1937229127301,-80.4016505812698,17,993.34
3c2c524f-a466-48b1-81e4-f3ac7f35d571,37.2312547327159,-80.428759858158,9,698.32
50af930d-67fd-4314-80ca-dcff1602aa9f,37.2398134183769,-80.3985603544403,62,4101.67
0a3f36d7-c307-4463-b6c5-99406a7cffaf,37.2310202107524,-80.4272270765653,2,231.37
e0c0f9c9-b199-40b3-87ab-7bd1f213e157,37.2277025580731,-80.4184017405246,76,4896.3
641aaf72-1326-4d06-a82a-2f2d84091463,37.2250467374949,-80.4167187462281,18,2121.61
6e506adb-c6e8-48e0-b606-2bd650720397,37.2338322291351,-80.423112613003,76,7397.99
6add60f2-c611-432d-b7dc-83ccf50cad6e,37.2418207933204,-80.4222916459832,24,2356.07
6c8db17c-cc7e-4357-a5c5-21c8e98984ed,37.2345041929968,-80.4214415103706,103,7610.16
1624ad03-0ebf-4743-8abc-42f34060e035,37.2337279714366,-80.4236467342732,72,4476.63
fd0937b3-48d6-4b86-9d74-e463b40d55f4,37.2266722467967,-80.4416853297414,44,2256.2
d9e3b73a-4dff-41e8-8980-71d8aa98e45f,37.2206774187492,-80.4267528907509,66,4598.02
57b3d106-fd5e-4b7b-85f7-bfb555af392b,37.2269732557665,-80.4169782536048,21,2419.79
fd0937b3-48d6-4b86-9d74-e463b40d55f4,37.2331131539804,-80.4253959821903,242,28000.72
c36e7bd9-7191-4115-a8f8-5507f1f145cf,37.2329671889212,-80.4247975336988,13,424.07
25434fe2-1283-4de5-baa4-bb1845c06a9e,37.2325071900288,-80.4235739909491,9,170.6
8909fd06-51cb-4b38-b873-c3b148b909b0,37.2293133458699,-80.4278260367381,5,506.01
fd0937b3-48d6-4b86-9d74-e463b40d55f4,37.2275096810055,-80.4416068955882,51,2357.61
f8939f8a-f65e-4d6f-8519-2c2840e3e6a5,37.2236249171772,-80.4400428825274,54,2864.7
0a3f36d7-c307-4463-b6c5-99406a7cffaf,37.2266708421737,-80.4406565176353,79,6321.9
b6d71f6b-4e43-42bc-a74d-ef5ff8fbb8a6,37.216379,-80.405167,44,3675.1
c36e7bd9-7191-4115-a8f8-5507f1f145cf,37.1690014565073,-80.4202753396041,99,12307.39
c36e7bd9-7191-4115-a8f8-5507f1f145cf,37.2271479598067,-80.4418106145773,41,2296.23
a43aa2ac-7c35-4c0b-a970-437b91e4ba35,37.2313687045198,-80.4348960778055,12,1245.83
af234ae3-0762-49b9-89ff-4665d5b32ac7,37.2324337672774,-80.4233824378797,6,121.86
f8939f8a-f65e-4d6f-8519-2c2840e3e6a5,37.1676210104394,-80.4281165693072,102,12259.26
78bec10c-1fb8-41d6-af99-dd82e113d469,37.2340698375479,-80.4220869978989,16,1298.1
57b3d106-fd5e-4b7b-85f7-bfb555af392b,37.2250467374949,-80.4167187462281,19,2121.13
af234ae3-0762-49b9-89ff-4665d5b32ac7,37.2478767842406,-80.4175497890264,77,3336.73
d5bba5d8-b131-4789-abec-efc493310641,37.2352904481175,-80.4206250821391,109,7494.12
0a3f36d7-c307-4463-b6c5-99406a7cffaf,37.2276331810448,-80.4395940913778,81,6464.95
2504249f-e511-4516-8a2e-2c1e088d018d,37.2320267468216,-80.4165733511383,18,1272.15
8c645223-1d5a-4351-adb6-43949e7cf524,37.1633411009573,-80.4132181249351,201,19543.4
d5bba5d8-b131-4789-abec-efc493310641,37.2312713793516,-80.4249242168347,2,79.35
1dc0fd3b-7e4c-4647-b4f4-48d87fcaa171,37.2313564123332,-80.4304184745177,40,7560.19
98e4504d-d61b-4182-95cb-038c39551a3a,37.2259087259289,-80.4429430690394,26,2218.58
8edb0ac0-7024-48a5-a3bf-3ff8e8a7044f,37.2341122266092,-80.4221487707886,143,9377.86
8c645223-1d5a-4351-adb6-43949e7cf524,37.2315393903804,-80.434423543416,28,1368.78
c36e7bd9-7191-4115-a8f8-5507f1f145cf,37.2330381523581,-80.4258421340124,16,558.99
8c645223-1d5a-4351-adb6-43949e7cf524,37.1676539418373,-80.4277385079635,110,13259.84
1624ad03-0ebf-4743-8abc-42f34060e035,37.232476996312,-80.4234556833253,6,99.31
f06184b6-e86d-4b52-bd0b-2b5ea817c97e,37.2133359664265,-80.4249630475226,55,3428.04
8c645223-1d5a-4351-adb6-43949e7cf524,37.1687536806877,-80.4160680256222,208,20224.31
98e4504d-d61b-4182-95cb-038c39551a3a,37.2257040961861,-80.447576215227,33,2727.06
8c645223-1d5a-4351-adb6-43949e7cf524,37.1988265486792,-80.4110558905367,64,6675.36
99f7a61c-9121-44a6-ac7a-8cd83a2bec8a,37.2319961679162,-80.4240105092094,1,83.29
f8939f8a-f65e-4d6f-8519-2c2840e3e6a5,37.165592511217,-80.4245977279774,124,13689.53
8c645223-1d5a-4351-adb6-43949e7cf524,37.1594798685045,-80.4207406732667,180,17940.11
fd0937b3-48d6-4b86-9d74-e463b40d55f4,37.2266864406742,-80.4398243011972,221,26409.58
8c645223-1d5a-4351-adb6-43949e7cf524,37.1839088125099,-80.4028252709303,217,22462.09
e0c0f9c9-b199-40b3-87ab-7bd1f213e157,37.2168968449174,-80.4189852129808,46,2939.88
0a3f36d7-c307-4463-b6c5-99406a7cffaf,37.2303422754409,-80.4286083499366,6,641.76
7d6b5437-cda5-4b9f-822a-b8f311b72480,37.217437873394,-80.4186114570636,35,2472.13
b6d71f6b-4e43-42bc-a74d-ef5ff8fbb8a6,37.2324895899687,-80.4233990869824,9,184.1
6c8db17c-cc7e-4357-a5c5-21c8e98984ed,37.2395031805752,-80.3984871484385,56,4118.51
a26fa236-5b1f-44ff-93d3-aeaf75cc2973,37.2324857510295,-80.4234072824302,8,178.49
6e506adb-c6e8-48e0-b606-2bd650720397,37.2324696461757,-80.423403940954,7,156.67
a43aa2ac-7c35-4c0b-a970-437b91e4ba35,37.2307487891833,-80.42745241866,3,220.58
c9430839-4a0c-471d-83b5-6785322fce8a,37.2300956022631,-80.4267438941881,4,344.58
3f10aa8b-ace6-4ae9-ba94-ffaeea5f0ab2,37.233505622727,-80.4247081820706,78,8226.68
a5d067da-d551-4428-93e8-ae0cd08d0e96,37.2103758387875,-80.427076070829,71,4558.31
5ace41fb-b4a5-42d0-8d49-1628dcfd98a9,37.2050192781984,-80.4099091981975,8,668.54
7d6b5437-cda5-4b9f-822a-b8f311b72480,37.2304761056059,-80.4211012562772,5,481.41
c36e7bd9-7191-4115-a8f8-5507f1f145cf,37.1672546626229,-80.4158044132586,83,11161.78
d9e3b73a-4dff-41e8-8980-71d8aa98e45f,37.2240907301494,-80.4308310398899,55,3968.22
c36e7bd9-7191-4115-a8f8-5507f1f145cf,37.2312834696411,-80.4301864968832,248,29822.73
a43aa2ac-7c35-4c0b-a970-437b91e4ba35,37.2131685741644,-80.4441872503869,51,5217.36
9231ca1f-b1ee-4245-85f9-3186ecc00751,37.1947290849822,-80.3938920291177,127,8835.2
b6d71f6b-4e43-42bc-a74d-ef5ff8fbb8a6,37.2327251898142,-80.4245185562605,14,290.96
6add60f2-c611-432d-b7dc-83ccf50cad6e,37.2347992500543,-80.4258919016058,12,1195.12
a43aa2ac-7c35-4c0b-a970-437b91e4ba35,37.2196031939747,-80.4481220512463,61,6227.67
0838e7d7-57d5-427d-b770-e402eac1f11e,37.2413886759364,-80.434962083442,39,2066.49
f8939f8a-f65e-4d6f-8519-2c2840e3e6a5,37.2315778227654,-80.4288177047537,18,892.34
7a7f8de7-b6e6-4d4f-b306-26500b9c1da1,37.2298152748839,-80.4282707644946,54,5348.93
8c645223-1d5a-4351-adb6-43949e7cf524,37.1635911224557,-80.4213146686625,187,18564.3
fd0937b3-48d6-4b86-9d74-e463b40d55f4,37.1889543696279,-80.4058475968985,193,20778.62
1624ad03-0ebf-4743-8abc-42f34060e035,37.2463117919141,-80.4148945144853,44,2790.78
8734192f-6a21-49a5-abcc-f16c770661f5,37.2232713738398,-80.4317733810268,59,3851.66
f06184b6-e86d-4b52-bd0b-2b5ea817c97e,37.2083668895057,-80.4165339781316,84,4909.38
f8939f8a-f65e-4d6f-8519-2c2840e3e6a5,37.1644793466237,-80.4289290327341,110,12848.63
9231ca1f-b1ee-4245-85f9-3186ecc00751,37.2292884804141,-80.4277723333974,4,310.43
1dc0fd3b-7e4c-4647-b4f4-48d87fcaa171,37.2313498602017,-80.4346150690713,36,7182.16
8edb0ac0-7024-48a5-a3bf-3ff8e8a7044f,37.2169194130637,-80.4012731283774,55,3455.83
f8939f8a-f65e-4d6f-8519-2c2840e3e6a5,37.2314018299108,-80.4299050873328,20,990.66
f8939f8a-f65e-4d6f-8519-2c2840e3e6a5,37.1647980859055,-80.4181377563575,148,15940.72
5ace41fb-b4a5-42d0-8d49-1628dcfd98a9,37.2032173417952,-80.4058530155494,1,64.05
b8c51a51-84af-4a44-9a35-9f53382c3b05,37.2535498227569,-80.4191434027649,11,1139.54
78bec10c-1fb8-41d6-af99-dd82e113d469,37.2358155856912,-80.4264426808919,78,4339.9
1624ad03-0ebf-4743-8abc-42f34060e035,37.2452219780878,-80.4156931167728,46,2931.04
f8939f8a-f65e-4d6f-8519-2c2840e3e6a5,37.186657213783,-80.4097738234706,176,19731.21
8909fd06-51cb-4b38-b873-c3b148b909b0,37.2253243461444,-80.445132729121,40,5859.29
fd0937b3-48d6-4b86-9d74-e463b40d55f4,37.1646952710778,-80.4287971207491,120,12872.58
8909fd06-51cb-4b38-b873-c3b148b909b0,37.2276660495441,-80.4395584885282,43,6432.85
8734192f-6a21-49a5-abcc-f16c770661f5,37.2247944013505,-80.434599789366,40,2793.72
78bec10c-1fb8-41d6-af99-dd82e113d469,37.2357704752863,-80.421006610212,28,1573.32
6c8db17c-cc7e-4357-a5c5-21c8e98984ed,37.2414275184718,-80.3988507976946,48,3844.1
1624ad03-0ebf-4743-8abc-42f34060e035,37.2415302539784,-80.4183173428963,49,3402.4
c2c639a5-32f8-41e3-8221-8ebd4c904b68,37.2210152924547,-80.4226241609046,16,1432.51
6e506adb-c6e8-48e0-b606-2bd650720397,37.2535652974577,-80.4190124331119,48,4156.49
e93f9bcf-465f-43b3-90d0-216bddda2c87,37.2324662210165,-80.4240406022204,78,4758.44
b6d71f6b-4e43-42bc-a74d-ef5ff8fbb8a6,37.2221785928695,-80.4061548659381,36,2720.36
f06184b6-e86d-4b52-bd0b-2b5ea817c97e,37.2239439724406,-80.4291415757926,34,2075.65
c1bea031-37b2-475c-8beb-85fbb71be7a0,37.2259284557884,-80.4232641542944,101,4610.09
c1bea031-37b2-475c-8beb-85fbb71be7a0,37.2265337663542,-80.4285980798793,32,1570.33
c36e7bd9-7191-4115-a8f8-5507f1f145cf,37.2314201693984,-80.4348192793712,29,1406.21
a26fa236-5b1f-44ff-93d3-aeaf75cc2973,37.2193736631132,-80.4029034137672,106,6797.46
6e506adb-c6e8-48e0-b606-2bd650720397,37.2527449917715,-80.4109460684174,43,2996.58
312be01d-4ee2-41b0-87d1-4ac8e4899530,37.2274642507124,-80.4262766863534,45,2649.21
c9430839-4a0c-471d-83b5-6785322fce8a,37.2149307250098,-80.4445494164818,54,5063.2
e0c0f9c9-b199-40b3-87ab-7bd1f213e157,37.2322169016153,-80.4229538570021,88,5568.34
2504249f-e511-4516-8a2e-2c1e088d018d,37.2332971537532,-80.4249569947961,12,358.64
5ace41fb-b4a5-42d0-8d49-1628dcfd98a9,37.2036781908486,-80.4124430282205,18,1537.93
f83a250c-9d24-4fcf-a339-5447d451fdf5,37.2322131752903,-80.4167396547584,60,6604.16
d9e3b73a-4dff-41e8-8980-71d8aa98e45f,37.2238878205144,-80.4328931344539,49,3718.51
641aaf72-1326-4d06-a82a-2f2d84091463,37.2320400018172,-80.4238838577511,49,3696.77
a5d067da-d551-4428-93e8-ae0cd08d0e96,37.2133732032476,-80.4321036460783,75,5132.62
8734192f-6a21-49a5-abcc-f16c770661f5,37.2209381658875,-80.422949822936,11,1358.52
3f10aa8b-ace6-4ae9-ba94-ffaeea5f0ab2,37.2313407421124,-80.4249022120448,87,8646.43
6c8db17c-cc7e-4357-a5c5-21c8e98984ed,37.2322529152206,-80.4168893926873,23,1347.11
9231ca1f-b1ee-4245-85f9-3186ecc00751,37.2203239651078,-80.426454446908,14,1666.43
2674478c-5212-4ba0-993a-819fef810e02,37.240411,-80.400591,16,542.74
0aa35e38-de23-44ce-b140-77621ff93358,37.2498515306918,-80.4123505592918,39,2649.83
50af930d-67fd-4314-80ca-dcff1602aa9f,37.2333901147384,-80.4082077552895,90,5918.42
9231ca1f-b1ee-4245-85f9-3186ecc00751,37.2018466000848,-80.4059062545855,93,6492.28
98e4504d-d61b-4182-95cb-038c39551a3a,37.2314993416175,-80.4288688672454,65,4778.15
b6d71f6b-4e43-42bc-a74d-ef5ff8fbb8a6,37.2130384870194,-80.3941130873032,87,6774.09
8909fd06-51cb-4b38-b873-c3b148b909b0,37.2142167446534,-80.4526925475453,29,4104.06
8c645223-1d5a-4351-adb6-43949e7cf524,37.2315166816367,-80.4292504544899,20,906.07
fd0937b3-48d6-4b86-9d74-e463b40d55f4,37.1874435059693,-80.4104651755372,95,8873.32
f8939f8a-f65e-4d6f-8519-2c2840e3e6a5,37.2322057055014,-80.423599667517,4,255.7
b6d71f6b-4e43-42bc-a74d-ef5ff8fbb8a6,37.2114707357568,-80.393687957149,82,6522.82
2504249f-e511-4516-8a2e-2c1e088d018d,37.2178978394216,-80.4018348607062,32,3316.84
3f10aa8b-ace6-4ae9-ba94-ffaeea5f0ab2,37.2315222718848,-80.4160306636431,60,7194.82
0a3f36d7-c307-4463-b6c5-99406a7cffaf,37.2169147902101,-80.4491373697474,56,4566.7
5ace41fb-b4a5-42d0-8d49-1628dcfd98a9,37.2135444208304,-80.4248755753352,67,4256.18
8edb0ac0-7024-48a5-a3bf-3ff8e8a7044f,37.2337914759129,-80.423261109689,145,9482.53
8c645223-1d5a-4351-adb6-43949e7cf524,37.1652418977763,-80.4287866734663,124,13976.05
8edb0ac0-7024-48a5-a3bf-3ff8e8a7044f,37.2336268422822,-80.4237210190429,18,486.75
c1bea031-37b2-475c-8beb-85fbb71be7a0,37.223433787539,-80.4322764295008,63,3360.24
da4e0dbe-a20d-4ca9-80cb-7614cd29577c,37.2424286590475,-80.4278811707425,38,2089.44
9231ca1f-b1ee-4245-85f9-3186ecc00751,37.2126346615644,-80.4250735683749,32,2634.07
0838e7d7-57d5-427d-b770-e402eac1f11e,37.2446309645675,-80.421429030575,65,3526.96
8c645223-1d5a-4351-adb6-43949e7cf524,37.1673670007006,-80.429082584135,113,13384.2
4c65baab-ac20-473b-8a19-0b9cb7567806,37.2152226715854,-80.4446489570884,2,201.84
6c8db17c-cc7e-4357-a5c5-21c8e98984ed,37.2340273266905,-80.4224076765309,104,7710.73
b6d71f6b-4e43-42bc-a74d-ef5ff8fbb8a6,37.2195780744734,-80.4032171503801,39,3109.31
6e506adb-c6e8-48e0-b606-2bd650720397,37.2320245536645,-80.4239819876992,86,7800.24
1624ad03-0ebf-4743-8abc-42f34060e035,37.2347753744122,-80.421044146461,65,4214.27
8c645223-1d5a-4351-adb6-43949e7cf524,37.1587344477101,-80.4219360895747,167,16684.93
a5d067da-d551-4428-93e8-ae0cd08d0e96,37.2054492281153,-80.4128394980013,20,1762.1
2504249f-e511-4516-8a2e-2c1e088d018d,37.2119316221826,-80.3997610258585,59,5888.06
5ace41fb-b4a5-42d0-8d49-1628dcfd98a9,37.2163376627096,-80.4235102557574,78,4646.36
f8939f8a-f65e-4d6f-8519-2c2840e3e6a5,37.1759258682702,-80.4180414962601,170,18186.83
c2c639a5-32f8-41e3-8221-8ebd4c904b68,37.2304714945331,-80.4210165782741,32,2992.17
99f7a61c-9121-44a6-ac7a-8cd83a2bec8a,37.2325689057905,-80.4241805341306,9,251.24
0a3f36d7-c307-4463-b6c5-99406a7cffaf,37.2304264490935,-80.4365315942124,17,1499.59
ab1a571c-16bb-4448-8f67-f16233a2bd20,37.2148765574013,-80.4532765853302,2,215.23
8c645223-1d5a-4351-adb6-43949e7cf524,37.1886234372948,-80.4012730305704,71,8197.76
67aab091-d5f3-411e-82ad-611d0f153f61,37.2428571004474,-80.4282400901084,4,420.31
7d6b5437-cda5-4b9f-822a-b8f311b72480,37.2298911925434,-80.4209936327703,83,5247.68
6add60f2-c611-432d-b7dc-83ccf50cad6e,37.2313095091704,-80.430445906076,62,5542.92
c2c639a5-32f8-41e3-8221-8ebd4c904b68,37.2324967623061,-80.4234916219574,37,3308.1
c1bea031-37b2-475c-8beb-85fbb71be7a0,37.2267287205293,-80.4256991287806,19,1148.59
c1bea031-37b2-475c-8beb-85fbb71be7a0,37.2264962144096,-80.4285513292607,81,3883.05
f8939f8a-f65e-4d6f-8519-2c2840e3e6a5,37.1683047809579,-80.4180265001024,155,16359.8
57b3d106-fd5e-4b7b-85f7-bfb555af392b,37.2293122516995,-80.4277901089916,4,346.07
c1bea031-37b2-475c-8beb-85fbb71be7a0,37.2272853917925,-80.4281983755712,85,3977.78
c1bea031-37b2-475c-8beb-85fbb71be7a0,37.2276288800882,-80.42793811679,86,4022.36
25434fe2-1283-4de5-baa4-bb1845c06a9e,37.2324696461757,-80.423403940954,7,154.21
8c645223-1d5a-4351-adb6-43949e7cf524,37.1657703380426,-80.4285335450626,126,14038.98
f8939f8a-f65e-4d6f-8519-2c2840e3e6a5,37.18549246031,-80.4087258859403,87,9223.6
da4e0dbe-a20d-4ca9-80cb-7614cd29577c,37.2331074912345,-80.4327868705069,75,3821.92
4c65baab-ac20-473b-8a19-0b9cb7567806,37.2313249333577,-80.434908861331,28,3602.99
5ace41fb-b4a5-42d0-8d49-1628dcfd98a9,37.2159691183607,-80.4244227963597,74,4550.43
a26fa236-5b1f-44ff-93d3-aeaf75cc2973,37.2200111763056,-80.4036118922191,107,6892.06
6c8db17c-cc7e-4357-a5c5-21c8e98984ed,37.2331536523636,-80.4082522005174,34,2425.8
1624ad03-0ebf-4743-8abc-42f34060e035,37.246882235055,-80.4162100691466,41,2658.04
1624ad03-0ebf-4743-8abc-42f34060e035,37.2377039763524,-80.4266998266564,20,807.19
67aab091-d5f3-411e-82ad-611d0f153f61,37.2333257627285,-80.425193323362,12,1534.64
fd0937b3-48d6-4b86-9d74-e463b40d55f4,37.231381628776,-80.434636951517,230,27127.77
0838e7d7-57d5-427d-b770-e402eac1f11e,37.231155747612,-80.428719989689,10,504.98
fd0937b3-48d6-4b86-9d74-e463b40d55f4,37.1814540047346,-80.4115598781735,99,9736
8c645223-1d5a-4351-adb6-43949e7cf524,37.2290357101712,-80.4385912491053,31,1832.76
50af930d-67fd-4314-80ca-dcff1602aa9f,37.2320758671873,-80.4238232821624,3,211.56
8c645223-1d5a-4351-adb6-43949e7cf524,37.2325182514864,-80.4241363715175,261,30435.68
25434fe2-1283-4de5-baa4-bb1845c06a9e,37.2509459040315,-80.4123616007174,69,5220.02
a43aa2ac-7c35-4c0b-a970-437b91e4ba35,37.2314673554338,-80.4289089332868,86,8901.9
f06184b6-e86d-4b52-bd0b-2b5ea817c97e,37.1966620542877,-80.3941559633458,142,9412.49
0838e7d7-57d5-427d-b770-e402eac1f11e,37.231019,-80.427163,0,0
da4e0dbe-a20d-4ca9-80cb-7614cd29577c,37.230447,-80.426493,0,0
0a3f36d7-c307-4463-b6c5-99406a7cffaf,37.2304548354328,-80.4362071620331,84,6902.97
1dc0fd3b-7e4c-4647-b4f4-48d87fcaa171,37.1898928829629,-80.4043406838746,6,1003.05
8c645223-1d5a-4351-adb6-43949e7cf524,37.1638866873026,-80.4297421440603,119,13786.35
312be01d-4ee2-41b0-87d1-4ac8e4899530,37.2245265659457,-80.4303975023054,20,879.18
c36e7bd9-7191-4115-a8f8-5507f1f145cf,37.1642105762922,-80.4298811864229,118,13748.31
2504249f-e511-4516-8a2e-2c1e088d018d,37.2142778923431,-80.4005335668003,35,3736.83
1624ad03-0ebf-4743-8abc-42f34060e035,37.232858739337,-80.4247140165032,12,225.48
3c2c524f-a466-48b1-81e4-f3ac7f35d571,37.2219229019311,-80.4486419685263,60,5650.24
8c645223-1d5a-4351-adb6-43949e7cf524,37.1649621322053,-80.418103724018,90,11695.52
c36e7bd9-7191-4115-a8f8-5507f1f145cf,37.1647106127084,-80.4250824423199,142,14834.53
641aaf72-1326-4d06-a82a-2f2d84091463,37.2282589268235,-80.4199371937659,68,4351.61
2674478c-5212-4ba0-993a-819fef810e02,37.2414564932261,-80.3990201889884,11,347.57
7d6b5437-cda5-4b9f-822a-b8f311b72480,37.2231262757257,-80.4194773983644,68,4119.6
57b3d106-fd5e-4b7b-85f7-bfb555af392b,37.2210086905723,-80.4229309135772,11,1374.72
2674478c-5212-4ba0-993a-819fef810e02,37.240849383835,-80.39982243127,14,458.95
7a7f8de7-b6e6-4d4f-b306-26500b9c1da1,37.2249148142852,-80.4463606386196,35,3346.85
9231ca1f-b1ee-4245-85f9-3186ecc00751,37.2308377407092,-80.427542705094,2,72.26
98e8b74d-b3ea-4ff9-993d-114d2f5de2cf,37.2298019004385,-80.4209706303455,45,3301.58
f06184b6-e86d-4b52-bd0b-2b5ea817c97e,37.2050497250606,-80.4091577067563,107,6683.97
c36e7bd9-7191-4115-a8f8-5507f1f145cf,37.1640712750579,-80.4143055075142,205,19681.85
f8939f8a-f65e-4d6f-8519-2c2840e3e6a5,37.164473119987,-80.4297280346375,105,12679.99
009b7c3f-c455-4799-b8cf-815505da3f7e,37.2417127938497,-80.4274847312686,61,3675.21
1624ad03-0ebf-4743-8abc-42f34060e035,37.2320767586754,-80.4238335933364,1,24.92
6c8db17c-cc7e-4357-a5c5-21c8e98984ed,37.2324780787711,-80.4236859027626,10,309.86
7d6b5437-cda5-4b9f-822a-b8f311b72480,37.2271435178782,-80.4172539151788,17,1080.43
da4e0dbe-a20d-4ca9-80cb-7614cd29577c,37.2394626999226,-80.4269292653375,31,1747.33
c36e7bd9-7191-4115-a8f8-5507f1f145cf,37.1657703380426,-80.4285335450626,126,14038.98
c36e7bd9-7191-4115-a8f8-5507f1f145cf,37.2265672096959,-80.4399458883291,237,28695.99
98e8b74d-b3ea-4ff9-993d-114d2f5de2cf,37.2322027452175,-80.4236385860434,3,174.26
8edb0ac0-7024-48a5-a3bf-3ff8e8a7044f,37.2216265650982,-80.4055798764276,47,2802.31
3f10aa8b-ace6-4ae9-ba94-ffaeea5f0ab2,37.2184512521371,-80.4020773265154,51,5286.45
7a7f8de7-b6e6-4d4f-b306-26500b9c1da1,37.2127997078766,-80.4443105779012,18,1518.61
50af930d-67fd-4314-80ca-dcff1602aa9f,37.2398162566579,-80.3985567892515,68,4281.9
7a7f8de7-b6e6-4d4f-b306-26500b9c1da1,37.2288529638602,-80.438570594891,44,4196.99
8c645223-1d5a-4351-adb6-43949e7cf524,37.2322883281232,-80.4237263748074,263,30480.06
a632e61e-c94b-4ceb-a95e-33c672af2314,37.225591726915,-80.4251949795359,42,2661.94
7a7f8de7-b6e6-4d4f-b306-26500b9c1da1,37.2312062042161,-80.4349554934642,47,4610.75
78bec10c-1fb8-41d6-af99-dd82e113d469,37.2304133795123,-80.428598972591,84,5161.97
8c645223-1d5a-4351-adb6-43949e7cf524,37.2277810001579,-80.4396465449854,33,2000.67
8c645223-1d5a-4351-adb6-43949e7cf524,37.164751975838,-80.4161159780676,87,11453.86
d9e3b73a-4dff-41e8-8980-71d8aa98e45f,37.2241191188739,-80.4292801827695,20,2163.51
3c2c524f-a466-48b1-81e4-f3ac7f35d571,37.2165682742934,-80.4461506275028,39,3915.31
f06184b6-e86d-4b52-bd0b-2b5ea817c97e,37.1946921652616,-80.3938456816635,138,9150.22
2504249f-e511-4516-8a2e-2c1e088d018d,37.2122790392882,-80.3933390158347,52,5187.97
fd0937b3-48d6-4b86-9d74-e463b40d55f4,37.2236249171772,-80.4400428825274,64,2862.12
a26fa236-5b1f-44ff-93d3-aeaf75cc2973,37.2175497001511,-80.4015761694241,54,3380.83
7a7f8de7-b6e6-4d4f-b306-26500b9c1da1,37.2226530019608,-80.4499471123003,33,2891.18
6e506adb-c6e8-48e0-b606-2bd650720397,37.2325037965108,-80.4235190445245,8,167.54
a632e61e-c94b-4ceb-a95e-33c672af2314,37.2233263173501,-80.4192732009646,30,1703.4
ab1a571c-16bb-4448-8f67-f16233a2bd20,37.2177310119707,-80.4482695727509,8,878.63
a43aa2ac-7c35-4c0b-a970-437b91e4ba35,37.2177310119707,-80.4482695727509,60,6019.22
c36e7bd9-7191-4115-a8f8-5507f1f145cf,37.1646964071743,-80.4288009342214,122,13914.48
f8939f8a-f65e-4d6f-8519-2c2840e3e6a5,37.1868506562708,-80.4101102712102,82,8696.69
da4e0dbe-a20d-4ca9-80cb-7614cd29577c,37.2357602721404,-80.4341171336992,70,3504.26
7a7f8de7-b6e6-4d4f-b306-26500b9c1da1,37.2271554059203,-80.4400358874811,42,3968.09
99f7a61c-9121-44a6-ac7a-8cd83a2bec8a,37.2009162426541,-80.3999549388859,80,7750.12
a26fa236-5b1f-44ff-93d3-aeaf75cc2973,37.230615118804,-80.4153249994552,36,1482.48
2674478c-5212-4ba0-993a-819fef810e02,37.2320502092201,-80.4240296269745,67,4006.5
25434fe2-1283-4de5-baa4-bb1845c06a9e,37.2353280194345,-80.420697962667,27,827.71
f06184b6-e86d-4b52-bd0b-2b5ea817c97e,37.2022952729404,-80.4099634394215,102,6318.28
f8939f8a-f65e-4d6f-8519-2c2840e3e6a5,37.1649111949151,-80.4287400777286,112,12899.66
3f10aa8b-ace6-4ae9-ba94-ffaeea5f0ab2,37.2105922440766,-80.3956385628021,37,3503.47
5ace41fb-b4a5-42d0-8d49-1628dcfd98a9,37.2093160632027,-80.4168030065548,44,2999.15
fd0937b3-48d6-4b86-9d74-e463b40d55f4,37.1723215938644,-80.4207030191871,105,11060.78
99f7a61c-9121-44a6-ac7a-8cd83a2bec8a,37.1961031696497,-80.4002812036757,74,7146.94
98e4504d-d61b-4182-95cb-038c39551a3a,37.2255905436111,-80.4478364740082,37,2767.21
0838e7d7-57d5-427d-b770-e402eac1f11e,37.2420317593158,-80.4343928041642,42,2155.79
8c645223-1d5a-4351-adb6-43949e7cf524,37.2073856888655,-80.4244725489404,61,5153.96
1dc0fd3b-7e4c-4647-b4f4-48d87fcaa171,37.1964007471352,-80.406136202519,13,1797.74
86a57bd8-fef0-4b5e-b079-990c8f500901,37.2364590553631,-80.4211039034007,19,925.76
6add60f2-c611-432d-b7dc-83ccf50cad6e,37.2303098561284,-80.4263557975596,69,6100.93
1624ad03-0ebf-4743-8abc-42f34060e035,37.2351415362473,-80.4209728426854,61,4171.51
99f7a61c-9121-44a6-ac7a-8cd83a2bec8a,37.1958731352832,-80.3980101784206,69,6922.13
e708f6e7-1846-4ab0-b148-b3f768db6cb4,37.2381981618939,-80.4265664001742,23,1589.26
1dc0fd3b-7e4c-4647-b4f4-48d87fcaa171,37.2185672428303,-80.4369353988431,24,5498.61
e93f9bcf-465f-43b3-90d0-216bddda2c87,37.2414667057075,-80.4273736473374,26,1233.83
2504249f-e511-4516-8a2e-2c1e088d018d,37.2179404260005,-80.4016993835326,62,6578.11
8c645223-1d5a-4351-adb6-43949e7cf524,37.229029585809,-80.4383686051419,241,29004.16
5ace41fb-b4a5-42d0-8d49-1628dcfd98a9,37.2079480123178,-80.4198593547168,36,2639.47
f0de71e0-107d-4bcb-a8d2-8dfcf6d66e3a,37.2423429633583,-80.4222481204419,36,2848.88
312be01d-4ee2-41b0-87d1-4ac8e4899530,37.2253493553032,-80.4250894784892,43,2389.01
98e4504d-d61b-4182-95cb-038c39551a3a,37.2314879872404,-80.4311898051433,11,931.98
e570e646-82c5-4744-98dc-764a6d346163,37.2423429633583,-80.4222481204419,41,3789.64
8edb0ac0-7024-48a5-a3bf-3ff8e8a7044f,37.2345379997618,-80.4211469527406,23,737.97
1624ad03-0ebf-4743-8abc-42f34060e035,37.2440528717073,-80.4275937633272,32,1587.65
6add60f2-c611-432d-b7dc-83ccf50cad6e,37.2421184553908,-80.434206672088,46,4040.32
25434fe2-1283-4de5-baa4-bb1845c06a9e,37.2362334795224,-80.4211150897546,29,936.08
c1bea031-37b2-475c-8beb-85fbb71be7a0,37.2319064659292,-80.4225867189724,5,258.2
a43aa2ac-7c35-4c0b-a970-437b91e4ba35,37.2314499256385,-80.4298589210892,8,792.04
312be01d-4ee2-41b0-87d1-4ac8e4899530,37.226893365844,-80.4257403461009,44,2569.99
8c645223-1d5a-4351-adb6-43949e7cf524,37.2329213253201,-80.4248101921974,259,30360.14
c9430839-4a0c-471d-83b5-6785322fce8a,37.231356780258,-80.4298589743389,97,8881.12
641aaf72-1326-4d06-a82a-2f2d84091463,37.2319418919694,-80.4225781309619,35,3206.91
7d6b5437-cda5-4b9f-822a-b8f311b72480,37.2175411044299,-80.4192520275076,33,2397.29
1624ad03-0ebf-4743-8abc-42f34060e035,37.2383738264454,-80.4265893058049,23,882.99
009b7c3f-c455-4799-b8cf-815505da3f7e,37.236490083366,-80.421142346042,34,1660.79
e708f6e7-1846-4ab0-b148-b3f768db6cb4,37.2315873738631,-80.433019391876,88,5307.77
0838e7d7-57d5-427d-b770-e402eac1f11e,37.2448736277147,-80.421412612284,64,3499.96
78bec10c-1fb8-41d6-af99-dd82e113d469,37.2316879158352,-80.4283663413801,9,676.94
c9430839-4a0c-471d-83b5-6785322fce8a,37.2291846920579,-80.4384153741704,19,1685.81
f8939f8a-f65e-4d6f-8519-2c2840e3e6a5,37.2272437282085,-80.4417712906684,41,2327.43
c2c639a5-32f8-41e3-8221-8ebd4c904b68,37.2301480383344,-80.4267274870201,3,213.92
641aaf72-1326-4d06-a82a-2f2d84091463,37.2293122516995,-80.4277901089916,4,346.07
2504249f-e511-4516-8a2e-2c1e088d018d,37.2104703723518,-80.3956777796768,47,4851.45
641aaf72-1326-4d06-a82a-2f2d84091463,37.2276855039986,-80.4186644213695,74,4494.8
7d6b5437-cda5-4b9f-822a-b8f311b72480,37.2225897377445,-80.4201899553535,67,4032.83
6c8db17c-cc7e-4357-a5c5-21c8e98984ed,37.2414587388881,-80.3982732371117,66,4462.61
e93f9bcf-465f-43b3-90d0-216bddda2c87,37.2322380517342,-80.4236652267162,81,4801.37
3f10aa8b-ace6-4ae9-ba94-ffaeea5f0ab2,37.193589793193,-80.4012545002135,5,592.57
6c8db17c-cc7e-4357-a5c5-21c8e98984ed,37.2371133002234,-80.4070649926526,39,2955.11
7d6b5437-cda5-4b9f-822a-b8f311b72480,37.2174435516404,-80.4186185874412,48,3041.51
50af930d-67fd-4314-80ca-dcff1602aa9f,37.2414908238029,-80.3986102670836,56,3880.45
a26fa236-5b1f-44ff-93d3-aeaf75cc2973,37.2114707357568,-80.393687957149,85,5090.13
a26fa236-5b1f-44ff-93d3-aeaf75cc2973,37.2352097927022,-80.4209422748954,134,9198.87
312be01d-4ee2-41b0-87d1-4ac8e4899530,37.2225169017864,-80.4284024777293,29,1196.32
c36e7bd9-7191-4115-a8f8-5507f1f145cf,37.2316898356362,-80.4328049477081,24,1223.38
7d6b5437-cda5-4b9f-822a-b8f311b72480,37.2175031732032,-80.41809450469,49,3088.36
c36e7bd9-7191-4115-a8f8-5507f1f145cf,37.1638354608477,-80.4213788420606,187,18592.92
a43aa2ac-7c35-4c0b-a970-437b91e4ba35,37.2253243461444,-80.445132729121,71,7210.84
a26fa236-5b1f-44ff-93d3-aeaf75cc2973,37.2251164749334,-80.4093480354159,113,7653.53
99f7a61c-9121-44a6-ac7a-8cd83a2bec8a,37.1957907771297,-80.4000637271599,72,7106.18
5ace41fb-b4a5-42d0-8d49-1628dcfd98a9,37.2210465604133,-80.4228191685098,93,5537.98
0a3f36d7-c307-4463-b6c5-99406a7cffaf,37.2260122433017,-80.4426387625991,27,2243.1
009b7c3f-c455-4799-b8cf-815505da3f7e,37.2345461040851,-80.4211163308703,22,1402.54
a26fa236-5b1f-44ff-93d3-aeaf75cc2973,37.2351388313094,-80.4204930611087,130,9148.15
fd0937b3-48d6-4b86-9d74-e463b40d55f4,37.1693191836532,-80.4214966846432,106,11401.73
c36e7bd9-7191-4115-a8f8-5507f1f145cf,37.1673670007006,-80.429082584135,113,13384.2
6c8db17c-cc7e-4357-a5c5-21c8e98984ed,37.2323185309904,-80.42375888308,111,8131.42
a43aa2ac-7c35-4c0b-a970-437b91e4ba35,37.2228115834426,-80.4507152754746,26,2974.83
edb1129b-9c6e-4d99-8a37-9ca86e8d6c3d,37.2351415362473,-80.4209728426854,23,1829.07
99f7a61c-9121-44a6-ac7a-8cd83a2bec8a,37.2345649481847,-80.4210589462245,17,740.14
9231ca1f-b1ee-4245-85f9-3186ecc00751,37.2054637478454,-80.4128131135628,65,4634.49
3f10aa8b-ace6-4ae9-ba94-ffaeea5f0ab2,37.2124577887331,-80.3960751233146,44,4143.72
1624ad03-0ebf-4743-8abc-42f34060e035,37.2325025433231,-80.4235626389887,7,109.19
0aa35e38-de23-44ce-b140-77621ff93358,37.238916,-80.420067,62,6700.65
86a57bd8-fef0-4b5e-b079-990c8f500901,37.2322410640628,-80.4236102311137,2,80.9
6c8db17c-cc7e-4357-a5c5-21c8e98984ed,37.232361697835,-80.4233400794506,7,267.5
2504249f-e511-4516-8a2e-2c1e088d018d,37.234912257967,-80.4206609423116,14,787.27
86a57bd8-fef0-4b5e-b079-990c8f500901,37.2326554935813,-80.4243731815136,8,211.16
e93f9bcf-465f-43b3-90d0-216bddda2c87,37.2338585427912,-80.4231333470884,70,4428.88
e708f6e7-1846-4ab0-b148-b3f768db6cb4,37.2312029405051,-80.4287981567342,95,5691.95
67aab091-d5f3-411e-82ad-611d0f153f61,37.238239183321,-80.4265959815142,8,957.75
b6d71f6b-4e43-42bc-a74d-ef5ff8fbb8a6,37.2251164749334,-80.4093480354159,104,9080.39
8734192f-6a21-49a5-abcc-f16c770661f5,37.2233342367647,-80.4319804461252,34,2507.23
3c2c524f-a466-48b1-81e4-f3ac7f35d571,37.2199907732004,-80.44809388805,34,3396.21
fd0937b3-48d6-4b86-9d74-e463b40d55f4,37.2272543342864,-80.4408273538218,58,2452.41
af234ae3-0762-49b9-89ff-4665d5b32ac7,37.2342106842043,-80.4219064497225,111,5289.49
3c2c524f-a466-48b1-81e4-f3ac7f35d571,37.2271861400418,-80.4400855154451,71,6881.25
6c8db17c-cc7e-4357-a5c5-21c8e98984ed,37.2293379806876,-80.4139403531695,86,6589.41
0838e7d7-57d5-427d-b770-e402eac1f11e,37.2427379283472,-80.4305951309392,47,2500.99
f83a250c-9d24-4fcf-a339-5447d451fdf5,37.2329387165908,-80.4176991719912,61,6721.23
ab1a571c-16bb-4448-8f67-f16233a2bd20,37.2289421758466,-80.4384583243293,18,2805.72
8c645223-1d5a-4351-adb6-43949e7cf524,37.2315644907352,-80.4330671694204,247,29565.07
c9430839-4a0c-471d-83b5-6785322fce8a,37.2205659634106,-80.4524265660909,33,3312.85
6e506adb-c6e8-48e0-b606-2bd650720397,37.2322085860822,-80.4236866083974,85,7767.06
009b7c3f-c455-4799-b8cf-815505da3f7e,37.2400435597527,-80.4224393881614,40,2102.72
1624ad03-0ebf-4743-8abc-42f34060e035,37.2347992500543,-80.4258919016058,14,465.09
3c2c524f-a466-48b1-81e4-f3ac7f35d571,37.2255080774729,-80.4446794357705,28,2390.94
a26fa236-5b1f-44ff-93d3-aeaf75cc2973,37.2321593162753,-80.4243342315126,157,9901.67
641aaf72-1326-4d06-a82a-2f2d84091463,37.2288279082477,-80.4200290209803,30,2781.02
e93f9bcf-465f-43b3-90d0-216bddda2c87,37.232858739337,-80.4247140165032,12,225.48
8c645223-1d5a-4351-adb6-43949e7cf524,37.1644232472403,-80.4181202173009,88,11635.06
6c8db17c-cc7e-4357-a5c5-21c8e98984ed,37.231247,-80.411105,31,2096.24
d9e3b73a-4dff-41e8-8980-71d8aa98e45f,37.224436214996,-80.433620067345,32,2687.56
b6d71f6b-4e43-42bc-a74d-ef5ff8fbb8a6,37.2184992304861,-80.4022206801154,41,3258.25
8c645223-1d5a-4351-adb6-43949e7cf524,37.1671397198187,-80.4289542373392,129,14196.67
edb1129b-9c6e-4d99-8a37-9ca86e8d6c3d,37.2374509216574,-80.4208341189987,15,1565.66
8909fd06-51cb-4b38-b873-c3b148b909b0,37.2148765574013,-80.4532765853302,28,4014.36
99f7a61c-9121-44a6-ac7a-8cd83a2bec8a,37.2322529152206,-80.4168893926873,22,1242.51
99f7a61c-9121-44a6-ac7a-8cd83a2bec8a,37.2267633513667,-80.4111652321318,113,12274.15
8edb0ac0-7024-48a5-a3bf-3ff8e8a7044f,37.2352097927022,-80.4209422748954,134,9198.87
fd0937b3-48d6-4b86-9d74-e463b40d55f4,37.2322644277424,-80.4233673897731,6,278.28
99f7a61c-9121-44a6-ac7a-8cd83a2bec8a,37.1938539146539,-80.4025664896869,60,6236.85
af234ae3-0762-49b9-89ff-4665d5b32ac7,37.2468409153778,-80.4187690835899,81,3555.8
8734192f-6a21-49a5-abcc-f16c770661f5,37.230711,-80.42681,0,0
8c645223-1d5a-4351-adb6-43949e7cf524,37.1896361195103,-80.4010237787233,70,8083.09
f06184b6-e86d-4b52-bd0b-2b5ea817c97e,37.2130122880694,-80.4251413069618,56,3467.31
a5d067da-d551-4428-93e8-ae0cd08d0e96,37.2076072738894,-80.4199983970794,35,2599.66
f06184b6-e86d-4b52-bd0b-2b5ea817c97e,37.1999070531965,-80.4053126506529,119,7595.09
25434fe2-1283-4de5-baa4-bb1845c06a9e,37.2324958358035,-80.4240945085115,97,7758.35
af234ae3-0762-49b9-89ff-4665d5b32ac7,37.2354539334457,-80.4209046316701,103,5107.48
8c645223-1d5a-4351-adb6-43949e7cf524,37.1557207308888,-80.4234751730637,171,17153.69
a43aa2ac-7c35-4c0b-a970-437b91e4ba35,37.2249148142852,-80.4463606386196,69,7092.8
e7b18590-2011-4d0c-8718-c9514a7b5808,37.1972745284283,-80.4041414861376,31,1506.72
3c2c524f-a466-48b1-81e4-f3ac7f35d571,37.231550125884,-80.434451467884,18,1234.84
a43aa2ac-7c35-4c0b-a970-437b91e4ba35,37.2296158808241,-80.4378170035968,13,1569.44
a43aa2ac-7c35-4c0b-a970-437b91e4ba35,37.2266553846798,-80.4410037012275,18,2005.85
3c2c524f-a466-48b1-81e4-f3ac7f35d571,37.2305051949136,-80.4285997048079,7,613.64
99f7a61c-9121-44a6-ac7a-8cd83a2bec8a,37.2223725749476,-80.4063292089897,110,11625.19
8734192f-6a21-49a5-abcc-f16c770661f5,37.2239098198624,-80.4290504110208,20,2140.23
7a7f8de7-b6e6-4d4f-b306-26500b9c1da1,37.229738,-80.427082,56,5505.59
5ace41fb-b4a5-42d0-8d49-1628dcfd98a9,37.2076929452614,-80.4210265809921,55,3479.82
b6d71f6b-4e43-42bc-a74d-ef5ff8fbb8a6,37.2188597932196,-80.4023953743658,98,8151.3
f06184b6-e86d-4b52-bd0b-2b5ea817c97e,37.1948506226127,-80.40387996365,168,10664.56
6add60f2-c611-432d-b7dc-83ccf50cad6e,37.230447,-80.426493,0,0
641aaf72-1326-4d06-a82a-2f2d84091463,37.2257579765009,-80.4157801836429,81,4847.24
6add60f2-c611-432d-b7dc-83ccf50cad6e,37.2365668259005,-80.4268186048757,13,1407.96
0a3f36d7-c307-4463-b6c5-99406a7cffaf,37.2315274883026,-80.4288316370214,7,774.93
0aa35e38-de23-44ce-b140-77621ff93358,37.2353877145083,-80.4209271522786,68,7111.25
8909fd06-51cb-4b38-b873-c3b148b909b0,37.229561,-80.427317,0,0
a26fa236-5b1f-44ff-93d3-aeaf75cc2973,37.2317505611989,-80.4161949055186,123,8609.28
f83a250c-9d24-4fcf-a339-5447d451fdf5,37.2122925341424,-80.393344514135,39,3135.09
c9430839-4a0c-471d-83b5-6785322fce8a,37.229738,-80.427082,0,0
a43aa2ac-7c35-4c0b-a970-437b91e4ba35,37.2288529638602,-80.438570594891,78,7942.94
25434fe2-1283-4de5-baa4-bb1845c06a9e,37.237224080139,-80.4209403955044,31,1047.78
da4e0dbe-a20d-4ca9-80cb-7614cd29577c,37.2314015132842,-80.4310969710228,81,4161.16
916d6333-dc42-44dd-8071-6054f1ed29d8,37.2171817927747,-80.4532358639448,45,3685.08
bccd5bab-2cf0-4b7a-bbac-6523feb55222,37.227629300717,-80.4180251990492,48,2292.31
fd0937b3-48d6-4b86-9d74-e463b40d55f4,37.174839749216,-80.4196859824196,102,10766.55
1624ad03-0ebf-4743-8abc-42f34060e035,37.2468311507706,-80.4160389400849,42,2674.21
a26fa236-5b1f-44ff-93d3-aeaf75cc2973,37.225368229104,-80.4096370612628,114,7691.43
b8c51a51-84af-4a44-9a35-9f53382c3b05,37.2548798704527,-80.415139689162,5,745.47
2674478c-5212-4ba0-993a-819fef810e02,37.2303883570664,-80.4123923428292,30,2228.75
fd0937b3-48d6-4b86-9d74-e463b40d55f4,37.1662315166012,-80.4229688218719,108,11768.89
f06184b6-e86d-4b52-bd0b-2b5ea817c97e,37.2123105742759,-80.4242252481952,61,3604.09
8c645223-1d5a-4351-adb6-43949e7cf524,37.2275198361727,-80.4416216595717,43,2340.81
f83a250c-9d24-4fcf-a339-5447d451fdf5,37.232026045273,-80.4240193984304,77,7787.95
7d6b5437-cda5-4b9f-822a-b8f311b72480,37.2321139750926,-80.4236323867307,2,174.68
1dc0fd3b-7e4c-4647-b4f4-48d87fcaa171,37.2331418362644,-80.4251620412994,47,8074.66
6c8db17c-cc7e-4357-a5c5-21c8e98984ed,37.2343084057753,-80.419524337025,20,1020.69
f0de71e0-107d-4bcb-a8d2-8dfcf6d66e3a,37.2487349937049,-80.4169849078704,19,1712.71
e0c0f9c9-b199-40b3-87ab-7bd1f213e157,37.2314612407363,-80.4220442725446,4,343.77
e0c0f9c9-b199-40b3-87ab-7bd1f213e157,37.229666,-80.420837,82,5213.91
c36e7bd9-7191-4115-a8f8-5507f1f145cf,37.1557207308888,-80.4234751730637,170,17154.56
3c2c524f-a466-48b1-81e4-f3ac7f35d571,37.2312454024155,-80.4288379817432,85,8083.09
99f7a61c-9121-44a6-ac7a-8cd83a2bec8a,37.2131448152118,-80.393809653726,98,9691.42
6add60f2-c611-432d-b7dc-83ccf50cad6e,37.2292799150442,-80.4278031215149,68,5929.19
d9e3b73a-4dff-41e8-8980-71d8aa98e45f,37.2228512304539,-80.4286348257462,63,4304.42
009b7c3f-c455-4799-b8cf-815505da3f7e,37.2315872548946,-80.4286168059277,10,655.79
e708f6e7-1846-4ab0-b148-b3f768db6cb4,37.2397904548571,-80.4355043284578,73,4342.58
0a3f36d7-c307-4463-b6c5-99406a7cffaf,37.2268326522233,-80.440695734712,24,2047.74
7d6b5437-cda5-4b9f-822a-b8f311b72480,37.2173186301181,-80.4191319746261,34,2424.2
8c645223-1d5a-4351-adb6-43949e7cf524,37.2282692608346,-80.4392757653518,32,1937.27
af234ae3-0762-49b9-89ff-4665d5b32ac7,37.2370037085852,-80.4210614999806,99,4932.06
641aaf72-1326-4d06-a82a-2f2d84091463,37.2285349505267,-80.4197657358507,29,2740.99
a43aa2ac-7c35-4c0b-a970-437b91e4ba35,37.2291846920579,-80.4384153741704,14,1640.84
f06184b6-e86d-4b52-bd0b-2b5ea817c97e,37.1943280657278,-80.403309533443,165,10586.18
8c645223-1d5a-4351-adb6-43949e7cf524,37.1676084858879,-80.4276814649434,132,14347.4
009b7c3f-c455-4799-b8cf-815505da3f7e,37.2433341053338,-80.4286182494524,57,3468.27
edb1129b-9c6e-4d99-8a37-9ca86e8d6c3d,37.2469188122105,-80.4165162394354,2,288.26
b6d71f6b-4e43-42bc-a74d-ef5ff8fbb8a6,37.2339302142817,-80.4190482448964,111,10385.48
5ace41fb-b4a5-42d0-8d49-1628dcfd98a9,37.2242161451554,-80.4243334039224,95,5914.88
f0de71e0-107d-4bcb-a8d2-8dfcf6d66e3a,37.2392187631169,-80.4163146523744,2,191.73
8c645223-1d5a-4351-adb6-43949e7cf524,37.2330405439284,-80.4249314086161,258,30343.1
e708f6e7-1846-4ab0-b148-b3f768db6cb4,37.2378178231259,-80.4351763310897,79,4573.39
8909fd06-51cb-4b38-b873-c3b148b909b0,37.2304616031511,-80.4361561288756,45,6869.42
5ace41fb-b4a5-42d0-8d49-1628dcfd98a9,37.2081806686716,-80.4196570886698,37,2670.92
f06184b6-e86d-4b52-bd0b-2b5ea817c97e,37.2054694269931,-80.412549289593,91,5538.83
c9430839-4a0c-471d-83b5-6785322fce8a,37.2304113905967,-80.4362674829366,89,8275.15
f8939f8a-f65e-4d6f-8519-2c2840e3e6a5,37.1982899614014,-80.4097674858422,197,22132.21
e7b18590-2011-4d0c-8718-c9514a7b5808,37.194739863575,-80.4038122250631,24,1220.98
d9e3b73a-4dff-41e8-8980-71d8aa98e45f,37.229344043961,-80.4278098737231,4,311.73
8edb0ac0-7024-48a5-a3bf-3ff8e8a7044f,37.2122790392882,-80.3933390158347,88,5210.81
af234ae3-0762-49b9-89ff-4665d5b32ac7,37.2439943311756,-80.4130255644609,54,2288.3
3f10aa8b-ace6-4ae9-ba94-ffaeea5f0ab2,37.2093655673711,-80.399278947517,28,2939.32
3c2c524f-a466-48b1-81e4-f3ac7f35d571,37.2313791366092,-80.4295957805216,82,8010.15
b6d71f6b-4e43-42bc-a74d-ef5ff8fbb8a6,37.2122,-80.406166,47,4294.62
1624ad03-0ebf-4743-8abc-42f34060e035,37.231916,-80.42403,87,5119.76
b6d71f6b-4e43-42bc-a74d-ef5ff8fbb8a6,37.227610929466,-80.4120825476696,33,1920.67
3f10aa8b-ace6-4ae9-ba94-ffaeea5f0ab2,37.2320159512635,-80.4165204609028,61,7264.73
8c645223-1d5a-4351-adb6-43949e7cf524,37.1994681763145,-80.41159412201,227,24644.19
6add60f2-c611-432d-b7dc-83ccf50cad6e,37.2308140179639,-80.4276131602458,2,141.44
d9e3b73a-4dff-41e8-8980-71d8aa98e45f,37.2246301140844,-80.4303158701106,23,2279.03
9231ca1f-b1ee-4245-85f9-3186ecc00751,37.1966112453742,-80.3943816262186,122,8575.24
8c645223-1d5a-4351-adb6-43949e7cf524,37.1956499120542,-80.4057908298961,226,23977.95
50af930d-67fd-4314-80ca-dcff1602aa9f,37.2392316007156,-80.4029925407763,48,3398.11
fd0937b3-48d6-4b86-9d74-e463b40d55f4,37.2320637769939,-80.4238492307318,3,228.57
8c645223-1d5a-4351-adb6-43949e7cf524,37.1673471136504,-80.4290504974363,130,14221.24
c36e7bd9-7191-4115-a8f8-5507f1f145cf,37.161693,-80.425831,151,15524.17
a43aa2ac-7c35-4c0b-a970-437b91e4ba35,37.230260544562,-80.4284649322746,6,552.29
c36e7bd9-7191-4115-a8f8-5507f1f145cf,37.1558059741757,-80.4229011776695,171,17206.27
da4e0dbe-a20d-4ca9-80cb-7614cd29577c,37.2415232733749,-80.4274141310119,36,1980.63
af234ae3-0762-49b9-89ff-4665d5b32ac7,37.2453121689148,-80.4128751404807,57,2485.18
da4e0dbe-a20d-4ca9-80cb-7614cd29577c,37.2373907166505,-80.42680448373,24,1510.87
6c8db17c-cc7e-4357-a5c5-21c8e98984ed,37.2414564932261,-80.3990201889884,70,4531.57
f8939f8a-f65e-4d6f-8519-2c2840e3e6a5,37.163268477402,-80.4254177213976,137,14877.91
c36e7bd9-7191-4115-a8f8-5507f1f145cf,37.2318966052231,-80.4278049507756,252,30046.6
f06184b6-e86d-4b52-bd0b-2b5ea817c97e,37.1939162656345,-80.4027319728604,125,8338.45
e570e646-82c5-4744-98dc-764a6d346163,37.2460817583265,-80.4219788168229,36,3352.97
50af930d-67fd-4314-80ca-dcff1602aa9f,37.2335064940869,-80.4247359704912,122,7942.18
1624ad03-0ebf-4743-8abc-42f34060e035,37.2369603222429,-80.4269030424178,17,722.46
c36e7bd9-7191-4115-a8f8-5507f1f145cf,37.1634377002704,-80.4129649965315,199,19519.43
e0c0f9c9-b199-40b3-87ab-7bd1f213e157,37.2321903245446,-80.4232328307067,3,211.03
f06184b6-e86d-4b52-bd0b-2b5ea817c97e,37.1967589167801,-80.4040004967648,173,10877.97
c36e7bd9-7191-4115-a8f8-5507f1f145cf,37.1927535069585,-80.4021952624048,67,7710.46
e0c0f9c9-b199-40b3-87ab-7bd1f213e157,37.2304761056059,-80.4211012562772,5,481.41
f06184b6-e86d-4b52-bd0b-2b5ea817c97e,37.2281667574398,-80.4268242408332,20,1422.64
641aaf72-1326-4d06-a82a-2f2d84091463,37.229666,-80.420837,31,2898.42
af234ae3-0762-49b9-89ff-4665d5b32ac7,37.2352779496389,-80.4206015906275,26,792.56
25434fe2-1283-4de5-baa4-bb1845c06a9e,37.2531254442409,-80.4109251744106,44,3034.19
78bec10c-1fb8-41d6-af99-dd82e113d469,37.2436324908586,-80.4217859652022,45,2502.91
af234ae3-0762-49b9-89ff-4665d5b32ac7,37.2322407450256,-80.4233753075021,4,99.82
fd0937b3-48d6-4b86-9d74-e463b40d55f4,37.1632855243649,-80.4275390087241,136,14066.74
a26fa236-5b1f-44ff-93d3-aeaf75cc2973,37.2321735091201,-80.4235356292264,3,131.62
0a3f36d7-c307-4463-b6c5-99406a7cffaf,37.215982093744,-80.4535304143338,48,3906.53
6c8db17c-cc7e-4357-a5c5-21c8e98984ed,37.229905559415,-80.4145555445287,87,6672.72
edb1129b-9c6e-4d99-8a37-9ca86e8d6c3d,37.2415302539784,-80.4183173428963,12,1060.03
3c2c524f-a466-48b1-81e4-f3ac7f35d571,37.2127656362938,-80.4440752754416,47,4427.04
a26fa236-5b1f-44ff-93d3-aeaf75cc2973,37.2093867909642,-80.3990876676538,65,4335.33
af234ae3-0762-49b9-89ff-4665d5b32ac7,37.2423429633583,-80.4222481204419,92,4293.17
c36e7bd9-7191-4115-a8f8-5507f1f145cf,37.1571243914419,-80.4197638115397,174,17520.54
e93f9bcf-465f-43b3-90d0-216bddda2c87,37.2468311507706,-80.4160389400849,42,2674.21
0838e7d7-57d5-427d-b770-e402eac1f11e,37.239482476012,-80.4354794395737,28,1837.18
8edb0ac0-7024-48a5-a3bf-3ff8e8a7044f,37.2131216355039,-80.4001131892272,59,3890.37
a43aa2ac-7c35-4c0b-a970-437b91e4ba35,37.2173042736918,-80.4482643431944,59,5971.8
9231ca1f-b1ee-4245-85f9-3186ecc00751,37.1943280657278,-80.403309533443,140,9705.2
ab1a571c-16bb-4448-8f67-f16233a2bd20,37.2314727353156,-80.4288149097453,25,3758.39
c36e7bd9-7191-4115-a8f8-5507f1f145cf,37.1659237554924,-80.428526414685,127,14056.04
b6d71f6b-4e43-42bc-a74d-ef5ff8fbb8a6,37.231449,-80.424654,0,0
6c8db17c-cc7e-4357-a5c5-21c8e98984ed,37.2352904481175,-80.4206250821391,97,7481.49
f8939f8a-f65e-4d6f-8519-2c2840e3e6a5,37.2320637769939,-80.4238492307318,3,228.57
da4e0dbe-a20d-4ca9-80cb-7614cd29577c,37.2293293084484,-80.4277777802687,4,366.91
f06184b6-e86d-4b52-bd0b-2b5ea817c97e,37.2011133850284,-80.4107481486051,99,6092.31
f8939f8a-f65e-4d6f-8519-2c2840e3e6a5,37.1853838835054,-80.4085254653706,182,20318.68
86a57bd8-fef0-4b5e-b079-990c8f500901,37.2341812388144,-80.4218776303593,71,5270.61
9231ca1f-b1ee-4245-85f9-3186ecc00751,37.1937326078977,-80.4021203160582,102,7515.42
98e8b74d-b3ea-4ff9-993d-114d2f5de2cf,37.221043087387,-80.4228671098247,24,1760.48
86a57bd8-fef0-4b5e-b079-990c8f500901,37.2460765985296,-80.4143503555268,35,2627.1
25434fe2-1283-4de5-baa4-bb1845c06a9e,37.2322176567479,-80.4233886011323,4,123.62
af234ae3-0762-49b9-89ff-4665d5b32ac7,37.2374436572601,-80.4208440234648,98,4879.52
c9430839-4a0c-471d-83b5-6785322fce8a,37.227526884007,-80.4398664060055,21,1910.62
fd0937b3-48d6-4b86-9d74-e463b40d55f4,37.1920517942436,-80.4045328379613,83,7665.39
f06184b6-e86d-4b52-bd0b-2b5ea817c97e,37.1938348483792,-80.4025089216356,126,8360.17
c9430839-4a0c-471d-83b5-6785322fce8a,37.2249890045065,-80.4464940919546,28,2573.88
7a7f8de7-b6e6-4d4f-b306-26500b9c1da1,37.2220426632191,-80.4489146440574,32,2777.4
8c645223-1d5a-4351-adb6-43949e7cf524,37.2276021597004,-80.4410761856878,47,2392.9
8c645223-1d5a-4351-adb6-43949e7cf524,37.1645116490237,-80.4127047377503,194,19382.86
f06184b6-e86d-4b52-bd0b-2b5ea817c97e,37.1966794031117,-80.3944101477289,146,9448.24
0838e7d7-57d5-427d-b770-e402eac1f11e,37.2333618209867,-80.4251361808559,93,5085.87
c2c639a5-32f8-41e3-8221-8ebd4c904b68,37.2315037569542,-80.4252855415179,45,3536.01
57b3d106-fd5e-4b7b-85f7-bfb555af392b,37.2208964584823,-80.4229309135772,12,1387.19
8c645223-1d5a-4351-adb6-43949e7cf524,37.1619177533178,-80.426690342462,148,15276.66
1624ad03-0ebf-4743-8abc-42f34060e035,37.2327618759609,-80.4246783369478,77,4692.61
1624ad03-0ebf-4743-8abc-42f34060e035,37.2467025117103,-80.4197585788409,37,2342.37
e708f6e7-1846-4ab0-b148-b3f768db6cb4,37.2417346528828,-80.4252116284367,33,2095.49
009b7c3f-c455-4799-b8cf-815505da3f7e,37.2449755428567,-80.421447095194,49,2664.19
1624ad03-0ebf-4743-8abc-42f34060e035,37.2324662210165,-80.4240406022204,79,4758.51
6e506adb-c6e8-48e0-b606-2bd650720397,37.2366904630862,-80.4210972638107,30,991.59
3f10aa8b-ace6-4ae9-ba94-ffaeea5f0ab2,37.2315422824461,-80.4251553404484,86,8614.76
f8939f8a-f65e-4d6f-8519-2c2840e3e6a5,37.1618395251023,-80.4258348854994,133,14507.13
78bec10c-1fb8-41d6-af99-dd82e113d469,37.2392152402017,-80.4223211344429,36,2002.62
8c645223-1d5a-4351-adb6-43949e7cf524,37.1634377002704,-80.4129649965315,200,19518.55
8734192f-6a21-49a5-abcc-f16c770661f5,37.2241787351601,-80.4307739968694,29,2353.86
8734192f-6a21-49a5-abcc-f16c770661f5,37.224550260158,-80.4339224034971,54,3611.27
c36e7bd9-7191-4115-a8f8-5507f1f145cf,37.2091824812166,-80.4272627078646,60,4836.41
c9430839-4a0c-471d-83b5-6785322fce8a,37.214785526457,-80.453232298756,41,4012.4
641aaf72-1326-4d06-a82a-2f2d84091463,37.2282021524808,-80.4194345021474,28,2693.8
50af930d-67fd-4314-80ca-dcff1602aa9f,37.2325044903963,-80.4240478890558,12,348.67
e0c0f9c9-b199-40b3-87ab-7bd1f213e157,37.2164364388887,-80.4167959031798,41,2711.61
c36e7bd9-7191-4115-a8f8-5507f1f145cf,37.2282771151724,-80.4390383250249,239,28902.56
50af930d-67fd-4314-80ca-dcff1602aa9f,37.2333801461646,-80.4250851333076,123,7976.11
fd0937b3-48d6-4b86-9d74-e463b40d55f4,37.1751016472101,-80.418948434723,178,18062.4
6e506adb-c6e8-48e0-b606-2bd650720397,37.2362334795224,-80.4211150897546,29,940.79
a5d067da-d551-4428-93e8-ae0cd08d0e96,37.2090837959672,-80.4171391156748,47,3049.83
f8939f8a-f65e-4d6f-8519-2c2840e3e6a5,37.161693,-80.425831,132,14490.84
3c2c524f-a466-48b1-81e4-f3ac7f35d571,37.2177310119707,-80.4482695727509,56,5171.92
c36e7bd9-7191-4115-a8f8-5507f1f145cf,37.1713660395671,-80.417250073972,80,10685.77
f83a250c-9d24-4fcf-a339-5447d451fdf5,37.2321651352826,-80.423712792195,76,7756.73
50af930d-67fd-4314-80ca-dcff1602aa9f,37.2391994142055,-80.4030582549011,82,4991.29
a5d067da-d551-4428-93e8-ae0cd08d0e96,37.231409453651,-80.4292862044659,86,8004.77
8edb0ac0-7024-48a5-a3bf-3ff8e8a7044f,37.2326220016393,-80.4244162308561,151,9752.95
8c645223-1d5a-4351-adb6-43949e7cf524,37.2265672096959,-80.4399458883291,238,28695.11
e708f6e7-1846-4ab0-b148-b3f768db6cb4,37.2312921598464,-80.4300460244304,91,5572.97
50af930d-67fd-4314-80ca-dcff1602aa9f,37.2346844363209,-80.4092129128429,41,2635.72
6c8db17c-cc7e-4357-a5c5-21c8e98984ed,37.2351286562176,-80.4204967353428,96,7460.23
009b7c3f-c455-4799-b8cf-815505da3f7e,37.238239183321,-80.4265959815142,67,4069.58
7a7f8de7-b6e6-4d4f-b306-26500b9c1da1,37.2166086840268,-80.4461180995466,23,2016.13
8edb0ac0-7024-48a5-a3bf-3ff8e8a7044f,37.2186910174209,-80.4022571204816,104,6702.36
e7b18590-2011-4d0c-8718-c9514a7b5808,37.196776,-80.394275,0,0
edb1129b-9c6e-4d99-8a37-9ca86e8d6c3d,37.2452219780878,-80.4156931167728,9,588.67
57b3d106-fd5e-4b7b-85f7-bfb555af392b,37.2315037569542,-80.4252855415179,45,3536.01
0a3f36d7-c307-4463-b6c5-99406a7cffaf,37.229222858475,-80.4381181032212,83,6685.42
86a57bd8-fef0-4b5e-b079-990c8f500901,37.248016990185,-80.4174305564682,41,3053.23
a26fa236-5b1f-44ff-93d3-aeaf75cc2973,37.2124577887331,-80.3960751233146,92,5528.95
5ace41fb-b4a5-42d0-8d49-1628dcfd98a9,37.2164711033362,-80.4234139956603,80,4664.69
99f7a61c-9121-44a6-ac7a-8cd83a2bec8a,37.2114707357568,-80.393687957149,95,9465.58
7a7f8de7-b6e6-4d4f-b306-26500b9c1da1,37.2293156695136,-80.4380108602519,45,4268.38
1dc0fd3b-7e4c-4647-b4f4-48d87fcaa171,37.232060938421,-80.4238884478084,56,8277.49
86a57bd8-fef0-4b5e-b079-990c8f500901,37.2487349937049,-80.4169849078704,43,3143.63
b8c51a51-84af-4a44-9a35-9f53382c3b05,37.2536965345855,-80.4188260943645,7,1097.1
f8939f8a-f65e-4d6f-8519-2c2840e3e6a5,37.2313564123332,-80.4304184745177,220,27508.31
fd0937b3-48d6-4b86-9d74-e463b40d55f4,37.175331605676,-80.4193252253941,101,10703.25
b6d71f6b-4e43-42bc-a74d-ef5ff8fbb8a6,37.2090638437882,-80.3952742357739,74,6099.92
e708f6e7-1846-4ab0-b148-b3f768db6cb4,37.2444404114185,-80.4214146095424,46,2660.58
6add60f2-c611-432d-b7dc-83ccf50cad6e,37.2454365803194,-80.4239672847117,34,3049.36
5ace41fb-b4a5-42d0-8d49-1628dcfd98a9,37.2090468832674,-80.4174207655887,48,3075.09
99f7a61c-9121-44a6-ac7a-8cd83a2bec8a,37.2184313785379,-80.4021272391584,33,3261.84
c36e7bd9-7191-4115-a8f8-5507f1f145cf,37.1568544587441,-80.4236498673141,169,17027.63
c36e7bd9-7191-4115-a8f8-5507f1f145cf,37.231152893827,-80.4350422840067,243,29382.53
78bec10c-1fb8-41d6-af99-dd82e113d469,37.238239183321,-80.4265959815142,70,4059.91
e93f9bcf-465f-43b3-90d0-216bddda2c87,37.2439160856126,-80.4278535963176,31,1560.09
f8939f8a-f65e-4d6f-8519-2c2840e3e6a5,37.1666778425382,-80.4252548769268,120,13546.88
b6d71f6b-4e43-42bc-a74d-ef5ff8fbb8a6,37.2321972180524,-80.4236771717075,2,120.49
98e8b74d-b3ea-4ff9-993d-114d2f5de2cf,37.2277454018736,-80.4187840014419,41,3000.05
f06184b6-e86d-4b52-bd0b-2b5ea817c97e,37.1961073278783,-80.4039614441039,172,10805.48
b6d71f6b-4e43-42bc-a74d-ef5ff8fbb8a6,37.2339505740465,-80.4226967133914,121,10845.71
6c8db17c-cc7e-4357-a5c5-21c8e98984ed,37.2333801461646,-80.4250851333076,106,7958.37
0838e7d7-57d5-427d-b770-e402eac1f11e,37.2454965799797,-80.4216678982237,62,3427.08
c36e7bd9-7191-4115-a8f8-5507f1f145cf,37.1634349450762,-80.4246831411783,157,15965.36
0838e7d7-57d5-427d-b770-e402eac1f11e,37.230034997519,-80.4283305900054,6,374.55
009b7c3f-c455-4799-b8cf-815505da3f7e,37.23699308354,-80.4210382853562,35,1717.44
c36e7bd9-7191-4115-a8f8-5507f1f145cf,37.2331200228958,-80.4253627964589,254,30301.92
009b7c3f-c455-4799-b8cf-815505da3f7e,37.2306906644288,-80.4286353881933,7,540.87
c1bea031-37b2-475c-8beb-85fbb71be7a0,37.2260669960839,-80.429229037661,35,1648.56
a5d067da-d551-4428-93e8-ae0cd08d0e96,37.2103420966712,-80.4274573756934,72,4592.26
98e4504d-d61b-4182-95cb-038c39551a3a,37.225667,-80.447849,36,2758.64
1624ad03-0ebf-4743-8abc-42f34060e035,37.2352976512176,-80.4209443211751,60,4153.98
fd0937b3-48d6-4b86-9d74-e463b40d55f4,37.1874435059693,-80.4104651755372,189,19945.49
f06184b6-e86d-4b52-bd0b-2b5ea817c97e,37.2128163768103,-80.4252340018702,57,3490.57
c36e7bd9-7191-4115-a8f8-5507f1f145cf,37.172797383501,-80.4168221979454,210,20688.69
98e8b74d-b3ea-4ff9-993d-114d2f5de2cf,37.226277589326,-80.425540817085,21,1130.62
a43aa2ac-7c35-4c0b-a970-437b91e4ba35,37.2298152748839,-80.4282707644946,88,9094.88
3c2c524f-a466-48b1-81e4-f3ac7f35d571,37.2171902161996,-80.4473192834875,38,3790.93
67aab091-d5f3-411e-82ad-611d0f153f61,37.2413408740635,-80.4273780068607,6,606.18
b6d71f6b-4e43-42bc-a74d-ef5ff8fbb8a6,37.2101658557313,-80.4015301875827,55,4996.25
0838e7d7-57d5-427d-b770-e402eac1f11e,37.2344413724968,-80.4214323686374,87,4734.99
0838e7d7-57d5-427d-b770-e402eac1f11e,37.2345752855882,-80.4334315915961,20,1250.33
c9430839-4a0c-471d-83b5-6785322fce8a,37.2286197923809,-80.438982239187,20,1766.16
a43aa2ac-7c35-4c0b-a970-437b91e4ba35,37.2153594456687,-80.4447561974312,48,4967.2
fd0937b3-48d6-4b86-9d74-e463b40d55f4,37.1673624792522,-80.4290363880135,126,13181.38
50af930d-67fd-4314-80ca-dcff1602aa9f,37.2340231026848,-80.4220442529595,18,750.03
9231ca1f-b1ee-4245-85f9-3186ecc00751,37.1948506226127,-80.40387996365,143,9783.58
a5d067da-d551-4428-93e8-ae0cd08d0e96,37.2048926694586,-80.4147682651334,21,1943.66
1624ad03-0ebf-4743-8abc-42f34060e035,37.2348406592107,-80.4209977990069,64,4205.94
e93f9bcf-465f-43b3-90d0-216bddda2c87,37.2327764215482,-80.4246427127275,11,214.37
6e506adb-c6e8-48e0-b606-2bd650720397,37.2346724223006,-80.4211054117177,72,7195.3
8edb0ac0-7024-48a5-a3bf-3ff8e8a7044f,37.2119316221826,-80.3997610258585,96,5914.26
67b5d761-e302-49aa-abb2-580efabd4eaf,37.2280382289809,-80.4193333659468,45,2162.63
f83a250c-9d24-4fcf-a339-5447d451fdf5,37.2090442855661,-80.3953267590988,22,2168.43
98e8b74d-b3ea-4ff9-993d-114d2f5de2cf,37.2324828978992,-80.4236831262053,53,3713.35
6e506adb-c6e8-48e0-b606-2bd650720397,37.2509823591103,-80.4116051144364,40,2791.74
8c645223-1d5a-4351-adb6-43949e7cf524,37.1664517129322,-80.4240632969176,103,12884.49
916d6333-dc42-44dd-8071-6054f1ed29d8,37.231526286625,-80.4251663722738,122,9632.87
e570e646-82c5-4744-98dc-764a6d346163,37.2336295619003,-80.4239814786191,57,4974.47
fd0937b3-48d6-4b86-9d74-e463b40d55f4,37.1660917798336,-80.4285486297934,125,13033.72
a26fa236-5b1f-44ff-93d3-aeaf75cc2973,37.2328065072809,-80.424647968127,14,301.18
a5d067da-d551-4428-93e8-ae0cd08d0e96,37.2050486138086,-80.405858582592,3,276.65
3f10aa8b-ace6-4ae9-ba94-ffaeea5f0ab2,37.2069565777157,-80.3989129006215,27,2669.68
2504249f-e511-4516-8a2e-2c1e088d018d,37.2322529152206,-80.4168893926873,17,1234.55
1624ad03-0ebf-4743-8abc-42f34060e035,37.2354197045147,-80.4209157996649,59,4140.18
916d6333-dc42-44dd-8071-6054f1ed29d8,37.2249148142852,-80.4463606386196,85,7102.37
50af930d-67fd-4314-80ca-dcff1602aa9f,37.2303883570664,-80.4123923428292,95,6420.02
25434fe2-1283-4de5-baa4-bb1845c06a9e,37.2349170856657,-80.420739665866,22,762.94
3c2c524f-a466-48b1-81e4-f3ac7f35d571,37.2296158808241,-80.4378170035968,20,1602.65
8734192f-6a21-49a5-abcc-f16c770661f5,37.2202851949861,-80.4264508383218,77,4658.2
a26fa236-5b1f-44ff-93d3-aeaf75cc2973,37.2296990293085,-80.414330238958,37,1617.05
86a57bd8-fef0-4b5e-b079-990c8f500901,37.2439614189276,-80.413034678694,32,2271.11
f83a250c-9d24-4fcf-a339-5447d451fdf5,37.2341492689097,-80.4220478490328,68,7287.11
f8939f8a-f65e-4d6f-8519-2c2840e3e6a5,37.2331251033796,-80.4252867631415,226,28011.59
8c645223-1d5a-4351-adb6-43949e7cf524,37.1638780779277,-80.414209247417,205,19657.87
99f7a61c-9121-44a6-ac7a-8cd83a2bec8a,37.193586953173,-80.4014933678633,61,6336.36
f8939f8a-f65e-4d6f-8519-2c2840e3e6a5,37.1736755895279,-80.4202306753842,94,10907.2
b6d71f6b-4e43-42bc-a74d-ef5ff8fbb8a6,37.234728524135,-80.4208630522657,22,770.24
2504249f-e511-4516-8a2e-2c1e088d018d,37.2319983610741,-80.424024595697,95,9835.77
8734192f-6a21-49a5-abcc-f16c770661f5,37.2208700300576,-80.4226824337772,82,5000.13
1dc0fd3b-7e4c-4647-b4f4-48d87fcaa171,37.2311166660072,-80.4352279764078,35,7122.06
edb1129b-9c6e-4d99-8a37-9ca86e8d6c3d,37.231916,-80.42403,49,2777.32
3f10aa8b-ace6-4ae9-ba94-ffaeea5f0ab2,37.2352887567668,-80.420638253948,68,7782.31
f8939f8a-f65e-4d6f-8519-2c2840e3e6a5,37.1971351270849,-80.407162355836,195,21868.3
fd0937b3-48d6-4b86-9d74-e463b40d55f4,37.1691931449385,-80.4212751224871,174,17368.93
a26fa236-5b1f-44ff-93d3-aeaf75cc2973,37.2337914759129,-80.423261109689,145,9482.53
6c8db17c-cc7e-4357-a5c5-21c8e98984ed,37.231765,-80.424925,115,8285.22
f8939f8a-f65e-4d6f-8519-2c2840e3e6a5,37.2317765238818,-80.4282757960585,17,839.56
8edb0ac0-7024-48a5-a3bf-3ff8e8a7044f,37.2320798362951,-80.4238743221609,156,9860.03
67b5d761-e302-49aa-abb2-580efabd4eaf,37.2280575179952,-80.4195417036378,44,2144.07
86a57bd8-fef0-4b5e-b079-990c8f500901,37.2336447617097,-80.4239169183445,73,5460.63
e93f9bcf-465f-43b3-90d0-216bddda2c87,37.2322811356063,-80.4233701187944,4,74.31
641aaf72-1326-4d06-a82a-2f2d84091463,37.2321577721713,-80.4244386358209,45,3432.16
da4e0dbe-a20d-4ca9-80cb-7614cd29577c,37.2365668259005,-80.4268186048757,21,1417.75
ab1a571c-16bb-4448-8f67-f16233a2bd20,37.2304616031511,-80.4361561288756,19,3070.29
e570e646-82c5-4744-98dc-764a6d346163,37.2335207781604,-80.4246584455588,58,5035.57
a26fa236-5b1f-44ff-93d3-aeaf75cc2973,37.2325198137051,-80.4240454512226,12,238.54
a43aa2ac-7c35-4c0b-a970-437b91e4ba35,37.2150092934487,-80.4513934571927,39,4195.99
f8939f8a-f65e-4d6f-8519-2c2840e3e6a5,37.2275389580757,-80.4415823356629,43,2364.26
8c645223-1d5a-4351-adb6-43949e7cf524,37.2316444182321,-80.4339600688741,27,1326.15
8c645223-1d5a-4351-adb6-43949e7cf524,37.2265915612088,-80.4414077482447,37,2212.61
c36e7bd9-7191-4115-a8f8-5507f1f145cf,37.1672534456996,-80.417356028525,93,11960.9
a632e61e-c94b-4ceb-a95e-33c672af2314,37.2292139697309,-80.4204390176946,12,670.01
a26fa236-5b1f-44ff-93d3-aeaf75cc2973,37.2348530703466,-80.4209473021686,138,9241.29
57b3d106-fd5e-4b7b-85f7-bfb555af392b,37.2275904804604,-80.4176539385461,23,2511.95
25434fe2-1283-4de5-baa4-bb1845c06a9e,37.2333984913846,-80.4250428487279,93,7622.07
e7b18590-2011-4d0c-8718-c9514a7b5808,37.1941582472837,-80.3953822780293,10,432.68
0a3f36d7-c307-4463-b6c5-99406a7cffaf,37.2186787001008,-80.4481645218418,60,4811.38
7e6c10eb-0e83-4bba-bc4f-756b56fc4ea7,37.2393243376347,-80.4355380271452,38,2145.67
1dc0fd3b-7e4c-4647-b4f4-48d87fcaa171,37.2089244274699,-80.4264971342102,19,4078.51
8c645223-1d5a-4351-adb6-43949e7cf524,37.1662646820441,-80.4247009671194,105,12945.4
9231ca1f-b1ee-4245-85f9-3186ecc00751,37.2310736468778,-80.4272464161774,1,35.19
a5d067da-d551-4428-93e8-ae0cd08d0e96,37.2011837529219,-80.4113343609392,14,1241.74
5ace41fb-b4a5-42d0-8d49-1628dcfd98a9,37.2047931428088,-80.4056058747637,2,240.51
e570e646-82c5-4744-98dc-764a6d346163,37.230034997519,-80.4283305900054,5,373.35
fd0937b3-48d6-4b86-9d74-e463b40d55f4,37.1982899614014,-80.4097674858422,206,22129.58
bccd5bab-2cf0-4b7a-bbac-6523feb55222,37.2206774187492,-80.4267528907509,124,6675.38
e0c0f9c9-b199-40b3-87ab-7bd1f213e157,37.2215421654965,-80.4195446561837,23,1945.23
9231ca1f-b1ee-4245-85f9-3186ecc00751,37.2056431969419,-80.4070756365066,86,6000.21
78bec10c-1fb8-41d6-af99-dd82e113d469,37.230447,-80.426493,0,0
3c2c524f-a466-48b1-81e4-f3ac7f35d571,37.2316989148197,-80.4328685289188,15,1092.51
c2c639a5-32f8-41e3-8221-8ebd4c904b68,37.226754,-80.425753,5,682.67
c36e7bd9-7191-4115-a8f8-5507f1f145cf,37.2323654162923,-80.4233322411085,6,270.47
8edb0ac0-7024-48a5-a3bf-3ff8e8a7044f,37.210528231725,-80.3956757819888,81,4881.14
fd0937b3-48d6-4b86-9d74-e463b40d55f4,37.2316853582041,-80.4332108760038,26,1281.57
f0de71e0-107d-4bcb-a8d2-8dfcf6d66e3a,37.2467498330325,-80.4198314499755,29,2201.11
8734192f-6a21-49a5-abcc-f16c770661f5,37.2225105243294,-80.4283758903333,74,4357.72
e708f6e7-1846-4ab0-b148-b3f768db6cb4,37.2367222096797,-80.4268694412208,17,1422.05
b8c51a51-84af-4a44-9a35-9f53382c3b05,37.231539155897,-80.4251798911306,50,4947.33
8edb0ac0-7024-48a5-a3bf-3ff8e8a7044f,37.2193736631132,-80.4029034137672,106,6797.46
f83a250c-9d24-4fcf-a339-5447d451fdf5,37.220935124735,-80.4047573119347,52,4961.45
a26fa236-5b1f-44ff-93d3-aeaf75cc2973,37.2111032730999,-80.3996236860528,62,4118.81
6add60f2-c611-432d-b7dc-83ccf50cad6e,37.239648825944,-80.4354843835987,53,4362.06
fd0937b3-48d6-4b86-9d74-e463b40d55f4,37.1868506562708,-80.4101102712102,92,8694.11
b6d71f6b-4e43-42bc-a74d-ef5ff8fbb8a6,37.2093310683845,-80.3993946395012,59,5222.97
0a3f36d7-c307-4463-b6c5-99406a7cffaf,37.2207432452672,-80.4523325109024,38,3322.36
8c645223-1d5a-4351-adb6-43949e7cf524,37.2328224233031,-80.4246549261473,12,403.63
8edb0ac0-7024-48a5-a3bf-3ff8e8a7044f,37.2091227238512,-80.3985778456591,68,4391.87
fd0937b3-48d6-4b86-9d74-e463b40d55f4,37.232060938421,-80.4238884478084,255,28225.85
6add60f2-c611-432d-b7dc-83ccf50cad6e,37.2383495344597,-80.4265620046306,17,1609.02
a26fa236-5b1f-44ff-93d3-aeaf75cc2973,37.2108178482762,-80.3995867940833,63,4150.69
a26fa236-5b1f-44ff-93d3-aeaf75cc2973,37.2093385207007,-80.3988274088726,67,4359.27
bccd5bab-2cf0-4b7a-bbac-6523feb55222,37.22087324892,-80.422655470917,130,7072.18
b6d71f6b-4e43-42bc-a74d-ef5ff8fbb8a6,37.2090982348924,-80.4049777251367,51,4667.31
0aa35e38-de23-44ce-b140-77621ff93358,37.2553341598074,-80.4135876798,51,4675
50af930d-67fd-4314-80ca-dcff1602aa9f,37.2343736227604,-80.4195448299376,105,7351.25
57b3d106-fd5e-4b7b-85f7-bfb555af392b,37.2321237093322,-80.4241534207182,43,3406.11
7172a8d8-0bfc-4398-8da7-f0e7ecaa85d7,37.2324224242856,-80.4233235314052,7,231.21
f0de71e0-107d-4bcb-a8d2-8dfcf6d66e3a,37.24095,-80.416242,4,391.31
86a57bd8-fef0-4b5e-b079-990c8f500901,37.2469229232273,-80.417526082381,51,3427.01
d5bba5d8-b131-4789-abec-efc493310641,37.2352847712146,-80.4208675149764,111,7516.24
d9e3b73a-4dff-41e8-8980-71d8aa98e45f,37.224665669789,-80.4341659068497,47,3575.96
fd0937b3-48d6-4b86-9d74-e463b40d55f4,37.1676465794098,-80.4276994422196,111,12219.63
c36e7bd9-7191-4115-a8f8-5507f1f145cf,37.2325101827881,-80.4235318916804,8,295.1
c36e7bd9-7191-4115-a8f8-5507f1f145cf,37.2325385683429,-80.4239846706559,10,335.39
7e6c10eb-0e83-4bba-bc4f-756b56fc4ea7,37.2335207781604,-80.4246584455588,103,5366.87
7e6c10eb-0e83-4bba-bc4f-756b56fc4ea7,37.2405496668115,-80.4355471781606,48,2286.64
e93f9bcf-465f-43b3-90d0-216bddda2c87,37.2432828281606,-80.4170887912833,48,3179.38
7e6c10eb-0e83-4bba-bc4f-756b56fc4ea7,37.2387834558275,-80.4356187478614,34,2083.28
af234ae3-0762-49b9-89ff-4665d5b32ac7,37.2461001894593,-80.4219777534952,84,3853.77
3f10aa8b-ace6-4ae9-ba94-ffaeea5f0ab2,37.2130384870194,-80.3941130873032,43,3958.49
50af930d-67fd-4314-80ca-dcff1602aa9f,37.2347100163267,-80.4210887823655,117,7587.84
99f7a61c-9121-44a6-ac7a-8cd83a2bec8a,37.1977042656724,-80.4012166882492,79,7376.14
7e6c10eb-0e83-4bba-bc4f-756b56fc4ea7,37.239482476012,-80.4354794395737,39,2163.99
d5bba5d8-b131-4789-abec-efc493310641,37.2414538110169,-80.3990040957334,54,3844.41
d5bba5d8-b131-4789-abec-efc493310641,37.2319169069671,-80.4163542116606,100,6958.31
7e6c10eb-0e83-4bba-bc4f-756b56fc4ea7,37.2434190862868,-80.4284310613474,65,3035.14
c36e7bd9-7191-4115-a8f8-5507f1f145cf,37.1634490648913,-80.4242844709154,158,16000.7
c36e7bd9-7191-4115-a8f8-5507f1f145cf,37.1924831517332,-80.4014830998467,222,23458.85
c36e7bd9-7191-4115-a8f8-5507f1f145cf,37.2320020795492,-80.4239454535793,3,200.84
2504249f-e511-4516-8a2e-2c1e088d018d,37.2131421868764,-80.3937846644327,54,5291.7
e570e646-82c5-4744-98dc-764a6d346163,37.2305005345508,-80.4286585873747,66,5587.34
8734192f-6a21-49a5-abcc-f16c770661f5,37.2209211319358,-80.4226218255679,83,5007.94
a26fa236-5b1f-44ff-93d3-aeaf75cc2973,37.2326220016393,-80.4244162308561,151,9752.95
7d6b5437-cda5-4b9f-822a-b8f311b72480,37.232508446429,-80.4234166264777,90,5627.45
fd0937b3-48d6-4b86-9d74-e463b40d55f4,37.2271282604851,-80.440355487626,38,2115.42
6add60f2-c611-432d-b7dc-83ccf50cad6e,37.2409608121647,-80.4268907395143,20,1923.58
c2c639a5-32f8-41e3-8221-8ebd4c904b68,37.2322977189284,-80.42374552361,40,3345.58
50af930d-67fd-4314-80ca-dcff1602aa9f,37.2337236066969,-80.4235414065642,121,7833.78
7e6c10eb-0e83-4bba-bc4f-756b56fc4ea7,37.2396563621681,-80.4354707598816,41,2183.36
8c645223-1d5a-4351-adb6-43949e7cf524,37.1617329883766,-80.4226587448337,182,18242.89
3f10aa8b-ace6-4ae9-ba94-ffaeea5f0ab2,37.2223725749476,-80.4063292089897,54,5862.92
7e6c10eb-0e83-4bba-bc4f-756b56fc4ea7,37.2322606812746,-80.4234302716378,7,271.93
7e6c10eb-0e83-4bba-bc4f-756b56fc4ea7,37.2315048954655,-80.4293153762146,24,924.38
7e6c10eb-0e83-4bba-bc4f-756b56fc4ea7,37.2432573118336,-80.4287127112613,64,3004.42
57b3d106-fd5e-4b7b-85f7-bfb555af392b,37.2298469927381,-80.421002317519,31,2922.76
e93f9bcf-465f-43b3-90d0-216bddda2c87,37.2468141226682,-80.4190051771531,38,2410.16
6add60f2-c611-432d-b7dc-83ccf50cad6e,37.2419964129399,-80.4345346694561,47,4072.35
312be01d-4ee2-41b0-87d1-4ac8e4899530,37.223281467127,-80.4317631164904,14,690.52
9231ca1f-b1ee-4245-85f9-3186ecc00751,37.2160247145381,-80.4245245293021,22,2223.06
c36e7bd9-7191-4115-a8f8-5507f1f145cf,37.2267363387901,-80.4408373180392,35,2157.76
8edb0ac0-7024-48a5-a3bf-3ff8e8a7044f,37.2093782726845,-80.3989486252926,66,4347.67
a43aa2ac-7c35-4c0b-a970-437b91e4ba35,37.2141073473756,-80.4442838099172,50,5112.69
a5d067da-d551-4428-93e8-ae0cd08d0e96,37.2045891769755,-80.4161331511078,23,2069.14
312be01d-4ee2-41b0-87d1-4ac8e4899530,37.2209211319358,-80.4226218255679,39,1848.64
0838e7d7-57d5-427d-b770-e402eac1f11e,37.2438822413681,-80.4278863346368,56,2778.87
2504249f-e511-4516-8a2e-2c1e088d018d,37.2340023685915,-80.4227233017908,84,9382.5
c9430839-4a0c-471d-83b5-6785322fce8a,37.2157649526456,-80.4504797131109,45,4357.53
f06184b6-e86d-4b52-bd0b-2b5ea817c97e,37.2279115008127,-80.4269982699409,21,1454.91
7d6b5437-cda5-4b9f-822a-b8f311b72480,37.2321903245446,-80.4232328307067,3,211.03
c36e7bd9-7191-4115-a8f8-5507f1f145cf,37.1575534403783,-80.4190079915176,175,17602.72
8edb0ac0-7024-48a5-a3bf-3ff8e8a7044f,37.2247972920416,-80.4089886193865,42,2338.33
f8939f8a-f65e-4d6f-8519-2c2840e3e6a5,37.2325798387715,-80.4265680706309,225,27883.05
7e6c10eb-0e83-4bba-bc4f-756b56fc4ea7,37.2409754036056,-80.4352655282465,49,2340.11
b6d71f6b-4e43-42bc-a74d-ef5ff8fbb8a6,37.2122925341424,-80.393344514135,84,6644.07
8edb0ac0-7024-48a5-a3bf-3ff8e8a7044f,37.2231539131909,-80.4072555151558,45,2576.9
8c645223-1d5a-4351-adb6-43949e7cf524,37.1648099654137,-80.4131610819146,192,19329.85
da4e0dbe-a20d-4ca9-80cb-7614cd29577c,37.2408789954423,-80.4272394367615,34,1907.3
af234ae3-0762-49b9-89ff-4665d5b32ac7,37.2360074282243,-80.4210472392255,30,887.02
e0c0f9c9-b199-40b3-87ab-7bd1f213e157,37.2178637406977,-80.4163725185074,53,3276.87
e570e646-82c5-4744-98dc-764a6d346163,37.2315820454623,-80.4288368468139,63,5464.37
c9430839-4a0c-471d-83b5-6785322fce8a,37.2172418128412,-80.4474443497742,67,5963.22
8edb0ac0-7024-48a5-a3bf-3ff8e8a7044f,37.2169364479191,-80.4011733030915,101,6484.58
4c65baab-ac20-473b-8a19-0b9cb7567806,37.2315718912088,-80.4339284344154,30,3694.21
7a7f8de7-b6e6-4d4f-b306-26500b9c1da1,37.2254748426929,-80.4442998532666,38,3540.46
6c8db17c-cc7e-4357-a5c5-21c8e98984ed,37.2347426250189,-80.421088556681,102,7569.21
c1bea031-37b2-475c-8beb-85fbb71be7a0,37.2261725925193,-80.42228016219,104,4702.59
78bec10c-1fb8-41d6-af99-dd82e113d469,37.2350669901665,-80.4205112218005,23,1481.56
0838e7d7-57d5-427d-b770-e402eac1f11e,37.239633444272,-80.422467247688,76,4095.84
78bec10c-1fb8-41d6-af99-dd82e113d469,37.236723950514,-80.4268775059001,76,4231.81
a5d067da-d551-4428-93e8-ae0cd08d0e96,37.2122383453722,-80.424169667956,61,4089.59
98e4504d-d61b-4182-95cb-038c39551a3a,37.2303199231327,-80.4263636144601,1,67.79
f0de71e0-107d-4bcb-a8d2-8dfcf6d66e3a,37.2396224337172,-80.4225015383943,38,3152.02
7d6b5437-cda5-4b9f-822a-b8f311b72480,37.2277025580731,-80.4184017405246,76,4901.47
a632e61e-c94b-4ceb-a95e-33c672af2314,37.2281314910951,-80.4198918236617,15,804.9
8edb0ac0-7024-48a5-a3bf-3ff8e8a7044f,37.2325141365935,-80.4234892817723,9,186.4
0838e7d7-57d5-427d-b770-e402eac1f11e,37.2351428993445,-80.4210151580023,83,4640.12
f06184b6-e86d-4b52-bd0b-2b5ea817c97e,37.2018466000848,-80.4059062545855,118,7373.26
86a57bd8-fef0-4b5e-b079-990c8f500901,37.2476395389507,-80.417555338075,40,3009.86
8734192f-6a21-49a5-abcc-f16c770661f5,37.2264390764217,-80.4371209856355,45,3133.74
f8939f8a-f65e-4d6f-8519-2c2840e3e6a5,37.167082,-80.421249,159,16804.58
3f10aa8b-ace6-4ae9-ba94-ffaeea5f0ab2,37.220935124735,-80.4047573119347,53,5651.12
67b5d761-e302-49aa-abb2-580efabd4eaf,37.2208279337591,-80.4227430192911,129,7062.94
e708f6e7-1846-4ab0-b148-b3f768db6cb4,37.2329413694967,-80.4327983501714,87,5156.05
b6d71f6b-4e43-42bc-a74d-ef5ff8fbb8a6,37.2344248069662,-80.4214548736036,119,10723.72
6add60f2-c611-432d-b7dc-83ccf50cad6e,37.2433846282958,-80.421899475217,27,2534.8
67b5d761-e302-49aa-abb2-580efabd4eaf,37.2321543928062,-80.4230785993244,29,1515.15
78bec10c-1fb8-41d6-af99-dd82e113d469,37.2438928431664,-80.4216261577205,46,2535.11
af234ae3-0762-49b9-89ff-4665d5b32ac7,37.2469061897265,-80.4174891808164,65,2943.62
25434fe2-1283-4de5-baa4-bb1845c06a9e,37.2323340379062,-80.4237593807658,99,7793.47
98e4504d-d61b-4182-95cb-038c39551a3a,37.2313943135637,-80.4293893848078,64,4730.64
8734192f-6a21-49a5-abcc-f16c770661f5,37.224436214996,-80.433620067345,37,2697.46
0838e7d7-57d5-427d-b770-e402eac1f11e,37.2430841844025,-80.4291726206144,51,2632.6
25434fe2-1283-4de5-baa4-bb1845c06a9e,37.2350363011181,-80.4205150589726,24,787.53
9231ca1f-b1ee-4245-85f9-3186ecc00751,37.1967380399481,-80.3941941200236,118,8540.6
f8939f8a-f65e-4d6f-8519-2c2840e3e6a5,37.1854860734435,-80.4087419195859,79,8498.56
8edb0ac0-7024-48a5-a3bf-3ff8e8a7044f,37.2179613713065,-80.4017152117864,103,6608.16
2504249f-e511-4516-8a2e-2c1e088d018d,37.2329358780509,-80.4176813460488,75,8766.86
fd0937b3-48d6-4b86-9d74-e463b40d55f4,37.2272437282085,-80.4417712906684,49,2324.67
0838e7d7-57d5-427d-b770-e402eac1f11e,37.2374150607952,-80.4348693885332,21,1590.56
6c8db17c-cc7e-4357-a5c5-21c8e98984ed,37.2315924437157,-80.416174049995,25,1444.31
50af930d-67fd-4314-80ca-dcff1602aa9f,37.2326950569567,-80.4089711850268,37,2360.54
e708f6e7-1846-4ab0-b148-b3f768db6cb4,37.2314511213836,-80.4317038372147,89,5425.14
0838e7d7-57d5-427d-b770-e402eac1f11e,37.2430728317702,-80.4220957208774,72,3711.43
86a57bd8-fef0-4b5e-b079-990c8f500901,37.2349660383189,-80.4207046022559,15,744.05
312be01d-4ee2-41b0-87d1-4ac8e4899530,37.2206774187492,-80.4267528907509,32,1447.77
fd0937b3-48d6-4b86-9d74-e463b40d55f4,37.1743862163959,-80.4195256459638,177,17967.89
0aa35e38-de23-44ce-b140-77621ff93358,37.237224080139,-80.4209403955044,31,1052.49
c9430839-4a0c-471d-83b5-6785322fce8a,37.2254748426929,-80.4442998532666,81,7350.72
d5bba5d8-b131-4789-abec-efc493310641,37.2346844363209,-80.4092129128429,41,2635.72
916d6333-dc42-44dd-8071-6054f1ed29d8,37.2218921656646,-80.4486529487718,81,6504.36
da4e0dbe-a20d-4ca9-80cb-7614cd29577c,37.2338057672486,-80.4331006071198,73,3739.5
98e4504d-d61b-4182-95cb-038c39551a3a,37.2302836190779,-80.4285421628147,66,4916.3
8c645223-1d5a-4351-adb6-43949e7cf524,37.1640599105345,-80.4125264783111,196,19435.84
99f7a61c-9121-44a6-ac7a-8cd83a2bec8a,37.2333920819,-80.424636878295,13,393.51
6add60f2-c611-432d-b7dc-83ccf50cad6e,37.241424306716,-80.4259978488682,21,2017.88
57b3d106-fd5e-4b7b-85f7-bfb555af392b,37.2301480383344,-80.4267274870201,3,213.92
af234ae3-0762-49b9-89ff-4665d5b32ac7,37.2430832879957,-80.4221061002911,90,4209.59
6c8db17c-cc7e-4357-a5c5-21c8e98984ed,37.2334204738797,-80.4246306777903,15,498.06
3f10aa8b-ace6-4ae9-ba94-ffaeea5f0ab2,37.211893,-80.398048,45,4329.25
f662dd49-53b2-49fa-8046-c83dde4f3bb4,37.2292702178448,-80.4277685168486,31,2288.46
0838e7d7-57d5-427d-b770-e402eac1f11e,37.2314656631432,-80.4288867594568,98,5482.53
98e4504d-d61b-4182-95cb-038c39551a3a,37.2288083064167,-80.4386802667813,52,3801.15
c36e7bd9-7191-4115-a8f8-5507f1f145cf,37.2240678446017,-80.4402027144359,52,2797.22
99f7a61c-9121-44a6-ac7a-8cd83a2bec8a,37.215795852159,-80.4008377128714,105,10732.63
c1bea031-37b2-475c-8beb-85fbb71be7a0,37.2258518080473,-80.4292501062624,77,3786.11
9231ca1f-b1ee-4245-85f9-3186ecc00751,37.1941440472859,-80.3953002786873,111,8126.79
0a3f36d7-c307-4463-b6c5-99406a7cffaf,37.2177310119707,-80.4482695727509,59,4705.66
fd0937b3-48d6-4b86-9d74-e463b40d55f4,37.2316229092628,-80.4332108760038,233,27257.57
bccd5bab-2cf0-4b7a-bbac-6523feb55222,37.2292881469069,-80.4205979272815,38,1952.32
78bec10c-1fb8-41d6-af99-dd82e113d469,37.2303326170726,-80.426394366997,87,5479.94
9231ca1f-b1ee-4245-85f9-3186ecc00751,37.2151871528045,-80.4252054803599,25,2334.4
c36e7bd9-7191-4115-a8f8-5507f1f145cf,37.2266057551016,-80.4410868812541,36,2184.18
8edb0ac0-7024-48a5-a3bf-3ff8e8a7044f,37.2090591845231,-80.3958203872282,74,4712.92
1624ad03-0ebf-4743-8abc-42f34060e035,37.2321866332091,-80.424347360697,84,4869.05
b6d71f6b-4e43-42bc-a74d-ef5ff8fbb8a6,37.2144929727373,-80.4079154406946,46,3996.48
3f10aa8b-ace6-4ae9-ba94-ffaeea5f0ab2,37.2114752971977,-80.3996565633313,46,4478.98
7d6b5437-cda5-4b9f-822a-b8f311b72480,37.216719571761,-80.4180232009144,44,2835.36
a5d067da-d551-4428-93e8-ae0cd08d0e96,37.2103927654189,-80.4240163648384,57,3880.99
c1bea031-37b2-475c-8beb-85fbb71be7a0,37.2288069478945,-80.4199520939143,115,5127.36
86a57bd8-fef0-4b5e-b079-990c8f500901,37.2468732787502,-80.4160936106733,37,2804.98
5ace41fb-b4a5-42d0-8d49-1628dcfd98a9,37.2076072738894,-80.4200019622682,53,3369.89
5ace41fb-b4a5-42d0-8d49-1628dcfd98a9,37.2090837959672,-80.4171391156748,47,3049.83
da4e0dbe-a20d-4ca9-80cb-7614cd29577c,37.2388042127827,-80.4356568474786,64,3139.1
da4e0dbe-a20d-4ca9-80cb-7614cd29577c,37.2429901248923,-80.4296983256818,44,2314.42
78bec10c-1fb8-41d6-af99-dd82e113d469,37.2374251888347,-80.4208159709521,34,1763.24
50af930d-67fd-4314-80ca-dcff1602aa9f,37.2410423840455,-80.3996013895654,52,3760.65
a5d067da-d551-4428-93e8-ae0cd08d0e96,37.2036781908486,-80.4124430282205,18,1537.93
c9430839-4a0c-471d-83b5-6785322fce8a,37.2298152748839,-80.4282707644946,103,9144.74
5ace41fb-b4a5-42d0-8d49-1628dcfd98a9,37.2045888321335,-80.4165152076374,24,2102.95
2674478c-5212-4ba0-993a-819fef810e02,37.241499338456,-80.398439138022,8,295.07
86a57bd8-fef0-4b5e-b079-990c8f500901,37.2323901283923,-80.4237065722067,76,5735.62
25434fe2-1283-4de5-baa4-bb1845c06a9e,37.2509823591103,-80.4116051144364,40,2787.03
e0c0f9c9-b199-40b3-87ab-7bd1f213e157,37.2275890085074,-80.4175995730482,74,4822.69
1dc0fd3b-7e4c-4647-b4f4-48d87fcaa171,37.1865350815832,-80.4110465958664,1,113.31
d9e3b73a-4dff-41e8-8980-71d8aa98e45f,37.2202851949861,-80.4264508383218,67,4649.15
9231ca1f-b1ee-4245-85f9-3186ecc00751,37.2249191770007,-80.4248915269805,7,861.62
0aa35e38-de23-44ce-b140-77621ff93358,37.2334007749519,-80.4250627712678,80,7577.62
5ace41fb-b4a5-42d0-8d49-1628dcfd98a9,37.2073943115904,-80.4201944824621,54,3399.05
009b7c3f-c455-4799-b8cf-815505da3f7e,37.2300840542716,-80.4267585793971,3,243.07
57b3d106-fd5e-4b7b-85f7-bfb555af392b,37.2274122449711,-80.4173534038326,22,2478.79
99f7a61c-9121-44a6-ac7a-8cd83a2bec8a,37.1983459202792,-80.402119514552,54,5640.34
98e4504d-d61b-4182-95cb-038c39551a3a,37.231030116388,-80.4272945045203,2,181.86
0838e7d7-57d5-427d-b770-e402eac1f11e,37.2422554377486,-80.4333118047928,43,2254.59
c36e7bd9-7191-4115-a8f8-5507f1f145cf,37.1664550320321,-80.4249220088246,137,14624.41
f8939f8a-f65e-4d6f-8519-2c2840e3e6a5,37.1634645172439,-80.4244800767475,138,14963.75
b6d71f6b-4e43-42bc-a74d-ef5ff8fbb8a6,37.232526491198,-80.423488216702,10,192.99
a43aa2ac-7c35-4c0b-a970-437b91e4ba35,37.214785526457,-80.453232298756,36,3967.43
67b5d761-e302-49aa-abb2-580efabd4eaf,37.2222919482655,-80.423417141771,135,7255.46
e570e646-82c5-4744-98dc-764a6d346163,37.2353153541727,-80.4209519804376,48,4615.67
a43aa2ac-7c35-4c0b-a970-437b91e4ba35,37.2255080774729,-80.4446794357705,21,2356.42
edb1129b-9c6e-4d99-8a37-9ca86e8d6c3d,37.2362797488897,-80.4211404065583,19,1700.03
3f10aa8b-ace6-4ae9-ba94-ffaeea5f0ab2,37.1957027390036,-80.3997999031887,14,1317.14
8edb0ac0-7024-48a5-a3bf-3ff8e8a7044f,37.2114765798216,-80.3996367067269,95,5862.51
67b5d761-e302-49aa-abb2-580efabd4eaf,37.2310395402561,-80.4272647333972,1,54.33
1624ad03-0ebf-4743-8abc-42f34060e035,37.2432828281606,-80.4170887912833,48,3179.38
f0de71e0-107d-4bcb-a8d2-8dfcf6d66e3a,37.2402958707967,-80.4224460429054,37,3077.03
009b7c3f-c455-4799-b8cf-815505da3f7e,37.2411476935118,-80.4272914757094,62,3740.29
e708f6e7-1846-4ab0-b148-b3f768db6cb4,37.2300005849325,-80.4283810812642,98,5831.69
67b5d761-e302-49aa-abb2-580efabd4eaf,37.2234500337592,-80.4288355973139,119,6312.86
e708f6e7-1846-4ab0-b148-b3f768db6cb4,37.2412833763504,-80.4263310977146,31,1984.48
f8939f8a-f65e-4d6f-8519-2c2840e3e6a5,37.1835953283474,-80.4096419114856,173,19325.39
a43aa2ac-7c35-4c0b-a970-437b91e4ba35,37.2171817927747,-80.4532358639448,33,3694.85
1624ad03-0ebf-4743-8abc-42f34060e035,37.2344943652861,-80.4213721438291,67,4257
e0c0f9c9-b199-40b3-87ab-7bd1f213e157,37.2279069468606,-80.4191076479038,78,4965.1
7a7f8de7-b6e6-4d4f-b306-26500b9c1da1,37.2172079811816,-80.4486531286629,9,800.33
6c8db17c-cc7e-4357-a5c5-21c8e98984ed,37.2331303557037,-80.4249425257562,107,7988.86
bccd5bab-2cf0-4b7a-bbac-6523feb55222,37.224491901792,-80.4304434974531,112,6103.61
009b7c3f-c455-4799-b8cf-815505da3f7e,37.2444873885548,-80.4214359458348,47,2609.75
c36e7bd9-7191-4115-a8f8-5507f1f145cf,37.1676624648247,-80.4279631148569,111,13279.75
5ace41fb-b4a5-42d0-8d49-1628dcfd98a9,37.2208958355836,-80.4227356628804,90,5509.41
7d6b5437-cda5-4b9f-822a-b8f311b72480,37.2215421654965,-80.4195446561837,23,1945.23
9231ca1f-b1ee-4245-85f9-3186ecc00751,37.2130122880694,-80.4251413069618,30,2586.13
c36e7bd9-7191-4115-a8f8-5507f1f145cf,37.1830533618421,-80.4035794432535,215,22346.81
c1bea031-37b2-475c-8beb-85fbb71be7a0,37.2259341333958,-80.4230074607019,102,4632.81
e93f9bcf-465f-43b3-90d0-216bddda2c87,37.2452219780878,-80.4156931167728,46,2931.04
da4e0dbe-a20d-4ca9-80cb-7614cd29577c,37.2296444008003,-80.428052299805,5,409.52
fd0937b3-48d6-4b86-9d74-e463b40d55f4,37.1865298621377,-80.4110319348974,96,8986.57
0aa35e38-de23-44ce-b140-77621ff93358,37.231539155897,-80.4251798911306,89,7945.24
7d6b5437-cda5-4b9f-822a-b8f311b72480,37.2186497393288,-80.4188602089518,58,3537.26
0a3f36d7-c307-4463-b6c5-99406a7cffaf,37.2230484772009,-80.4504144393367,34,3013.41
9231ca1f-b1ee-4245-85f9-3186ecc00751,37.1946921652616,-80.3938456816635,113,8269.24
50af930d-67fd-4314-80ca-dcff1602aa9f,37.2344772611656,-80.4198409662911,24,1003.12
99f7a61c-9121-44a6-ac7a-8cd83a2bec8a,37.1977275899164,-80.4013864121985,58,5771.94
c1bea031-37b2-475c-8beb-85fbb71be7a0,37.2251988796853,-80.4298383624118,75,3696.39
8c645223-1d5a-4351-adb6-43949e7cf524,37.1633014106956,-80.427524596637,145,15105.38
641aaf72-1326-4d06-a82a-2f2d84091463,37.2269732557665,-80.4169782536048,20,2420.27
6c8db17c-cc7e-4357-a5c5-21c8e98984ed,37.2377778433429,-80.4058853033713,40,3082.96
3f10aa8b-ace6-4ae9-ba94-ffaeea5f0ab2,37.1979161728778,-80.4020410108959,0,0
bccd5bab-2cf0-4b7a-bbac-6523feb55222,37.2330107735354,-80.424876117543,14,980.45
c1bea031-37b2-475c-8beb-85fbb71be7a0,37.2280575285765,-80.4195385320153,111,5028.85
f06184b6-e86d-4b52-bd0b-2b5ea817c97e,37.2089298998686,-80.4167673546669,77,4699.62
25434fe2-1283-4de5-baa4-bb1845c06a9e,37.2334041684295,-80.4246720690944,17,368.09
916d6333-dc42-44dd-8071-6054f1ed29d8,37.2153736416753,-80.444709849977,71,5585.79
e0c0f9c9-b199-40b3-87ab-7bd1f213e157,37.2310521933424,-80.4215711933533,85,5389.8
312be01d-4ee2-41b0-87d1-4ac8e4899530,37.2234083212318,-80.4287910833068,27,1091.08
fd0937b3-48d6-4b86-9d74-e463b40d55f4,37.1968286041484,-80.4066572960002,203,21809.47
c1bea031-37b2-475c-8beb-85fbb71be7a0,37.2259171005724,-80.4243479716846,96,4510.44
f8939f8a-f65e-4d6f-8519-2c2840e3e6a5,37.2321886740946,-80.4235034074198,5,264.42
f06184b6-e86d-4b52-bd0b-2b5ea817c97e,37.2177785404468,-80.4246383557302,42,2872.96
fd0937b3-48d6-4b86-9d74-e463b40d55f4,37.2324432571422,-80.4233709549619,8,299.71
3f10aa8b-ace6-4ae9-ba94-ffaeea5f0ab2,37.2141888562377,-80.4003778035181,48,4787.21
6c8db17c-cc7e-4357-a5c5-21c8e98984ed,37.2414587388881,-80.3988650584498,69,4517.84
78bec10c-1fb8-41d6-af99-dd82e113d469,37.231747526138,-80.4283948628898,81,4980.16
8edb0ac0-7024-48a5-a3bf-3ff8e8a7044f,37.230615118804,-80.4153249994552,36,1482.48
c9430839-4a0c-471d-83b5-6785322fce8a,37.2298324369507,-80.4282368134425,6,543.04
98e4504d-d61b-4182-95cb-038c39551a3a,37.2316384325988,-80.4339207397528,14,1175.24
f06184b6-e86d-4b52-bd0b-2b5ea817c97e,37.2183378431518,-80.4250626131957,41,2800.35
8c645223-1d5a-4351-adb6-43949e7cf524,37.1593122314303,-80.4208440637401,165,16568.67
1624ad03-0ebf-4743-8abc-42f34060e035,37.2371590091735,-80.4268745209068,18,744.68
2674478c-5212-4ba0-993a-819fef810e02,37.241522044193,-80.3992270447432,12,367.27
bccd5bab-2cf0-4b7a-bbac-6523feb55222,37.2300729065617,-80.4210668671021,34,1820.26
c36e7bd9-7191-4115-a8f8-5507f1f145cf,37.193073747335,-80.4021477940976,223,23546.99
67b5d761-e302-49aa-abb2-580efabd4eaf,37.224645199961,-80.4341512937884,103,5655.74
e0c0f9c9-b199-40b3-87ab-7bd1f213e157,37.2293149434547,-80.420523027851,81,5166.02
d9e3b73a-4dff-41e8-8980-71d8aa98e45f,37.223921887074,-80.43287530851,31,2600.33
da4e0dbe-a20d-4ca9-80cb-7614cd29577c,37.229281050945,-80.4277670847026,94,4608.29
c1bea031-37b2-475c-8beb-85fbb71be7a0,37.2232911609542,-80.4319346934166,65,3394.72
78bec10c-1fb8-41d6-af99-dd82e113d469,37.2351557568226,-80.4205186547066,24,1491.45
3f10aa8b-ace6-4ae9-ba94-ffaeea5f0ab2,37.2322131752903,-80.4167396547584,62,7293.99
d9e3b73a-4dff-41e8-8980-71d8aa98e45f,37.2209381658875,-80.422949822936,11,1349.49
bccd5bab-2cf0-4b7a-bbac-6523feb55222,37.2280575179952,-80.4195417036378,44,2144.07
3c2c524f-a466-48b1-81e4-f3ac7f35d571,37.2314009072695,-80.4291504760849,83,8049.62
25434fe2-1283-4de5-baa4-bb1845c06a9e,37.2352605391962,-80.4205685368044,26,814.02
2504249f-e511-4516-8a2e-2c1e088d018d,37.2306926051365,-80.4153433610083,72,8441.47
6add60f2-c611-432d-b7dc-83ccf50cad6e,37.2399127861943,-80.4355663829408,52,4331.85
d5bba5d8-b131-4789-abec-efc493310641,37.2346809515965,-80.4092330077929,88,5748.12
d5bba5d8-b131-4789-abec-efc493310641,37.2392258919132,-80.3982038355619,66,4207.65
e93f9bcf-465f-43b3-90d0-216bddda2c87,37.2415302539784,-80.4183173428963,49,3402.4
a26fa236-5b1f-44ff-93d3-aeaf75cc2973,37.2312765160781,-80.4249117920956,159,10041.12
8edb0ac0-7024-48a5-a3bf-3ff8e8a7044f,37.212646382012,-80.4000039211709,60,3944.06
c1bea031-37b2-475c-8beb-85fbb71be7a0,37.2259511662153,-80.4235315434532,100,4586.3
d5bba5d8-b131-4789-abec-efc493310641,37.2321865714283,-80.4236414575345,4,231.81
e93f9bcf-465f-43b3-90d0-216bddda2c87,37.2325053818793,-80.4240475046632,9,153.22
f83a250c-9d24-4fcf-a339-5447d451fdf5,37.2086382446621,-80.3945923302094,24,2248.62
0838e7d7-57d5-427d-b770-e402eac1f11e,37.2386997003353,-80.4219808722055,78,4208.98
8edb0ac0-7024-48a5-a3bf-3ff8e8a7044f,37.2292874729444,-80.4138673728518,118,8265.7
8edb0ac0-7024-48a5-a3bf-3ff8e8a7044f,37.2322558275672,-80.4233573697872,5,150.23
8909fd06-51cb-4b38-b873-c3b148b909b0,37.2255080774729,-80.4446794357705,17,2434.42
7e6c10eb-0e83-4bba-bc4f-756b56fc4ea7,37.2420317593158,-80.4343928041642,53,2482.6
bccd5bab-2cf0-4b7a-bbac-6523feb55222,37.2234159669858,-80.4314096636136,109,5956.53
6add60f2-c611-432d-b7dc-83ccf50cad6e,37.2440402372981,-80.4276929069908,37,3413.7
c36e7bd9-7191-4115-a8f8-5507f1f145cf,37.1594798685045,-80.4207406732667,179,17940.99
a43aa2ac-7c35-4c0b-a970-437b91e4ba35,37.229738,-80.427082,90,9251.54
bccd5bab-2cf0-4b7a-bbac-6523feb55222,37.2295196109159,-80.4212713909807,36,1884.8
bccd5bab-2cf0-4b7a-bbac-6523feb55222,37.2269039414478,-80.4169513091131,51,2421.74
af234ae3-0762-49b9-89ff-4665d5b32ac7,37.2324763456488,-80.4240063459169,120,5729.88
e0c0f9c9-b199-40b3-87ab-7bd1f213e157,37.22024758457,-80.4196302207145,63,3751.06
fd0937b3-48d6-4b86-9d74-e463b40d55f4,37.2316105822647,-80.4335701636231,232,27225.75
fd0937b3-48d6-4b86-9d74-e463b40d55f4,37.196231499832,-80.4070857826069,78,7140.28
7e6c10eb-0e83-4bba-bc4f-756b56fc4ea7,37.2333158966,-80.4327736093357,30,1425.57
af234ae3-0762-49b9-89ff-4665d5b32ac7,37.2400208534038,-80.4164980583369,43,1727.46
98e4504d-d61b-4182-95cb-038c39551a3a,37.2261699082387,-80.441894852387,46,3384.45
f8939f8a-f65e-4d6f-8519-2c2840e3e6a5,37.2317538152093,-80.4282401441706,224,27708.95
e93f9bcf-465f-43b3-90d0-216bddda2c87,37.2324276572427,-80.4238993318694,79,4771.65
f06184b6-e86d-4b52-bd0b-2b5ea817c97e,37.2264674613377,-80.4286286478969,27,1698.18
c36e7bd9-7191-4115-a8f8-5507f1f145cf,37.2317068671557,-80.4331507710202,25,1254.03
67aab091-d5f3-411e-82ad-611d0f153f61,37.2311258735198,-80.4287594060861,16,1969.21
b6d71f6b-4e43-42bc-a74d-ef5ff8fbb8a6,37.233366698915,-80.4251103775987,124,11069.47
5ace41fb-b4a5-42d0-8d49-1628dcfd98a9,37.2054605864125,-80.412547152521,19,1736.2
67b5d761-e302-49aa-abb2-580efabd4eaf,37.224608294875,-80.4303508025444,81,4357.85
f06184b6-e86d-4b52-bd0b-2b5ea817c97e,37.1967548282224,-80.4039953133975,121,7964.64
0aa35e38-de23-44ce-b140-77621ff93358,37.232418639775,-80.4233336547078,6,148.26
67b5d761-e302-49aa-abb2-580efabd4eaf,37.2210668561167,-80.4227830505061,62,3400.27
7a7f8de7-b6e6-4d4f-b306-26500b9c1da1,37.2165682742934,-80.4461506275028,12,1042.8
9231ca1f-b1ee-4245-85f9-3186ecc00751,37.2076840775339,-80.4210265809921,41,3343.27
67b5d761-e302-49aa-abb2-580efabd4eaf,37.2330647792013,-80.4249487934817,13,971.66
8edb0ac0-7024-48a5-a3bf-3ff8e8a7044f,37.2312736774757,-80.415824125885,122,8546.96
67b5d761-e302-49aa-abb2-580efabd4eaf,37.2243584753542,-80.4305575834942,111,6085.67
3f10aa8b-ace6-4ae9-ba94-ffaeea5f0ab2,37.1938766347356,-80.4026235327065,2,466.4
57b3d106-fd5e-4b7b-85f7-bfb555af392b,37.2315538520775,-80.4220983343284,33,3145.87
67b5d761-e302-49aa-abb2-580efabd4eaf,37.2237992172918,-80.4289033358981,76,4188.93
edb1129b-9c6e-4d99-8a37-9ca86e8d6c3d,37.2468311507706,-80.4160389400849,5,331.84
67b5d761-e302-49aa-abb2-580efabd4eaf,37.2308350845395,-80.4275166766515,2,86.16
67b5d761-e302-49aa-abb2-580efabd4eaf,37.2206413949012,-80.4243806535406,126,6915.3
50af930d-67fd-4314-80ca-dcff1602aa9f,37.2336171962273,-80.4083075805754,40,2492.61
5ace41fb-b4a5-42d0-8d49-1628dcfd98a9,37.2084931906029,-80.4191570125264,38,2727.18
a26fa236-5b1f-44ff-93d3-aeaf75cc2973,37.2352779155764,-80.4208424496095,133,9187.24
98e4504d-d61b-4182-95cb-038c39551a3a,37.2314510855028,-80.4294250366956,8,775
2504249f-e511-4516-8a2e-2c1e088d018d,37.220935124735,-80.4047573119347,64,7008.5
c36e7bd9-7191-4115-a8f8-5507f1f145cf,37.2331285384945,-80.4250740161674,256,30328.02
f8939f8a-f65e-4d6f-8519-2c2840e3e6a5,37.231893,-80.424764,0,0
c36e7bd9-7191-4115-a8f8-5507f1f145cf,37.233148408221,-80.4251916673973,255,30317.38
916d6333-dc42-44dd-8071-6054f1ed29d8,37.2259886675193,-80.4422142178281,89,7489.15
f0de71e0-107d-4bcb-a8d2-8dfcf6d66e3a,37.2463141876873,-80.4148172730863,12,1245.2
b6d71f6b-4e43-42bc-a74d-ef5ff8fbb8a6,37.2172356231227,-80.4013554933318,95,7948.3
78bec10c-1fb8-41d6-af99-dd82e113d469,37.2442626602395,-80.4270298804742,55,3283.05
0a3f36d7-c307-4463-b6c5-99406a7cffaf,37.2301094635824,-80.4266944606385,4,372.41
8edb0ac0-7024-48a5-a3bf-3ff8e8a7044f,37.2209054643584,-80.4047456222522,48,2911.26
7d6b5437-cda5-4b9f-822a-b8f311b72480,37.231611,-80.425148,0,0
fd0937b3-48d6-4b86-9d74-e463b40d55f4,37.2315499935626,-80.4252325239799,1,56.31
6c8db17c-cc7e-4357-a5c5-21c8e98984ed,37.2391941895189,-80.398198138515,60,4196.1
50af930d-67fd-4314-80ca-dcff1602aa9f,37.2317764003143,-80.4103216773463,93,6180.53
0838e7d7-57d5-427d-b770-e402eac1f11e,37.2317035967741,-80.4329019561318,16,917.63
5ace41fb-b4a5-42d0-8d49-1628dcfd98a9,37.20869,-80.418273,39,2808.41
e0c0f9c9-b199-40b3-87ab-7bd1f213e157,37.219176419529,-80.4194046525458,28,2212.25
d9e3b73a-4dff-41e8-8980-71d8aa98e45f,37.2251407398258,-80.4362593847449,37,2959.68
916d6333-dc42-44dd-8071-6054f1ed29d8,37.2263208065663,-80.4413371813872,90,7575.08
edb1129b-9c6e-4d99-8a37-9ca86e8d6c3d,37.2322380517342,-80.4236652267162,44,2459
fd0937b3-48d6-4b86-9d74-e463b40d55f4,37.2316616768653,-80.4328321695449,25,1247.96
fd0937b3-48d6-4b86-9d74-e463b40d55f4,37.1666778425382,-80.4252548769268,129,13544.25
67b5d761-e302-49aa-abb2-580efabd4eaf,37.221024416345,-80.4228993320081,63,3411.59
57b3d106-fd5e-4b7b-85f7-bfb555af392b,37.2322977189284,-80.42374552361,40,3345.58
f06184b6-e86d-4b52-bd0b-2b5ea817c97e,37.2162057638848,-80.4243103459353,47,3076.6
c36e7bd9-7191-4115-a8f8-5507f1f145cf,37.1620824574479,-80.421631970464,182,18342.64
e570e646-82c5-4744-98dc-764a6d346163,37.2309717459363,-80.4286692829401,8,482.85
f8939f8a-f65e-4d6f-8519-2c2840e3e6a5,37.174839749216,-80.4196859824196,92,10769.13
8edb0ac0-7024-48a5-a3bf-3ff8e8a7044f,37.231449,-80.424654,0,0
8edb0ac0-7024-48a5-a3bf-3ff8e8a7044f,37.2324488497803,-80.4237103234769,11,207.86
916d6333-dc42-44dd-8071-6054f1ed29d8,37.2136344568486,-80.4442143178041,69,5386.7
f8939f8a-f65e-4d6f-8519-2c2840e3e6a5,37.1812746887008,-80.411349636913,171,19026.05
57b3d106-fd5e-4b7b-85f7-bfb555af392b,37.2324967623061,-80.4234916219574,37,3308.1
8c645223-1d5a-4351-adb6-43949e7cf524,37.1679631692488,-80.4177078852276,95,12046.54
9231ca1f-b1ee-4245-85f9-3186ecc00751,37.1937229127301,-80.4016505812698,135,9542.25
a26fa236-5b1f-44ff-93d3-aeaf75cc2973,37.2315092811206,-80.4251827464431,158,10005.85
67b5d761-e302-49aa-abb2-580efabd4eaf,37.2292881469069,-80.4205979272815,38,1952.32
8734192f-6a21-49a5-abcc-f16c770661f5,37.2234090315443,-80.432225373636,57,3808.26
e708f6e7-1846-4ab0-b148-b3f768db6cb4,37.2388112412417,-80.435682587897,77,4454.15
c1bea031-37b2-475c-8beb-85fbb71be7a0,37.2278758500447,-80.4271430796912,89,4099.45
67b5d761-e302-49aa-abb2-580efabd4eaf,37.2300729065617,-80.4210668671021,34,1820.26
f8939f8a-f65e-4d6f-8519-2c2840e3e6a5,37.2270989516013,-80.4418212033116,40,2310.75
3f10aa8b-ace6-4ae9-ba94-ffaeea5f0ab2,37.2349084033195,-80.4209769468825,72,7849.38
9231ca1f-b1ee-4245-85f9-3186ecc00751,37.196776,-80.394275,119,8548.91
a5d067da-d551-4428-93e8-ae0cd08d0e96,37.2033431998011,-80.4123642637021,17,1500.06
6c8db17c-cc7e-4357-a5c5-21c8e98984ed,37.2414814446373,-80.3986047996685,49,3866.67
009b7c3f-c455-4799-b8cf-815505da3f7e,37.23082666156,-80.4275718098372,2,133.59
8c645223-1d5a-4351-adb6-43949e7cf524,37.233148408221,-80.4251916673973,256,30316.5
af234ae3-0762-49b9-89ff-4665d5b32ac7,37.2469005136984,-80.4175248327043,80,3445.54
3c2c524f-a466-48b1-81e4-f3ac7f35d571,37.2315938873662,-80.4334566347147,78,7666.67
a43aa2ac-7c35-4c0b-a970-437b91e4ba35,37.2190499191637,-80.4530540393167,30,3447.55
fd0937b3-48d6-4b86-9d74-e463b40d55f4,37.2125588279445,-80.4312637916144,210,24608.59
009b7c3f-c455-4799-b8cf-815505da3f7e,37.2328596257033,-80.4261490810938,76,4754.43
8734192f-6a21-49a5-abcc-f16c770661f5,37.2234165648616,-80.42877177622,18,2079.43
8c645223-1d5a-4351-adb6-43949e7cf524,37.2323654162923,-80.4233322411085,6,270.47
0a3f36d7-c307-4463-b6c5-99406a7cffaf,37.2264039967721,-80.4411984263305,78,6265.52
67b5d761-e302-49aa-abb2-580efabd4eaf,37.2314612407363,-80.4220442725446,31,1636.03
3f10aa8b-ace6-4ae9-ba94-ffaeea5f0ab2,37.2267633513667,-80.4111652321318,57,6511.88
67b5d761-e302-49aa-abb2-580efabd4eaf,37.2245657120607,-80.4300691526304,79,4323.72
67b5d761-e302-49aa-abb2-580efabd4eaf,37.2305071827046,-80.4285680552319,6,463.69
af234ae3-0762-49b9-89ff-4665d5b32ac7,37.2434465713315,-80.4136958199522,52,2203.23
bccd5bab-2cf0-4b7a-bbac-6523feb55222,37.2331342150005,-80.4250602299211,12,959.14
67b5d761-e302-49aa-abb2-580efabd4eaf,37.2319846585337,-80.4226813041925,30,1555.04
bccd5bab-2cf0-4b7a-bbac-6523feb55222,37.2322083990855,-80.4233353876413,28,1491.65
99f7a61c-9121-44a6-ac7a-8cd83a2bec8a,37.2352887567668,-80.420638253948,124,13544.78
b8c51a51-84af-4a44-9a35-9f53382c3b05,37.231579,-80.424478,52,5030.94
a26fa236-5b1f-44ff-93d3-aeaf75cc2973,37.2322529152206,-80.4168893926873,31,1252.06
57b3d106-fd5e-4b7b-85f7-bfb555af392b,37.2276928006434,-80.4182384267467,25,2565.24
7e6c10eb-0e83-4bba-bc4f-756b56fc4ea7,37.2334188070665,-80.425127301499,19,496
f8939f8a-f65e-4d6f-8519-2c2840e3e6a5,37.175331605676,-80.4193252253941,91,10705.83
c36e7bd9-7191-4115-a8f8-5507f1f145cf,37.1635882813064,-80.4139989012788,203,19621.55
af234ae3-0762-49b9-89ff-4665d5b32ac7,37.2347301264494,-80.4210401088479,109,5192.92
50af930d-67fd-4314-80ca-dcff1602aa9f,37.2342530207577,-80.4218517327652,119,7672.98
a5d067da-d551-4428-93e8-ae0cd08d0e96,37.2093160632027,-80.4168030065548,44,2999.15
c1bea031-37b2-475c-8beb-85fbb71be7a0,37.2263710341991,-80.4255351300966,18,1106.28
98e8b74d-b3ea-4ff9-993d-114d2f5de2cf,37.2295167519542,-80.4212511120802,13,598.61
98e4504d-d61b-4182-95cb-038c39551a3a,37.225255766197,-80.4457739670733,28,2479.35
67aab091-d5f3-411e-82ad-611d0f153f61,37.2420278037803,-80.4276541130336,5,526.04
d5bba5d8-b131-4789-abec-efc493310641,37.2373100129349,-80.4068208968526,45,2997.74
f06184b6-e86d-4b52-bd0b-2b5ea817c97e,37.2106353590438,-80.424200291874,64,3790.53
a632e61e-c94b-4ceb-a95e-33c672af2314,37.2321292378457,-80.4229275194649,5,237.02
8edb0ac0-7024-48a5-a3bf-3ff8e8a7044f,37.2141824296743,-80.4004495697687,58,3768.79
67b5d761-e302-49aa-abb2-580efabd4eaf,37.2239354835982,-80.4291457687381,117,6251.53
641aaf72-1326-4d06-a82a-2f2d84091463,37.2214510154184,-80.4219090955526,84,5570.52
0aa35e38-de23-44ce-b140-77621ff93358,37.2522597274311,-80.4110601544586,42,2941.72
e708f6e7-1846-4ab0-b148-b3f768db6cb4,37.2438103490764,-80.428044078086,55,3447.82
c36e7bd9-7191-4115-a8f8-5507f1f145cf,37.1627559060884,-80.427086078417,155,15739.54
c1bea031-37b2-475c-8beb-85fbb71be7a0,37.2269558220805,-80.4245190512933,15,994.63
f8939f8a-f65e-4d6f-8519-2c2840e3e6a5,37.1946989948569,-80.4056540720249,70,7355.18
c36e7bd9-7191-4115-a8f8-5507f1f145cf,37.1742131376218,-80.4161958514396,211,20855.5
fd0937b3-48d6-4b86-9d74-e463b40d55f4,37.186657213783,-80.4097773886594,91,8657.63
f06184b6-e86d-4b52-bd0b-2b5ea817c97e,37.1999667406062,-80.4053421560134,175,11254.08
2674478c-5212-4ba0-993a-819fef810e02,37.235240808945,-80.4209390444366,48,3333.2
c36e7bd9-7191-4115-a8f8-5507f1f145cf,37.1956499120542,-80.4057908298961,225,23978.83
67b5d761-e302-49aa-abb2-580efabd4eaf,37.2293228665535,-80.4277686199056,4,313.79
67b5d761-e302-49aa-abb2-580efabd4eaf,37.2234159669858,-80.4314096636136,109,5956.53
9231ca1f-b1ee-4245-85f9-3186ecc00751,37.2090037253647,-80.4175802177096,49,3740.9
8909fd06-51cb-4b38-b873-c3b148b909b0,37.2144882210784,-80.4522285134929,30,4155.01
bccd5bab-2cf0-4b7a-bbac-6523feb55222,37.2244351246135,-80.4335986895266,90,4760.3
c36e7bd9-7191-4115-a8f8-5507f1f145cf,37.2322490351824,-80.4234035448842,5,256.08
99f7a61c-9121-44a6-ac7a-8cd83a2bec8a,37.232523488916,-80.4242161860184,137,14152.99
67b5d761-e302-49aa-abb2-580efabd4eaf,37.2211102816256,-80.4227649063846,133,7105.59
67b5d761-e302-49aa-abb2-580efabd4eaf,37.2214025152873,-80.4220466009934,60,3323.64
8edb0ac0-7024-48a5-a3bf-3ff8e8a7044f,37.2322756975237,-80.4237495405535,154,9827.88
f83a250c-9d24-4fcf-a339-5447d451fdf5,37.2087319466031,-80.3946208517195,29,2524.46
67b5d761-e302-49aa-abb2-580efabd4eaf,37.2208495592001,-80.42301364403,127,7038.45
2504249f-e511-4516-8a2e-2c1e088d018d,37.2326114908425,-80.4244167664632,90,9713.87
f06184b6-e86d-4b52-bd0b-2b5ea817c97e,37.2013638478312,-80.4094963996909,100,6206.54
7172a8d8-0bfc-4398-8da7-f0e7ecaa85d7,37.2409608121647,-80.4268907395143,23,1338.07
916d6333-dc42-44dd-8071-6054f1ed29d8,37.2314196664941,-80.4344079157357,98,8420.21
2504249f-e511-4516-8a2e-2c1e088d018d,37.2116572261896,-80.3931607563955,51,5117.1
c36e7bd9-7191-4115-a8f8-5507f1f145cf,37.2040600196596,-80.4187395852077,227,25457.67
8909fd06-51cb-4b38-b873-c3b148b909b0,37.2262011619738,-80.4416935840228,16,2159.23
e7b18590-2011-4d0c-8718-c9514a7b5808,37.1940665538431,-80.40285204989,20,1106.44
da4e0dbe-a20d-4ca9-80cb-7614cd29577c,37.2376859067875,-80.4266975280665,25,1545.01
2504249f-e511-4516-8a2e-2c1e088d018d,37.2323036629723,-80.4233419642771,5,155.41
a43aa2ac-7c35-4c0b-a970-437b91e4ba35,37.2306157720419,-80.4286914567711,87,8998.46
f8939f8a-f65e-4d6f-8519-2c2840e3e6a5,37.1920517942436,-80.4045328379613,73,7667.97
916d6333-dc42-44dd-8071-6054f1ed29d8,37.2322926829677,-80.4233427040884,5,78.27
7e6c10eb-0e83-4bba-bc4f-756b56fc4ea7,37.232723366017,-80.4265284206908,20,642.07
c36e7bd9-7191-4115-a8f8-5507f1f145cf,37.2250898322556,-80.4404701035947,51,2681.22
641aaf72-1326-4d06-a82a-2f2d84091463,37.2300729065617,-80.4210668671021,56,4080.03
e0c0f9c9-b199-40b3-87ab-7bd1f213e157,37.2184968589785,-80.4171069473969,56,3373.34
8c645223-1d5a-4351-adb6-43949e7cf524,37.1664550320321,-80.4249220088246,137,14624.41
da4e0dbe-a20d-4ca9-80cb-7614cd29577c,37.242260364969,-80.433388461262,48,2651.09
f8939f8a-f65e-4d6f-8519-2c2840e3e6a5,37.2291786583716,-80.438264228791,213,26725.8
641aaf72-1326-4d06-a82a-2f2d84091463,37.2208964584823,-80.4229309135772,11,1387.67
b6d71f6b-4e43-42bc-a74d-ef5ff8fbb8a6,37.2116792391757,-80.3931698198845,83,6574.19
e93f9bcf-465f-43b3-90d0-216bddda2c87,37.2367906616944,-80.4211083198592,54,3985.46
67b5d761-e302-49aa-abb2-580efabd4eaf,37.2263832131825,-80.4164360185217,52,2495.41
f8939f8a-f65e-4d6f-8519-2c2840e3e6a5,37.2014013541914,-80.4149427961818,66,6240.83
8c645223-1d5a-4351-adb6-43949e7cf524,37.2320725969226,-80.4241256759511,265,30525.86
c36e7bd9-7191-4115-a8f8-5507f1f145cf,37.2321837481396,-80.4235497176243,4,241.25
c36e7bd9-7191-4115-a8f8-5507f1f145cf,37.1578375774067,-80.4241917760091,168,16908.31
c36e7bd9-7191-4115-a8f8-5507f1f145cf,37.1724186749906,-80.4172251487872,79,10568.78
b8c51a51-84af-4a44-9a35-9f53382c3b05,37.2537901805472,-80.4184588799198,17,1223.93
0aa35e38-de23-44ce-b140-77621ff93358,37.2325037965108,-80.4235190445245,8,167.54
0a3f36d7-c307-4463-b6c5-99406a7cffaf,37.2144882210784,-80.4522285134929,52,4179.99
641aaf72-1326-4d06-a82a-2f2d84091463,37.2319151044702,-80.4225968246001,53,3825.97
af234ae3-0762-49b9-89ff-4665d5b32ac7,37.2392187631169,-80.4163146523744,41,1636.77
e93f9bcf-465f-43b3-90d0-216bddda2c87,37.2467374961594,-80.4158036376252,43,2697.48
8edb0ac0-7024-48a5-a3bf-3ff8e8a7044f,37.2257685023498,-80.41011479656,40,2191.41
0a3f36d7-c307-4463-b6c5-99406a7cffaf,37.2220426632191,-80.4489146440574,66,5208.75
8c645223-1d5a-4351-adb6-43949e7cf524,37.2314741027237,-80.4251504873882,1,57.76
312be01d-4ee2-41b0-87d1-4ac8e4899530,37.2242563247572,-80.4243090463105,41,2248.88
78bec10c-1fb8-41d6-af99-dd82e113d469,37.2453957684523,-80.4239600902443,53,2983.74
7a7f8de7-b6e6-4d4f-b306-26500b9c1da1,37.2205266156006,-80.4480789533776,28,2584.4
0aa35e38-de23-44ce-b140-77621ff93358,37.2539624907181,-80.4178377306884,49,4269.38
86a57bd8-fef0-4b5e-b079-990c8f500901,37.2347063582093,-80.4209435508979,14,708.28
7172a8d8-0bfc-4398-8da7-f0e7ecaa85d7,37.2320425413704,-80.4239423283906,77,5680.14
3c2c524f-a466-48b1-81e4-f3ac7f35d571,37.2152226715854,-80.4446489570884,41,4117.15
99f7a61c-9121-44a6-ac7a-8cd83a2bec8a,37.2251164749334,-80.4093480354159,112,12030.55
c36e7bd9-7191-4115-a8f8-5507f1f145cf,37.1657163577546,-80.4245761855126,140,14713.7
bccd5bab-2cf0-4b7a-bbac-6523feb55222,37.2207501943107,-80.4267535270614,69,3795.72
f83a250c-9d24-4fcf-a339-5447d451fdf5,37.2122,-80.406166,4,792.41
b8c51a51-84af-4a44-9a35-9f53382c3b05,37.253645454921,-80.419146961355,10,1128.91
e93f9bcf-465f-43b3-90d0-216bddda2c87,37.2320767586754,-80.4238335933364,1,24.92
8edb0ac0-7024-48a5-a3bf-3ff8e8a7044f,37.2317164981758,-80.4162198618401,33,1336.21
a26fa236-5b1f-44ff-93d3-aeaf75cc2973,37.2093782726845,-80.3989486252926,66,4347.67
0aa35e38-de23-44ce-b140-77621ff93358,37.2322312069651,-80.4233968105764,4,125.36
57b3d106-fd5e-4b7b-85f7-bfb555af392b,37.2253493553032,-80.4250894784892,6,849.43
67b5d761-e302-49aa-abb2-580efabd4eaf,37.2300365446373,-80.4283258021027,5,407.17
a43aa2ac-7c35-4c0b-a970-437b91e4ba35,37.2149307250098,-80.4445494164818,49,5018.23
8c645223-1d5a-4351-adb6-43949e7cf524,37.1621676935638,-80.4231614364496,162,16189
c9430839-4a0c-471d-83b5-6785322fce8a,37.230277275447,-80.4263695493659,1,86.97
edb1129b-9c6e-4d99-8a37-9ca86e8d6c3d,37.2443421689703,-80.4163205899988,10,701.09
98e8b74d-b3ea-4ff9-993d-114d2f5de2cf,37.231327,-80.425043,0,0
6c8db17c-cc7e-4357-a5c5-21c8e98984ed,37.2327221942971,-80.4245308525043,12,390.21
0838e7d7-57d5-427d-b770-e402eac1f11e,37.2353153541727,-80.4209519804376,82,4620.16
e0c0f9c9-b199-40b3-87ab-7bd1f213e157,37.2277309454378,-80.4187939112908,77,4931.14
bccd5bab-2cf0-4b7a-bbac-6523feb55222,37.231282571802,-80.4249391033565,25,1313.83
e0c0f9c9-b199-40b3-87ab-7bd1f213e157,37.2321744184151,-80.4243915431764,95,5748.26
2504249f-e511-4516-8a2e-2c1e088d018d,37.2163760632237,-80.4011146925718,33,3497.55
e7b18590-2011-4d0c-8718-c9514a7b5808,37.1943280657278,-80.403309533443,22,1156.29
009b7c3f-c455-4799-b8cf-815505da3f7e,37.2316345993093,-80.4286465375522,81,5014.02
c36e7bd9-7191-4115-a8f8-5507f1f145cf,37.2324562502045,-80.4234071100729,7,282.54
8edb0ac0-7024-48a5-a3bf-3ff8e8a7044f,37.2200111763056,-80.4036118922191,107,6892.06
2504249f-e511-4516-8a2e-2c1e088d018d,37.2352456212681,-80.4208230561691,79,9149.8
b6d71f6b-4e43-42bc-a74d-ef5ff8fbb8a6,37.2089303900604,-80.3949284124619,66,5709.3
c1bea031-37b2-475c-8beb-85fbb71be7a0,37.2274131355562,-80.4263088255158,91,4199.49
f06184b6-e86d-4b52-bd0b-2b5ea817c97e,37.1948597238486,-80.3933822071216,139,9195.27
b6d71f6b-4e43-42bc-a74d-ef5ff8fbb8a6,37.2247972920416,-80.4089886193865,34,2336.23
f8939f8a-f65e-4d6f-8519-2c2840e3e6a5,37.1662315166012,-80.4229688218719,98,11771.47
67b5d761-e302-49aa-abb2-580efabd4eaf,37.221247017448,-80.4271421326388,72,3861.59
c36e7bd9-7191-4115-a8f8-5507f1f145cf,37.2322883281232,-80.4237263748074,262,30480.94
fd0937b3-48d6-4b86-9d74-e463b40d55f4,37.2236398292662,-80.4398238098844,217,26066.18
f83a250c-9d24-4fcf-a339-5447d451fdf5,37.2329712845705,-80.4248393918506,72,7616.36
7d6b5437-cda5-4b9f-822a-b8f311b72480,37.219787662313,-80.4196373510921,26,2141.23
009b7c3f-c455-4799-b8cf-815505da3f7e,37.2335400677267,-80.4241378072092,18,1110.6
da4e0dbe-a20d-4ca9-80cb-7614cd29577c,37.2431892881336,-80.428465861703,40,2188.56
6c8db17c-cc7e-4357-a5c5-21c8e98984ed,37.2400963814186,-80.3985655825918,54,4051.36
da4e0dbe-a20d-4ca9-80cb-7614cd29577c,37.2328349915234,-80.4328189572054,77,3852.43
c36e7bd9-7191-4115-a8f8-5507f1f145cf,37.1657153214348,-80.4157794880739,85,11332.85
e0c0f9c9-b199-40b3-87ab-7bd1f213e157,37.2313632013632,-80.4248790015257,1,36.39
e0c0f9c9-b199-40b3-87ab-7bd1f213e157,37.2321139750926,-80.4236323867307,2,174.68
0aa35e38-de23-44ce-b140-77621ff93358,37.2531254442409,-80.4109251744106,44,3038.9
c36e7bd9-7191-4115-a8f8-5507f1f145cf,37.1891227784973,-80.400754492687,218,23071.33
57b3d106-fd5e-4b7b-85f7-bfb555af392b,37.2276894999945,-80.4186280855471,26,2599.72
0aa35e38-de23-44ce-b140-77621ff93358,37.2346724223006,-80.4211054117177,73,7195.45
3f10aa8b-ace6-4ae9-ba94-ffaeea5f0ab2,37.234675648771,-80.4211159892451,73,7878.02
50af930d-67fd-4314-80ca-dcff1602aa9f,37.2370176597123,-80.4072451543179,44,2948.1
5ace41fb-b4a5-42d0-8d49-1628dcfd98a9,37.2011837529219,-80.4113343609392,14,1241.74
8909fd06-51cb-4b38-b873-c3b148b909b0,37.2292987675788,-80.427807208194,54,7799.28
e708f6e7-1846-4ab0-b148-b3f768db6cb4,37.2410988914553,-80.4266270083837,30,1951.23
50af930d-67fd-4314-80ca-dcff1602aa9f,37.2351570407866,-80.4209851662062,113,7534.39
67b5d761-e302-49aa-abb2-580efabd4eaf,37.2246082948747,-80.4301761082944,114,6131.24
7d6b5437-cda5-4b9f-822a-b8f311b72480,37.2285349505267,-80.4197657358507,79,5061.15
8c645223-1d5a-4351-adb6-43949e7cf524,37.2276305471029,-80.4413507052241,45,2367.97
67b5d761-e302-49aa-abb2-580efabd4eaf,37.2325748692446,-80.4265089036336,10,811.56
f0de71e0-107d-4bcb-a8d2-8dfcf6d66e3a,37.2469215249926,-80.4174911646769,15,1498.95
6c8db17c-cc7e-4357-a5c5-21c8e98984ed,37.2398239069697,-80.3985905389132,55,4081.72
3c2c524f-a466-48b1-81e4-f3ac7f35d571,37.2309468321967,-80.4286622036762,8,663.03
67b5d761-e302-49aa-abb2-580efabd4eaf,37.2293923057989,-80.4211357292283,37,1903.35
67b5d761-e302-49aa-abb2-580efabd4eaf,37.224491901792,-80.4304434974531,112,6103.61
98e4504d-d61b-4182-95cb-038c39551a3a,37.231405667955,-80.4299170327478,9,818.82
8edb0ac0-7024-48a5-a3bf-3ff8e8a7044f,37.2244569608121,-80.408667329914,43,2385.64
f06184b6-e86d-4b52-bd0b-2b5ea817c97e,37.2148322509599,-80.4253266967786,52,3256.45
8edb0ac0-7024-48a5-a3bf-3ff8e8a7044f,37.2221785928695,-80.4061548659381,46,2722.61
2504249f-e511-4516-8a2e-2c1e088d018d,37.2334119583139,-80.4251048478985,86,9603.19
312be01d-4ee2-41b0-87d1-4ac8e4899530,37.2248201370898,-80.4353568267846,5,317.13
f8939f8a-f65e-4d6f-8519-2c2840e3e6a5,37.1676210104394,-80.4277172681634,119,13304.96
a26fa236-5b1f-44ff-93d3-aeaf75cc2973,37.2336268422822,-80.4237210190429,18,486.75
641aaf72-1326-4d06-a82a-2f2d84091463,37.231327,-80.425043,47,3565.63
6e506adb-c6e8-48e0-b606-2bd650720397,37.23806349862,-80.420485,32,1154.09
67b5d761-e302-49aa-abb2-580efabd4eaf,37.2235664284495,-80.4313383598375,85,4503.37
6c8db17c-cc7e-4357-a5c5-21c8e98984ed,37.232568324141,-80.4243114873415,109,8074.9
e570e646-82c5-4744-98dc-764a6d346163,37.2429844485693,-80.429562848508,29,2592.72
6c8db17c-cc7e-4357-a5c5-21c8e98984ed,37.2352847712146,-80.4208675149764,98,7502.95
f83a250c-9d24-4fcf-a339-5447d451fdf5,37.20866514496,-80.3967295823532,19,2033.28
0838e7d7-57d5-427d-b770-e402eac1f11e,37.2431636527809,-80.428948013721,52,2654.34
98e8b74d-b3ea-4ff9-993d-114d2f5de2cf,37.2209579177085,-80.4229241528452,25,1771.21
67b5d761-e302-49aa-abb2-580efabd4eaf,37.2296932084564,-80.4211647996038,35,1863.33
0838e7d7-57d5-427d-b770-e402eac1f11e,37.2428429405976,-80.4301744386628,48,2539.99
f8939f8a-f65e-4d6f-8519-2c2840e3e6a5,37.1676465794098,-80.4276994422196,101,12222.21
f06184b6-e86d-4b52-bd0b-2b5ea817c97e,37.1947290849822,-80.3938920291177,152,9716.18
f06184b6-e86d-4b52-bd0b-2b5ea817c97e,37.2049509351225,-80.4144000906465,89,5363.9
c36e7bd9-7191-4115-a8f8-5507f1f145cf,37.232507344232,-80.4236958903644,9,309.61
b6d71f6b-4e43-42bc-a74d-ef5ff8fbb8a6,37.231449,-80.424654,136,11476.86
a43aa2ac-7c35-4c0b-a970-437b91e4ba35,37.2185104953218,-80.4537955985839,31,3536.43
8c645223-1d5a-4351-adb6-43949e7cf524,37.1666368584399,-80.4251394853398,107,13003.19
8c645223-1d5a-4351-adb6-43949e7cf524,37.2320020795492,-80.4239454535793,3,200.84
50af930d-67fd-4314-80ca-dcff1602aa9f,37.2321865714283,-80.4236414575345,4,231.81
a43aa2ac-7c35-4c0b-a970-437b91e4ba35,37.2172418128412,-80.4474443497742,58,5898.91
f83a250c-9d24-4fcf-a339-5447d451fdf5,37.2093253895274,-80.4000470690486,15,1663.02
7e6c10eb-0e83-4bba-bc4f-756b56fc4ea7,37.2397776579576,-80.4354687440074,42,2196.84
3f10aa8b-ace6-4ae9-ba94-ffaeea5f0ab2,37.1961088495012,-80.4002990296184,18,1385.08
edb1129b-9c6e-4d99-8a37-9ca86e8d6c3d,37.2324276572427,-80.4238993318694,42,2429.28
c36e7bd9-7191-4115-a8f8-5507f1f145cf,37.1590224173027,-80.421325364227,166,16622.09
fd0937b3-48d6-4b86-9d74-e463b40d55f4,37.1937010679172,-80.4050276986453,81,7476.58
e570e646-82c5-4744-98dc-764a6d346163,37.2314566393544,-80.42883051054,10,538.62
78bec10c-1fb8-41d6-af99-dd82e113d469,37.2311287121279,-80.4287273193871,7,585.26
c36e7bd9-7191-4115-a8f8-5507f1f145cf,37.1631905194328,-80.4236213458016,160,16068.09
8909fd06-51cb-4b38-b873-c3b148b909b0,37.2184615524103,-80.4536783612949,23,3603.36
c1bea031-37b2-475c-8beb-85fbb71be7a0,37.224645305559,-80.4301164471369,72,3626.55
c9430839-4a0c-471d-83b5-6785322fce8a,37.2263208065663,-80.4413371813872,83,7629.82
641aaf72-1326-4d06-a82a-2f2d84091463,37.2269039414478,-80.4169513091131,80,4683.07
e93f9bcf-465f-43b3-90d0-216bddda2c87,37.2326969422186,-80.4245393222528,10,201.66
009b7c3f-c455-4799-b8cf-815505da3f7e,37.2353006225437,-80.4206926552211,30,1520.37
25434fe2-1283-4de5-baa4-bb1845c06a9e,37.2556131932505,-80.4106958455262,45,3311.37
009b7c3f-c455-4799-b8cf-815505da3f7e,37.2388151410814,-80.4267245705538,65,4004.56
f06184b6-e86d-4b52-bd0b-2b5ea817c97e,37.203899682533,-80.4057279951462,116,7144.49
c36e7bd9-7191-4115-a8f8-5507f1f145cf,37.1671397198187,-80.4289542373392,129,14196.67
009b7c3f-c455-4799-b8cf-815505da3f7e,37.2301408700641,-80.4284385390959,5,476.93
b8c51a51-84af-4a44-9a35-9f53382c3b05,37.2320245536645,-80.4239819876992,48,4802.48
e570e646-82c5-4744-98dc-764a6d346163,37.24579898988,-80.4228449119833,35,3270.17
f83a250c-9d24-4fcf-a339-5447d451fdf5,37.2306975808243,-80.4153738156296,58,6396.49
8c645223-1d5a-4351-adb6-43949e7cf524,37.1619518478491,-80.4266546905742,154,15642.37
9231ca1f-b1ee-4245-85f9-3186ecc00751,37.1935809118135,-80.4012976275802,104,7590.57
9231ca1f-b1ee-4245-85f9-3186ecc00751,37.2054694269931,-80.412549289593,66,4657.85
c9430839-4a0c-471d-83b5-6785322fce8a,37.2313908434435,-80.4292065447913,98,8938.97
c36e7bd9-7191-4115-a8f8-5507f1f145cf,37.1900087095934,-80.4006394494513,219,23170.3
1624ad03-0ebf-4743-8abc-42f34060e035,37.2420827890684,-80.42768227623,27,1307.53
2504249f-e511-4516-8a2e-2c1e088d018d,37.2099539464685,-80.3956607219971,46,4794.04
c36e7bd9-7191-4115-a8f8-5507f1f145cf,37.2228109614137,-80.4398008527532,53,2941.34
641aaf72-1326-4d06-a82a-2f2d84091463,37.232204638913,-80.4232278630149,51,3760.42
af234ae3-0762-49b9-89ff-4665d5b32ac7,37.2333392621267,-80.4249867728268,14,313
e708f6e7-1846-4ab0-b148-b3f768db6cb4,37.240395006477,-80.4356861530857,69,4272.67
98e4504d-d61b-4182-95cb-038c39551a3a,37.226650867065,-80.4407944237316,47,3495.52
d5bba5d8-b131-4789-abec-efc493310641,37.2306806622166,-80.4153592983055,98,6794.97
d5bba5d8-b131-4789-abec-efc493310641,37.239304,-80.398058,65,4192.1
2504249f-e511-4516-8a2e-2c1e088d018d,37.2251164749334,-80.4093480354159,67,7625.66
e708f6e7-1846-4ab0-b148-b3f768db6cb4,37.2377156422341,-80.426684051404,21,1534.64
3f10aa8b-ace6-4ae9-ba94-ffaeea5f0ab2,37.1958362161214,-80.3978747012454,11,1144.89
5ace41fb-b4a5-42d0-8d49-1628dcfd98a9,37.2058070136559,-80.4187755373262,30,2353.47
2674478c-5212-4ba0-993a-819fef810e02,37.23255,-80.409175,27,1856.29
edb1129b-9c6e-4d99-8a37-9ca86e8d6c3d,37.2432828281606,-80.4170887912833,11,837.01
b6d71f6b-4e43-42bc-a74d-ef5ff8fbb8a6,37.217321,-80.403612,43,3502.21
1624ad03-0ebf-4743-8abc-42f34060e035,37.238916,-80.420067,52,3731.72
8edb0ac0-7024-48a5-a3bf-3ff8e8a7044f,37.2328065072809,-80.424647968127,14,301.18
5ace41fb-b4a5-42d0-8d49-1628dcfd98a9,37.2163916068212,-80.4234282564154,79,4655.77
fd0937b3-48d6-4b86-9d74-e463b40d55f4,37.2316229092628,-80.4285297831312,239,27677.74
86a57bd8-fef0-4b5e-b079-990c8f500901,37.2339910595368,-80.4225657117946,72,5335.05
312be01d-4ee2-41b0-87d1-4ac8e4899530,37.2212365324933,-80.4271796179764,31,1375.07
c36e7bd9-7191-4115-a8f8-5507f1f145cf,37.1580222659021,-80.4183983442355,176,17677.75
6add60f2-c611-432d-b7dc-83ccf50cad6e,37.2314694233103,-80.4287800651851,7,615.05
fd0937b3-48d6-4b86-9d74-e463b40d55f4,37.1642628771452,-80.429011431692,119,12820.92
641aaf72-1326-4d06-a82a-2f2d84091463,37.2324252311527,-80.4233900612964,37,3296.63
8734192f-6a21-49a5-abcc-f16c770661f5,37.2208359621196,-80.4231173868089,79,4959.46
2504249f-e511-4516-8a2e-2c1e088d018d,37.2324922715558,-80.4241101602278,91,9744.06
9231ca1f-b1ee-4245-85f9-3186ecc00751,37.2157777057733,-80.4247562665731,23,2257.32
86a57bd8-fef0-4b5e-b079-990c8f500901,37.2324213525517,-80.4236887462628,6,145.24
bccd5bab-2cf0-4b7a-bbac-6523feb55222,37.2251407398258,-80.4362593847449,94,5040.01
da4e0dbe-a20d-4ca9-80cb-7614cd29577c,37.2319550378145,-80.4278276929116,13,733.86
c36e7bd9-7191-4115-a8f8-5507f1f145cf,37.231893,-80.424764,0,0
6e506adb-c6e8-48e0-b606-2bd650720397,37.2560567197522,-80.4114738687096,47,3434.54
3c2c524f-a466-48b1-81e4-f3ac7f35d571,37.2292703808042,-80.4278000778165,89,8324.7
fd0937b3-48d6-4b86-9d74-e463b40d55f4,37.172278340729,-80.4204266075566,175,17719.89
8c645223-1d5a-4351-adb6-43949e7cf524,37.2273381563451,-80.4417179196689,42,2318.9
f8939f8a-f65e-4d6f-8519-2c2840e3e6a5,37.1912133211933,-80.4046429264267,74,7761.65
3c2c524f-a466-48b1-81e4-f3ac7f35d571,37.2313449255589,-80.4302129568463,81,7955.41
5ace41fb-b4a5-42d0-8d49-1628dcfd98a9,37.2081851025062,-80.4196682227534,51,3298.44
7d6b5437-cda5-4b9f-822a-b8f311b72480,37.2294618671568,-80.4212827499192,7,596.85
6c8db17c-cc7e-4357-a5c5-21c8e98984ed,37.2313874765021,-80.4159511196435,89,6878.8
e0c0f9c9-b199-40b3-87ab-7bd1f213e157,37.2163675162891,-80.4169179923914,42,2724.85
c2c639a5-32f8-41e3-8221-8ebd4c904b68,37.2298469927381,-80.421002317519,31,2922.76
7e6c10eb-0e83-4bba-bc4f-756b56fc4ea7,37.24579898988,-80.4228449119833,71,3600.49
8edb0ac0-7024-48a5-a3bf-3ff8e8a7044f,37.2351388313094,-80.4204930611087,130,9148.15
a632e61e-c94b-4ceb-a95e-33c672af2314,37.2269039414478,-80.4169513091131,25,1123.42
67b5d761-e302-49aa-abb2-580efabd4eaf,37.2292839684162,-80.42773327661,150,8130.25
8734192f-6a21-49a5-abcc-f16c770661f5,37.2233114696428,-80.4317850010979,33,2489.75
86a57bd8-fef0-4b5e-b079-990c8f500901,37.2403455611545,-80.4165535200229,27,1749.63
67b5d761-e302-49aa-abb2-580efabd4eaf,37.22802665557,-80.4198227172677,43,2118.97
0aa35e38-de23-44ce-b140-77621ff93358,37.250350999965,-80.4120653441894,55,5245.8
f83a250c-9d24-4fcf-a339-5447d451fdf5,37.2093310683845,-80.3993946395012,16,1720.76
0aa35e38-de23-44ce-b140-77621ff93358,37.2352718127304,-80.4209319686945,69,7124.14
67b5d761-e302-49aa-abb2-580efabd4eaf,37.2304493175268,-80.421058208227,33,1778.43
009b7c3f-c455-4799-b8cf-815505da3f7e,37.2403281425619,-80.4271502504931,63,3832.21
bccd5bab-2cf0-4b7a-bbac-6523feb55222,37.2206271998859,-80.4245339566583,66,3569.75
f83a250c-9d24-4fcf-a339-5447d451fdf5,37.2251164749334,-80.4093480354159,55,5578.61
a43aa2ac-7c35-4c0b-a970-437b91e4ba35,37.2250745678885,-80.4459861875614,70,7130.39
67aab091-d5f3-411e-82ad-611d0f153f61,37.231747526138,-80.4283948628898,14,1867.83
78bec10c-1fb8-41d6-af99-dd82e113d469,37.2325338100078,-80.426651485575,10,855.42
8c645223-1d5a-4351-adb6-43949e7cf524,37.1640712750579,-80.4143055075142,206,19680.97
c36e7bd9-7191-4115-a8f8-5507f1f145cf,37.1584711991333,-80.4191149471811,177,17758.47
a43aa2ac-7c35-4c0b-a970-437b91e4ba35,37.2226530019608,-80.4499471123003,67,6637.13
bccd5bab-2cf0-4b7a-bbac-6523feb55222,37.2256695304649,-80.4251768640888,144,7666.31
0838e7d7-57d5-427d-b770-e402eac1f11e,37.2403140914186,-80.4356363078802,35,1932.18
67b5d761-e302-49aa-abb2-580efabd4eaf,37.2246308267616,-80.4246822157756,141,7541.92
c1bea031-37b2-475c-8beb-85fbb71be7a0,37.2300729065617,-80.4210668671021,10,516.62
78bec10c-1fb8-41d6-af99-dd82e113d469,37.2384459671375,-80.4266099212794,69,4036.9
57b3d106-fd5e-4b7b-85f7-bfb555af392b,37.2308349872818,-80.4275367848741,2,109.26
fd0937b3-48d6-4b86-9d74-e463b40d55f4,37.2265586956795,-80.4407155983922,59,2530.34
8c645223-1d5a-4351-adb6-43949e7cf524,37.1675971218969,-80.4275174662588,109,13239.27
f8939f8a-f65e-4d6f-8519-2c2840e3e6a5,37.1889543696279,-80.4058475968985,184,20781.25
c9430839-4a0c-471d-83b5-6785322fce8a,37.2288529638602,-80.438570594891,87,8007.25
50af930d-67fd-4314-80ca-dcff1602aa9f,37.2349668639705,-80.4204040404345,106,7451.87
af234ae3-0762-49b9-89ff-4665d5b32ac7,37.2469515979357,-80.416904489857,64,2891.66
50af930d-67fd-4314-80ca-dcff1602aa9f,37.241499338456,-80.398439138022,73,4487.17
5ace41fb-b4a5-42d0-8d49-1628dcfd98a9,37.2084988695227,-80.419164142904,50,3241.82
f662dd49-53b2-49fa-8046-c83dde4f3bb4,37.2291886906383,-80.4382631396934,17,1097.64
e708f6e7-1846-4ab0-b148-b3f768db6cb4,37.2333132172909,-80.4250547601292,11,1010.35
af234ae3-0762-49b9-89ff-4665d5b32ac7,37.2395468602852,-80.4163661463519,42,1673.51
2504249f-e511-4516-8a2e-2c1e088d018d,37.231449,-80.424654,0,0
c9430839-4a0c-471d-83b5-6785322fce8a,37.2255080774729,-80.4446794357705,26,2401.39
99f7a61c-9121-44a6-ac7a-8cd83a2bec8a,37.1993172922671,-80.4016694672264,51,5523.97
98e8b74d-b3ea-4ff9-993d-114d2f5de2cf,37.2241363051203,-80.4243194021151,23,1393.53
f06184b6-e86d-4b52-bd0b-2b5ea817c97e,37.1965480756538,-80.3942370462863,140,9397.56
009b7c3f-c455-4799-b8cf-815505da3f7e,37.2389392399156,-80.4221019400419,37,1972.4
916d6333-dc42-44dd-8071-6054f1ed29d8,37.2321394202324,-80.4243463788536,121,9533.35
a43aa2ac-7c35-4c0b-a970-437b91e4ba35,37.2172612884571,-80.4482731211577,44,4575.64
0838e7d7-57d5-427d-b770-e402eac1f11e,37.2336295619003,-80.4239814786191,91,4978.96
50af930d-67fd-4314-80ca-dcff1602aa9f,37.2336115191985,-80.4235166759272,17,611.97
8734192f-6a21-49a5-abcc-f16c770661f5,37.2229259321926,-80.4285894815319,17,2022.57
f662dd49-53b2-49fa-8046-c83dde4f3bb4,37.2316100467051,-80.4328511831166,24,1662.49
fd0937b3-48d6-4b86-9d74-e463b40d55f4,37.2316730312163,-80.4335844243783,27,1314.65
c36e7bd9-7191-4115-a8f8-5507f1f145cf,37.1624006717819,-80.4207977162889,184,18424.71
a5d067da-d551-4428-93e8-ae0cd08d0e96,37.2081806686716,-80.4196570886698,37,2670.92
f8939f8a-f65e-4d6f-8519-2c2840e3e6a5,37.227043581493,-80.4397560712976,211,26452.86
f8939f8a-f65e-4d6f-8519-2c2840e3e6a5,37.2166785499055,-80.4351997600318,203,25186.66
c36e7bd9-7191-4115-a8f8-5507f1f145cf,37.1646685937171,-80.4181587016278,89,11662.54
fd0937b3-48d6-4b86-9d74-e463b40d55f4,37.2262400941941,-80.4406757372256,60,2565.92
8c645223-1d5a-4351-adb6-43949e7cf524,37.2240678446017,-80.4402027144359,52,2797.22
fd0937b3-48d6-4b86-9d74-e463b40d55f4,37.2222839883662,-80.4395009552284,66,3018.75
86a57bd8-fef0-4b5e-b079-990c8f500901,37.23226239306,-80.4236673551301,77,5750.23
c9430839-4a0c-471d-83b5-6785322fce8a,37.2315610290196,-80.4337148077674,92,8538.25
d5bba5d8-b131-4789-abec-efc493310641,37.2318126101382,-80.4102640098491,36,2209.88
8909fd06-51cb-4b38-b873-c3b148b909b0,37.2314196664941,-80.4344079157357,47,7058.05
8c645223-1d5a-4351-adb6-43949e7cf524,37.2105960420642,-80.4287483467171,230,26602.61
8c645223-1d5a-4351-adb6-43949e7cf524,37.219513439783,-80.437555545542,234,27866.5
7a7f8de7-b6e6-4d4f-b306-26500b9c1da1,37.2253243461444,-80.445132729121,37,3464.89
78bec10c-1fb8-41d6-af99-dd82e113d469,37.2440200604445,-80.4276691104012,56,3345.69
a26fa236-5b1f-44ff-93d3-aeaf75cc2973,37.2141888562377,-80.4003778035181,98,6171.05
0838e7d7-57d5-427d-b770-e402eac1f11e,37.2400586473895,-80.4355970908036,33,1903.27
af234ae3-0762-49b9-89ff-4665d5b32ac7,37.2460765985296,-80.4143503555268,59,2641.01
6c8db17c-cc7e-4357-a5c5-21c8e98984ed,37.2414871210736,-80.3984408009844,50,3881.19
bccd5bab-2cf0-4b7a-bbac-6523feb55222,37.2241787351601,-80.4307739968694,83,4418.92
e0c0f9c9-b199-40b3-87ab-7bd1f213e157,37.2294618671568,-80.4212827499192,7,596.85
1624ad03-0ebf-4743-8abc-42f34060e035,37.2312771622501,-80.4248962969181,86,5015.29
e708f6e7-1846-4ab0-b148-b3f768db6cb4,37.2370486246774,-80.4268872671646,19,1458.35
50af930d-67fd-4314-80ca-dcff1602aa9f,37.2331885793441,-80.4082933198203,38,2441.81
67b5d761-e302-49aa-abb2-580efabd4eaf,37.2206308827799,-80.4247356107274,67,3587.6
b8c51a51-84af-4a44-9a35-9f53382c3b05,37.2364554379392,-80.4211351844552,35,4003.69
fd0937b3-48d6-4b86-9d74-e463b40d55f4,37.2274642610836,-80.4399704739367,37,2064.88
c1bea031-37b2-475c-8beb-85fbb71be7a0,37.2248626441798,-80.4367781566521,58,2910.69
da4e0dbe-a20d-4ca9-80cb-7614cd29577c,37.2342019559618,-80.4333363573557,72,3690.78
7e6c10eb-0e83-4bba-bc4f-756b56fc4ea7,37.2345752855882,-80.4334315915961,31,1577.14
6c8db17c-cc7e-4357-a5c5-21c8e98984ed,37.2357930085536,-80.4083086793607,38,2771.73
f0de71e0-107d-4bcb-a8d2-8dfcf6d66e3a,37.2449406829441,-80.4122314102788,9,970.15
312be01d-4ee2-41b0-87d1-4ac8e4899530,37.2262573939904,-80.4376094164988,1,19.47
8c645223-1d5a-4351-adb6-43949e7cf524,37.2213354724046,-80.4386931953177,235,28092.61
d5bba5d8-b131-4789-abec-efc493310641,37.2335064940869,-80.4247359704912,122,7942.18
312be01d-4ee2-41b0-87d1-4ac8e4899530,37.2217872926801,-80.4277179614828,30,1297.52
641aaf72-1326-4d06-a82a-2f2d84091463,37.230579,-80.426661,97,6885.36
3f10aa8b-ace6-4ae9-ba94-ffaeea5f0ab2,37.1958702953477,-80.3979780917201,12,1154.79
bccd5bab-2cf0-4b7a-bbac-6523feb55222,37.221247017448,-80.4271421326388,72,3861.59
a43aa2ac-7c35-4c0b-a970-437b91e4ba35,37.2167788277137,-80.4533697934967,34,3741.17
8edb0ac0-7024-48a5-a3bf-3ff8e8a7044f,37.2352779155764,-80.4208424496095,133,9187.24
fd0937b3-48d6-4b86-9d74-e463b40d55f4,37.1632616189639,-80.4212457719681,154,15521.92
312be01d-4ee2-41b0-87d1-4ac8e4899530,37.2206413949012,-80.4243806535406,34,1686.31
c1bea031-37b2-475c-8beb-85fbb71be7a0,37.2252902269397,-80.4298599954428,38,1752.45
d9e3b73a-4dff-41e8-8980-71d8aa98e45f,37.2248127975881,-80.4346766204426,34,2790.82
7172a8d8-0bfc-4398-8da7-f0e7ecaa85d7,37.2327855673556,-80.4247059521341,73,5536.69
8c645223-1d5a-4351-adb6-43949e7cf524,37.1700452592839,-80.4169883595325,81,10834.35
e0c0f9c9-b199-40b3-87ab-7bd1f213e157,37.2225897377445,-80.4201899553535,67,4027.66
d9e3b73a-4dff-41e8-8980-71d8aa98e45f,37.2244370718562,-80.4299272645334,21,2230.79
da4e0dbe-a20d-4ca9-80cb-7614cd29577c,37.2383813020601,-80.426590572403,29,1623.47
6c8db17c-cc7e-4357-a5c5-21c8e98984ed,37.2337236066969,-80.4235414065642,105,7816.56
0838e7d7-57d5-427d-b770-e402eac1f11e,37.2451177087496,-80.4247385516607,59,3089.86
a26fa236-5b1f-44ff-93d3-aeaf75cc2973,37.2308677562158,-80.4155353455934,121,8495.12
86a57bd8-fef0-4b5e-b079-990c8f500901,37.2396795296478,-80.4184031735899,24,1430.92
f06184b6-e86d-4b52-bd0b-2b5ea817c97e,37.194073047257,-80.3956211456778,155,9885.74
fd0937b3-48d6-4b86-9d74-e463b40d55f4,37.2143248562228,-80.4330606467614,211,24861.17
bccd5bab-2cf0-4b7a-bbac-6523feb55222,37.2322778356735,-80.4237326827732,19,1112.99
af234ae3-0762-49b9-89ff-4665d5b32ac7,37.2487349937049,-80.4169849078704,71,3159.05
f06184b6-e86d-4b52-bd0b-2b5ea817c97e,37.205056,-80.41486,87,5307.76
4c65baab-ac20-473b-8a19-0b9cb7567806,37.2152027971356,-80.444606174823,7,770.65
8edb0ac0-7024-48a5-a3bf-3ff8e8a7044f,37.2348530703466,-80.4209473021686,138,9241.29
fd0937b3-48d6-4b86-9d74-e463b40d55f4,37.2286735571733,-80.4388082223935,224,26649.22
e0c0f9c9-b199-40b3-87ab-7bd1f213e157,37.2186151317724,-80.4192594410811,30,2276.42
6c8db17c-cc7e-4357-a5c5-21c8e98984ed,37.23114,-80.411262,84,6279.16
e570e646-82c5-4744-98dc-764a6d346163,37.2303500869219,-80.4264196488187,69,5915.59
f0de71e0-107d-4bcb-a8d2-8dfcf6d66e3a,37.2403455611545,-80.4165535200229,3,318.71
009b7c3f-c455-4799-b8cf-815505da3f7e,37.2292495874471,-80.4277806039892,87,5316.36
50af930d-67fd-4314-80ca-dcff1602aa9f,37.235240808945,-80.4209390444366,112,7524.23
fd0937b3-48d6-4b86-9d74-e463b40d55f4,37.2325397680707,-80.4266437982646,241,27873.26
da4e0dbe-a20d-4ca9-80cb-7614cd29577c,37.2325142353932,-80.4267082236334,14,850.78
5ace41fb-b4a5-42d0-8d49-1628dcfd98a9,37.209083,-80.417141,41,2918.58
a26fa236-5b1f-44ff-93d3-aeaf75cc2973,37.2114879372116,-80.3997258364462,61,4075.12
1624ad03-0ebf-4743-8abc-42f34060e035,37.2381779810594,-80.4265679146719,22,861.15
67aab091-d5f3-411e-82ad-611d0f153f61,37.230306119106,-80.4263372249711,20,2371.71
7172a8d8-0bfc-4398-8da7-f0e7ecaa85d7,37.2321645999373,-80.4235358968692,4,191.86
a632e61e-c94b-4ceb-a95e-33c672af2314,37.2274642507124,-80.4262766863534,44,2891.88
67aab091-d5f3-411e-82ad-611d0f153f61,37.2369197030044,-80.4269008538072,10,1106.96
8734192f-6a21-49a5-abcc-f16c770661f5,37.2254316358782,-80.4250652008887,90,5560.53
f06184b6-e86d-4b52-bd0b-2b5ea817c97e,37.2080127540299,-80.4198405473986,70,4387.94
3f10aa8b-ace6-4ae9-ba94-ffaeea5f0ab2,37.1957510179883,-80.4000066841381,15,1336.21
6e506adb-c6e8-48e0-b606-2bd650720397,37.2336874651778,-80.42370799953,77,7453.07
f06184b6-e86d-4b52-bd0b-2b5ea817c97e,37.1972716885462,-80.4041379209488,120,7905.84
009b7c3f-c455-4799-b8cf-815505da3f7e,37.2438103490764,-80.428044078086,55,3394.78
50af930d-67fd-4314-80ca-dcff1602aa9f,37.2365947389665,-80.4076408902729,43,2889.5
fd0937b3-48d6-4b86-9d74-e463b40d55f4,37.1635952101894,-80.42356382323,148,15043.55
d9e3b73a-4dff-41e8-8980-71d8aa98e45f,37.2255111681882,-80.4251607822649,77,5558.14
a5d067da-d551-4428-93e8-ae0cd08d0e96,37.2052810194276,-80.4085056845546,6,539.29
3f10aa8b-ace6-4ae9-ba94-ffaeea5f0ab2,37.2193736631132,-80.4029034137672,52,5412.34
b8c51a51-84af-4a44-9a35-9f53382c3b05,37.2545251554169,-80.4161522027766,19,1443.77
6c8db17c-cc7e-4357-a5c5-21c8e98984ed,37.2329486893942,-80.4177016273363,92,7112.32
a5d067da-d551-4428-93e8-ae0cd08d0e96,37.20188854348,-80.4098241275444,11,1017.66
5ace41fb-b4a5-42d0-8d49-1628dcfd98a9,37.2223336829146,-80.4234779133486,94,5692.43
1624ad03-0ebf-4743-8abc-42f34060e035,37.2362797488897,-80.4211404065583,57,4042.47
a26fa236-5b1f-44ff-93d3-aeaf75cc2973,37.2216521157854,-80.4055656156724,109,7143.4
f8939f8a-f65e-4d6f-8519-2c2840e3e6a5,37.1874435059693,-80.4104651755372,85,8875.9
0a3f36d7-c307-4463-b6c5-99406a7cffaf,37.2309828193957,-80.4356331666389,16,1398.89
5ace41fb-b4a5-42d0-8d49-1628dcfd98a9,37.2167550187777,-80.4237419930284,83,4709.93
b6d71f6b-4e43-42bc-a74d-ef5ff8fbb8a6,37.2237683852815,-80.4078982432535,35,2485.83
99f7a61c-9121-44a6-ac7a-8cd83a2bec8a,37.2172389530016,-80.4013785495137,34,3409.98
f8939f8a-f65e-4d6f-8519-2c2840e3e6a5,37.2015102756483,-80.4148621406144,198,22707.87
e93f9bcf-465f-43b3-90d0-216bddda2c87,37.2370830157973,-80.4210156249509,53,3951.95
25434fe2-1283-4de5-baa4-bb1845c06a9e,37.254792437243,-80.4133928068514,67,4782.95
57b3d106-fd5e-4b7b-85f7-bfb555af392b,37.2210582046765,-80.4228604433686,10,1366.4
bccd5bab-2cf0-4b7a-bbac-6523feb55222,37.2210707142765,-80.4226522338164,61,3388.69
0aa35e38-de23-44ce-b140-77621ff93358,37.2324668952704,-80.4238969545356,10,201.51
da4e0dbe-a20d-4ca9-80cb-7614cd29577c,37.2433415037994,-80.428607340749,41,2209.6
009b7c3f-c455-4799-b8cf-815505da3f7e,37.2293087697956,-80.4277620217239,4,366.78
8edb0ac0-7024-48a5-a3bf-3ff8e8a7044f,37.2334792394111,-80.4248012712436,147,9623.22
7a7f8de7-b6e6-4d4f-b306-26500b9c1da1,37.2315667062029,-80.4330588130312,50,4786.03
98e4504d-d61b-4182-95cb-038c39551a3a,37.2313545731809,-80.4298956416151,63,4685.63
67b5d761-e302-49aa-abb2-580efabd4eaf,37.222609715541,-80.4284790784356,121,6411.73
6c8db17c-cc7e-4357-a5c5-21c8e98984ed,37.231765,-80.424925,0,0
8edb0ac0-7024-48a5-a3bf-3ff8e8a7044f,37.220935124735,-80.4047573119347,108,7036.33
1624ad03-0ebf-4743-8abc-42f34060e035,37.2436868181187,-80.4281548887032,30,1523.22
fd0937b3-48d6-4b86-9d74-e463b40d55f4,37.2275153584938,-80.4395390860944,222,26505.08
0838e7d7-57d5-427d-b770-e402eac1f11e,37.2337714874603,-80.4233433098266,90,4920.34
0838e7d7-57d5-427d-b770-e402eac1f11e,37.2395789779291,-80.4354687440074,29,1847.95
c36e7bd9-7191-4115-a8f8-5507f1f145cf,37.1644232472403,-80.4181202173009,88,11635.06
312be01d-4ee2-41b0-87d1-4ac8e4899530,37.2248643891199,-80.4367863206058,3,190.53
8edb0ac0-7024-48a5-a3bf-3ff8e8a7044f,37.2081885435293,-80.3976295054425,70,4525.55
7e6c10eb-0e83-4bba-bc4f-756b56fc4ea7,37.2426754885614,-80.4310479099149,57,2787.15
8edb0ac0-7024-48a5-a3bf-3ff8e8a7044f,37.2334281460422,-80.4247549237894,17,392.65
3c2c524f-a466-48b1-81e4-f3ac7f35d571,37.2253243461444,-80.445132729121,66,6379.66
25434fe2-1283-4de5-baa4-bb1845c06a9e,37.2527449917715,-80.4109460684174,43,2991.87
8909fd06-51cb-4b38-b873-c3b148b909b0,37.2316041229008,-80.4337692064412,48,7118.16
641aaf72-1326-4d06-a82a-2f2d84091463,37.2293064057751,-80.4277378268204,94,6684.45
d5bba5d8-b131-4789-abec-efc493310641,37.2333801461646,-80.4250851333076,123,7976.11
1624ad03-0ebf-4743-8abc-42f34060e035,37.2323975166667,-80.4233629884168,5,87.26
6add60f2-c611-432d-b7dc-83ccf50cad6e,37.2305475328423,-80.4285629665914,6,510.82
9231ca1f-b1ee-4245-85f9-3186ecc00751,37.1951118996988,-80.403961962992,145,9813.55
af234ae3-0762-49b9-89ff-4665d5b32ac7,37.2396795296478,-80.4184031735899,38,1445.01
50af930d-67fd-4314-80ca-dcff1602aa9f,37.2327315745527,-80.424604058506,125,8059.91
af234ae3-0762-49b9-89ff-4665d5b32ac7,37.2421097935483,-80.4155889351967,49,1979.37
edb1129b-9c6e-4d99-8a37-9ca86e8d6c3d,37.2347753744122,-80.421044146461,27,1871.83
50af930d-67fd-4314-80ca-dcff1602aa9f,37.2320701900423,-80.4238339777288,130,8180.08
b6d71f6b-4e43-42bc-a74d-ef5ff8fbb8a6,37.2141888562377,-80.4003778035181,92,7598.49
98e8b74d-b3ea-4ff9-993d-114d2f5de2cf,37.2210175364936,-80.4226246769874,31,1821.57
1dc0fd3b-7e4c-4647-b4f4-48d87fcaa171,37.2331251033796,-80.4252867631415,46,8063.47
0838e7d7-57d5-427d-b770-e402eac1f11e,37.2300236429213,-80.4284018937822,101,5649.48
1624ad03-0ebf-4743-8abc-42f34060e035,37.2374509216574,-80.4208341189987,53,3908.1
d9e3b73a-4dff-41e8-8980-71d8aa98e45f,37.2208501570956,-80.4227929546295,71,4981.05
c1bea031-37b2-475c-8beb-85fbb71be7a0,37.230481485934,-80.4210679485505,9,471.22
e93f9bcf-465f-43b3-90d0-216bddda2c87,37.2467025117103,-80.4197585788409,37,2342.37
fd0937b3-48d6-4b86-9d74-e463b40d55f4,37.2270989516013,-80.4418212033116,48,2307.99
a26fa236-5b1f-44ff-93d3-aeaf75cc2973,37.2155942697426,-80.4008091913611,57,3608.71
2674478c-5212-4ba0-993a-819fef810e02,37.2349825092606,-80.4209533051917,51,3363.23
0a3f36d7-c307-4463-b6c5-99406a7cffaf,37.2313687045198,-80.4348960778055,15,1320.84
2504249f-e511-4516-8a2e-2c1e088d018d,37.2093658432776,-80.3989007103373,39,4334.42
25434fe2-1283-4de5-baa4-bb1845c06a9e,37.235796924529,-80.4210104028478,28,886.69
fd0937b3-48d6-4b86-9d74-e463b40d55f4,37.2315992279043,-80.4340478989202,28,1356.47
3f10aa8b-ace6-4ae9-ba94-ffaeea5f0ab2,37.1936011532748,-80.4010405888864,6,611.55
bccd5bab-2cf0-4b7a-bbac-6523feb55222,37.2263832131825,-80.4164360185217,52,2495.41
f8939f8a-f65e-4d6f-8519-2c2840e3e6a5,37.2315992279043,-80.4340478989202,24,1359.89
0a3f36d7-c307-4463-b6c5-99406a7cffaf,37.2317123395405,-80.43337283695,12,1179.43
8c645223-1d5a-4351-adb6-43949e7cf524,37.1646650690284,-80.4128616060567,193,19360.87
67b5d761-e302-49aa-abb2-580efabd4eaf,37.2274157752524,-80.4262011800648,147,7881.54
6c8db17c-cc7e-4357-a5c5-21c8e98984ed,37.2342493176727,-80.4215289635483,16,787.51
8c645223-1d5a-4351-adb6-43949e7cf524,37.2324643189087,-80.4267211333856,254,30160.5
0a3f36d7-c307-4463-b6c5-99406a7cffaf,37.2271420774916,-80.4400326095982,80,6397.99
f8939f8a-f65e-4d6f-8519-2c2840e3e6a5,37.1822376065843,-80.4108540756721,88,9631.41
c36e7bd9-7191-4115-a8f8-5507f1f145cf,37.226648336764,-80.441650181082,38,2234.97
67b5d761-e302-49aa-abb2-580efabd4eaf,37.2245770674799,-80.4303187158457,113,6118.15
641aaf72-1326-4d06-a82a-2f2d84091463,37.2277633902427,-80.4189576817489,73,4467.45
8edb0ac0-7024-48a5-a3bf-3ff8e8a7044f,37.2322131752903,-80.4167396547584,125,8679.85
c1bea031-37b2-475c-8beb-85fbb71be7a0,37.229666,-80.420837,117,5250.86
916d6333-dc42-44dd-8071-6054f1ed29d8,37.2315610290196,-80.4337148077674,99,8483.51
c9430839-4a0c-471d-83b5-6785322fce8a,37.2213381689918,-80.4519987434368,32,3219.06
e708f6e7-1846-4ab0-b148-b3f768db6cb4,37.2431849635681,-80.4220493059858,42,2509.63
8c645223-1d5a-4351-adb6-43949e7cf524,37.1646685937171,-80.4181587016278,89,11662.54
50af930d-67fd-4314-80ca-dcff1602aa9f,37.2339302142817,-80.4190482448964,104,7285.24
0838e7d7-57d5-427d-b770-e402eac1f11e,37.2302615811027,-80.4284739916629,7,402.74
6e506adb-c6e8-48e0-b606-2bd650720397,37.2539624907181,-80.4178377306884,49,4269.38
009b7c3f-c455-4799-b8cf-815505da3f7e,37.2321021238083,-80.4275204522744,13,768.5
9231ca1f-b1ee-4245-85f9-3186ecc00751,37.2033919750949,-80.4123920989114,68,4889.28
641aaf72-1326-4d06-a82a-2f2d84091463,37.2275662769231,-80.4176804292652,78,4584.4
c1bea031-37b2-475c-8beb-85fbb71be7a0,37.2248626441798,-80.4362859200848,52,2494.87
e93f9bcf-465f-43b3-90d0-216bddda2c87,37.24579898988,-80.4228449119833,34,2050.38
8c645223-1d5a-4351-adb6-43949e7cf524,37.1829243645257,-80.4041145016278,74,8887.25
50af930d-67fd-4314-80ca-dcff1602aa9f,37.2321808942917,-80.4235202411158,5,242.55
b6d71f6b-4e43-42bc-a74d-ef5ff8fbb8a6,37.2326278206109,-80.4244579166507,127,11171.9
8c645223-1d5a-4351-adb6-43949e7cf524,37.2266057551016,-80.4410868812541,36,2184.18
af234ae3-0762-49b9-89ff-4665d5b32ac7,37.2320874622974,-80.4238673035488,124,5795.51
2504249f-e511-4516-8a2e-2c1e088d018d,37.2247972920416,-80.4089886193865,23,2320.36
fd0937b3-48d6-4b86-9d74-e463b40d55f4,37.1812746887008,-80.411349636913,180,19023.42
6c8db17c-cc7e-4357-a5c5-21c8e98984ed,37.2329833402639,-80.4247875460968,13,427.06
c1bea031-37b2-475c-8beb-85fbb71be7a0,37.22802630261,-80.4197167914545,110,5012.7
25434fe2-1283-4de5-baa4-bb1845c06a9e,37.2333048200816,-80.4249715449522,16,339.39
fd0937b3-48d6-4b86-9d74-e463b40d55f4,37.1964007471352,-80.406136202519,202,21743.23
b6d71f6b-4e43-42bc-a74d-ef5ff8fbb8a6,37.2321546395234,-80.4243331664438,133,11321.17
78bec10c-1fb8-41d6-af99-dd82e113d469,37.2371470613366,-80.426873789447,74,4184.66
8edb0ac0-7024-48a5-a3bf-3ff8e8a7044f,37.211663976538,-80.3931694542734,86,5140.79
8c645223-1d5a-4351-adb6-43949e7cf524,37.1856051666094,-80.4022949631437,72,8545.14
f83a250c-9d24-4fcf-a339-5447d451fdf5,37.2141888562377,-80.4003778035181,47,4097.7
f662dd49-53b2-49fa-8046-c83dde4f3bb4,37.2255333192928,-80.4476623789999,3,25.7
009b7c3f-c455-4799-b8cf-815505da3f7e,37.237039874279,-80.4268880944886,71,4206.53
a43aa2ac-7c35-4c0b-a970-437b91e4ba35,37.2279559313156,-80.4393264149131,77,7822.91
bccd5bab-2cf0-4b7a-bbac-6523feb55222,37.2246707496259,-80.4301190652734,80,4336.2
c2c639a5-32f8-41e3-8221-8ebd4c904b68,37.2274122449711,-80.4173534038326,22,2478.79
af234ae3-0762-49b9-89ff-4665d5b32ac7,37.2469487599234,-80.4164944931469,63,2855.39
312be01d-4ee2-41b0-87d1-4ac8e4899530,37.2245362520044,-80.4301231296499,23,913.52
fd0937b3-48d6-4b86-9d74-e463b40d55f4,37.2268245127004,-80.4407476583921,39,2163.83
7172a8d8-0bfc-4398-8da7-f0e7ecaa85d7,37.2324733266878,-80.4266917622867,69,5321.74
5ace41fb-b4a5-42d0-8d49-1628dcfd98a9,37.2080275177297,-80.4215599497663,56,3539.91
d9e3b73a-4dff-41e8-8980-71d8aa98e45f,37.2246926118587,-80.4341584063043,33,2743.06
8909fd06-51cb-4b38-b873-c3b148b909b0,37.2313687045198,-80.4348960778055,11,1317.94
3f10aa8b-ace6-4ae9-ba94-ffaeea5f0ab2,37.1940413551292,-80.4028837914877,1,436.98
8c645223-1d5a-4351-adb6-43949e7cf524,37.1658909330455,-80.4218971790924,101,12681.71
af234ae3-0762-49b9-89ff-4665d5b32ac7,37.2323826732,-80.4237853042123,121,5752.03
af234ae3-0762-49b9-89ff-4665d5b32ac7,37.231734,-80.424266,0,0
f06184b6-e86d-4b52-bd0b-2b5ea817c97e,37.2265397532934,-80.4250418106492,17,1138.72
b8c51a51-84af-4a44-9a35-9f53382c3b05,37.2323282805027,-80.4237395548619,46,4755.73
da4e0dbe-a20d-4ca9-80cb-7614cd29577c,37.2402629101433,-80.4271351055583,33,1838.22
a43aa2ac-7c35-4c0b-a970-437b91e4ba35,37.229738,-80.427082,0,0
0838e7d7-57d5-427d-b770-e402eac1f11e,37.2392852448991,-80.422364796541,77,4135.58
641aaf72-1326-4d06-a82a-2f2d84091463,37.2296527235286,-80.4212705743717,59,4133
98e8b74d-b3ea-4ff9-993d-114d2f5de2cf,37.2322062914604,-80.423184276392,6,215.16
3f10aa8b-ace6-4ae9-ba94-ffaeea5f0ab2,37.2352660491522,-80.4209234690506,70,7808.79
e0c0f9c9-b199-40b3-87ab-7bd1f213e157,37.2189748461459,-80.4193083924486,29,2236.21
7172a8d8-0bfc-4398-8da7-f0e7ecaa85d7,37.2402629101433,-80.4271351055583,21,1242.09
e570e646-82c5-4744-98dc-764a6d346163,37.2427753633924,-80.4303855319722,28,2516.33
8734192f-6a21-49a5-abcc-f16c770661f5,37.2262573939904,-80.4376094164988,47,3181.46
009b7c3f-c455-4799-b8cf-815505da3f7e,37.2336673024783,-80.4235060101886,19,1168.26
e93f9bcf-465f-43b3-90d0-216bddda2c87,37.2365323673204,-80.4211439717471,55,4014.33
c1bea031-37b2-475c-8beb-85fbb71be7a0,37.2313273936417,-80.4248827005492,1,14.18
fd0937b3-48d6-4b86-9d74-e463b40d55f4,37.1647980859055,-80.4181377563575,157,15938.09
3c2c524f-a466-48b1-81e4-f3ac7f35d571,37.2173037814217,-80.4479182352032,54,5088
9231ca1f-b1ee-4245-85f9-3186ecc00751,37.1936076471213,-80.400858239228,106,7629.67
a26fa236-5b1f-44ff-93d3-aeaf75cc2973,37.2342655052212,-80.4218029474766,142,9342.84
0838e7d7-57d5-427d-b770-e402eac1f11e,37.2314246689988,-80.4302393592267,15,680.03
009b7c3f-c455-4799-b8cf-815505da3f7e,37.2377464976656,-80.4266763111934,69,4125.73
8734192f-6a21-49a5-abcc-f16c770661f5,37.2225268004341,-80.4283554504696,16,1973.62
0838e7d7-57d5-427d-b770-e402eac1f11e,37.2333158966,-80.4327736093357,19,1098.76
6e506adb-c6e8-48e0-b606-2bd650720397,37.2343687049059,-80.4214048875756,18,680.44
6e506adb-c6e8-48e0-b606-2bd650720397,37.231579,-80.424478,0,0
fd0937b3-48d6-4b86-9d74-e463b40d55f4,37.2275806495788,-80.4414999399247,52,2369.93
2674478c-5212-4ba0-993a-819fef810e02,37.2343736227604,-80.4195448299376,41,3160.22
6c8db17c-cc7e-4357-a5c5-21c8e98984ed,37.235015117835,-80.4209637750736,100,7536.43
f8939f8a-f65e-4d6f-8519-2c2840e3e6a5,37.1743862163959,-80.4195256459638,168,17970.52
5ace41fb-b4a5-42d0-8d49-1628dcfd98a9,37.2154552252749,-80.424911227223,72,4478.77
b6d71f6b-4e43-42bc-a74d-ef5ff8fbb8a6,37.223944349524,-80.4080511872799,103,8906.81
d9e3b73a-4dff-41e8-8980-71d8aa98e45f,37.2262573939904,-80.4376094164988,41,3170.87
8c645223-1d5a-4351-adb6-43949e7cf524,37.1638723956516,-80.4125656953877,197,19456.96
916d6333-dc42-44dd-8071-6054f1ed29d8,37.2314212387211,-80.4303162133495,20,821.99
f06184b6-e86d-4b52-bd0b-2b5ea817c97e,37.2263240056455,-80.425523111135,18,1187.59
0838e7d7-57d5-427d-b770-e402eac1f11e,37.2402062373786,-80.4356434382578,34,1920.18
bccd5bab-2cf0-4b7a-bbac-6523feb55222,37.223398933594,-80.4321333969363,89,4586.9
6c8db17c-cc7e-4357-a5c5-21c8e98984ed,37.2333778960415,-80.408159505609,35,2452.03
b6d71f6b-4e43-42bc-a74d-ef5ff8fbb8a6,37.2086691608038,-80.3945683283947,72,6022.76
50af930d-67fd-4314-80ca-dcff1602aa9f,37.2331914178745,-80.4082897546316,91,5941.66
bccd5bab-2cf0-4b7a-bbac-6523feb55222,37.2323511297803,-80.423805358712,18,1102.61
312be01d-4ee2-41b0-87d1-4ac8e4899530,37.2240907301494,-80.4308310398899,18,817.1
50af930d-67fd-4314-80ca-dcff1602aa9f,37.2306557030097,-80.4153932736514,31,1585.48
e0c0f9c9-b199-40b3-87ab-7bd1f213e157,37.231611,-80.425148,96,5839.9
e0c0f9c9-b199-40b3-87ab-7bd1f213e157,37.217437873394,-80.4186114570636,35,2472.13
7172a8d8-0bfc-4398-8da7-f0e7ecaa85d7,37.231611,-80.425148,0,0
f8939f8a-f65e-4d6f-8519-2c2840e3e6a5,37.1646748389206,-80.4250932892184,125,13800.54
5ace41fb-b4a5-42d0-8d49-1628dcfd98a9,37.2046468195498,-80.416895835856,25,2137.25
d5bba5d8-b131-4789-abec-efc493310641,37.2348945168584,-80.4204506135732,23,931.99
7e6c10eb-0e83-4bba-bc4f-756b56fc4ea7,37.2337714874603,-80.4233433098266,101,5247.15
0838e7d7-57d5-427d-b770-e402eac1f11e,37.2423429633583,-80.4222481204419,75,3794.13
5ace41fb-b4a5-42d0-8d49-1628dcfd98a9,37.2042745131338,-80.409947396072,9,751.37
bccd5bab-2cf0-4b7a-bbac-6523feb55222,37.2302563864668,-80.4263806542308,152,8291.6
da4e0dbe-a20d-4ca9-80cb-7614cd29577c,37.2396851164436,-80.4354653244996,59,3038.92
7e6c10eb-0e83-4bba-bc4f-756b56fc4ea7,37.2328255536747,-80.4246424358244,15,416.78
2674478c-5212-4ba0-993a-819fef810e02,37.2398162566579,-80.3985567892515,3,89.8
9231ca1f-b1ee-4245-85f9-3186ecc00751,37.2183378431518,-80.4250626131957,15,1919.17
a5d067da-d551-4428-93e8-ae0cd08d0e96,37.2086862736344,-80.4183084975959,49,3163.28
f8939f8a-f65e-4d6f-8519-2c2840e3e6a5,37.2325094316099,-80.4240738376249,232,28145.49
8edb0ac0-7024-48a5-a3bf-3ff8e8a7044f,37.2251164749334,-80.4093480354159,113,7653.53
e570e646-82c5-4744-98dc-764a6d346163,37.2314246689988,-80.4302393592267,14,678.83
6e506adb-c6e8-48e0-b606-2bd650720397,37.2323164515652,-80.4233229591414,5,136.87
8734192f-6a21-49a5-abcc-f16c770661f5,37.2203192631729,-80.4264330123778,14,1675.01
7e6c10eb-0e83-4bba-bc4f-756b56fc4ea7,37.2392852448991,-80.422364796541,88,4462.39
7d6b5437-cda5-4b9f-822a-b8f311b72480,37.2310521933424,-80.4215711933533,85,5394.97
d9e3b73a-4dff-41e8-8980-71d8aa98e45f,37.2238125685525,-80.4288997126907,19,2115.62
916d6333-dc42-44dd-8071-6054f1ed29d8,37.219683027489,-80.4526226514739,41,3357.74
009b7c3f-c455-4799-b8cf-815505da3f7e,37.2355047850638,-80.420867328515,31,1547.82
e93f9bcf-465f-43b3-90d0-216bddda2c87,37.2371590091735,-80.4268745209068,18,744.68
6e506adb-c6e8-48e0-b606-2bd650720397,37.2322312069651,-80.4233968105764,4,125.36
bccd5bab-2cf0-4b7a-bbac-6523feb55222,37.2210668561167,-80.4227830505061,62,3400.27
b6d71f6b-4e43-42bc-a74d-ef5ff8fbb8a6,37.217968320017,-80.4017500751955,96,8036.89
f0de71e0-107d-4bcb-a8d2-8dfcf6d66e3a,37.2466419593865,-80.420392494164,30,2252.16
e708f6e7-1846-4ab0-b148-b3f768db6cb4,37.2402629101433,-80.4271351055583,27,1824.26
8c645223-1d5a-4351-adb6-43949e7cf524,37.2167446802623,-80.435216333082,233,27495.68
0838e7d7-57d5-427d-b770-e402eac1f11e,37.2417990267615,-80.434710105966,40,2117.24
a5d067da-d551-4428-93e8-ae0cd08d0e96,37.2026409031535,-80.4058557990704,0,0
25434fe2-1283-4de5-baa4-bb1845c06a9e,37.2336454424438,-80.4236025124593,18,466.44
2504249f-e511-4516-8a2e-2c1e088d018d,37.233695809986,-80.4239069444671,85,9492.62
67b5d761-e302-49aa-abb2-580efabd4eaf,37.2211930768087,-80.427202740851,123,6605.61
7172a8d8-0bfc-4398-8da7-f0e7ecaa85d7,37.2399127861943,-80.4355663829408,55,3746.34
fd0937b3-48d6-4b86-9d74-e463b40d55f4,37.2330319862676,-80.424889117019,246,28049.21
1dc0fd3b-7e4c-4647-b4f4-48d87fcaa171,37.2331077738699,-80.4250123033704,48,8088.44
a632e61e-c94b-4ceb-a95e-33c672af2314,37.2248280814192,-80.4171162617501,27,1449.84
a26fa236-5b1f-44ff-93d3-aeaf75cc2973,37.2322189262055,-80.4236782367778,155,9836.8
6add60f2-c611-432d-b7dc-83ccf50cad6e,37.2317503095719,-80.4280473574327,8,687
3f10aa8b-ace6-4ae9-ba94-ffaeea5f0ab2,37.231449,-80.424654,88,8671.47
0838e7d7-57d5-427d-b770-e402eac1f11e,37.2444152686878,-80.4214468565189,66,3550.98
c9430839-4a0c-471d-83b5-6785322fce8a,37.2220426632191,-80.4489146440574,75,6587.66
8909fd06-51cb-4b38-b873-c3b148b909b0,37.2316211544397,-80.4328850396229,49,7196.41
98e8b74d-b3ea-4ff9-993d-114d2f5de2cf,37.2248170802236,-80.4248770754612,22,1303.21
e0c0f9c9-b199-40b3-87ab-7bd1f213e157,37.2257424664965,-80.4158085619878,19,1282.14
8edb0ac0-7024-48a5-a3bf-3ff8e8a7044f,37.231579,-80.424478,160,10092.14
b6d71f6b-4e43-42bc-a74d-ef5ff8fbb8a6,37.2099539464685,-80.3956607219971,78,6250.73
78bec10c-1fb8-41d6-af99-dd82e113d469,37.2301408700641,-80.4284385390959,5,472.12
fd0937b3-48d6-4b86-9d74-e463b40d55f4,37.2108018888989,-80.4294170293728,74,4585.08
916d6333-dc42-44dd-8071-6054f1ed29d8,37.2253243461444,-80.445132729121,87,7220.41
bccd5bab-2cf0-4b7a-bbac-6523feb55222,37.2232768608376,-80.4317519217368,107,5921.32
e0c0f9c9-b199-40b3-87ab-7bd1f213e157,37.2300729065617,-80.4210668671021,6,526.32
2674478c-5212-4ba0-993a-819fef810e02,37.232220634239,-80.4237056309326,65,3968.84
98e4504d-d61b-4182-95cb-038c39551a3a,37.2293184753552,-80.427761386471,5,451.48
c2c639a5-32f8-41e3-8221-8ebd4c904b68,37.2276630947981,-80.4179109475421,24,2536.08
78bec10c-1fb8-41d6-af99-dd82e113d469,37.2333656090579,-80.4250936084261,79,4637.15
1dc0fd3b-7e4c-4647-b4f4-48d87fcaa171,37.2295388118437,-80.4376454795376,34,6845.49
8c645223-1d5a-4351-adb6-43949e7cf524,37.2325101827881,-80.4235318916804,8,295.1
f06184b6-e86d-4b52-bd0b-2b5ea817c97e,37.1952311780679,-80.4039940496894,171,10708.08
50af930d-67fd-4314-80ca-dcff1602aa9f,37.2346220236064,-80.4209533051917,21,867.79
86a57bd8-fef0-4b5e-b079-990c8f500901,37.2448736277147,-80.421412612284,56,3987.03
af234ae3-0762-49b9-89ff-4665d5b32ac7,37.244471134431,-80.4214465403664,87,4043.9
a43aa2ac-7c35-4c0b-a970-437b91e4ba35,37.227526884007,-80.4398664060055,16,1865.65
8c645223-1d5a-4351-adb6-43949e7cf524,37.2250898322556,-80.4404701035947,51,2681.22
bccd5bab-2cf0-4b7a-bbac-6523feb55222,37.2208495592001,-80.42301364403,127,7038.45
86a57bd8-fef0-4b5e-b079-990c8f500901,37.2466419593865,-80.420392494164,54,3683.08
c1bea031-37b2-475c-8beb-85fbb71be7a0,37.2278588176598,-80.4266903007156,90,4139.56
25434fe2-1283-4de5-baa4-bb1845c06a9e,37.2344146756166,-80.4214740947554,88,7285.15
fd0937b3-48d6-4b86-9d74-e463b40d55f4,37.18549246031,-80.4087258859403,97,9221.02
6e506adb-c6e8-48e0-b606-2bd650720397,37.2352718127304,-80.4209319686945,68,7123.99
a5d067da-d551-4428-93e8-ae0cd08d0e96,37.2073971510917,-80.4201944824625,34,2570.57
3f10aa8b-ace6-4ae9-ba94-ffaeea5f0ab2,37.2323673682011,-80.4238026241195,82,8431.01
7172a8d8-0bfc-4398-8da7-f0e7ecaa85d7,37.2438103490764,-80.428044078086,41,2868.41
8c645223-1d5a-4351-adb6-43949e7cf524,37.1621564147142,-80.42608069518,153,15586.69
a26fa236-5b1f-44ff-93d3-aeaf75cc2973,37.2342030584169,-80.4217566000224,21,672.35
6add60f2-c611-432d-b7dc-83ccf50cad6e,37.2419172922437,-80.4239387632013,23,2209.97
9231ca1f-b1ee-4245-85f9-3186ecc00751,37.1940134071812,-80.3959134911581,131,9031.47
e7b18590-2011-4d0c-8718-c9514a7b5808,37.1967532405912,-80.3943816262186,1,9.77
fd0937b3-48d6-4b86-9d74-e463b40d55f4,37.2242678594686,-80.4402538340934,63,2788.28
b6d71f6b-4e43-42bc-a74d-ef5ff8fbb8a6,37.2349215400175,-80.4206954883929,24,796.61
c36e7bd9-7191-4115-a8f8-5507f1f145cf,37.1676084858879,-80.4276814649434,132,14347.4
fd0937b3-48d6-4b86-9d74-e463b40d55f4,37.2328889095151,-80.42478276972,247,28067.68
9231ca1f-b1ee-4245-85f9-3186ecc00751,37.2016307818119,-80.4117192948974,70,5094.01
7a7f8de7-b6e6-4d4f-b306-26500b9c1da1,37.2153594456687,-80.4447561974312,14,1226.03
f8939f8a-f65e-4d6f-8519-2c2840e3e6a5,37.2124875591433,-80.4313739269778,63,4332.56
98e4504d-d61b-4182-95cb-038c39551a3a,37.2255337672595,-80.4477687354213,38,2775.91
641aaf72-1326-4d06-a82a-2f2d84091463,37.2298469927381,-80.421002317519,32,2923.29
9231ca1f-b1ee-4245-85f9-3186ecc00751,37.194073047257,-80.3956211456778,130,9004.76
a5d067da-d551-4428-93e8-ae0cd08d0e96,37.2032173417952,-80.4058530155494,1,64.05
009b7c3f-c455-4799-b8cf-815505da3f7e,37.2373268785785,-80.4268211983334,70,4174.09
312be01d-4ee2-41b0-87d1-4ac8e4899530,37.224665669789,-80.4341659068497,8,424.52
f662dd49-53b2-49fa-8046-c83dde4f3bb4,37.2250823057741,-80.4460932494609,6,233.62
25434fe2-1283-4de5-baa4-bb1845c06a9e,37.2432828281606,-80.4170887912833,74,6193.65
a5d067da-d551-4428-93e8-ae0cd08d0e96,37.2084931906029,-80.4191570125264,38,2727.18
7d6b5437-cda5-4b9f-822a-b8f311b72480,37.2184968589785,-80.4171069473969,56,3378.51
e0c0f9c9-b199-40b3-87ab-7bd1f213e157,37.2322125931202,-80.4236843290138,93,5679.92
57b3d106-fd5e-4b7b-85f7-bfb555af392b,37.2321888477997,-80.4236797742963,41,3359
50af930d-67fd-4314-80ca-dcff1602aa9f,37.2322131752903,-80.4167396547584,101,7005.71
7172a8d8-0bfc-4398-8da7-f0e7ecaa85d7,37.2434101716104,-80.4285556826764,42,2931.86
7e6c10eb-0e83-4bba-bc4f-756b56fc4ea7,37.2334046144556,-80.4250453021569,104,5403.45
25434fe2-1283-4de5-baa4-bb1845c06a9e,37.2322942980187,-80.4233422536781,5,133.07
4c65baab-ac20-473b-8a19-0b9cb7567806,37.2141073473756,-80.4442838099172,3,329.92
0a3f36d7-c307-4463-b6c5-99406a7cffaf,37.2217599722647,-80.4485382713201,65,5162.97
e570e646-82c5-4744-98dc-764a6d346163,37.2314656631432,-80.4288867594568,64,5478.04
916d6333-dc42-44dd-8071-6054f1ed29d8,37.2258292962149,-80.4433282043146,32,2221.88
6add60f2-c611-432d-b7dc-83ccf50cad6e,37.2449353185258,-80.425218667103,35,3173.28
99f7a61c-9121-44a6-ac7a-8cd83a2bec8a,37.2349084033195,-80.4209769468825,128,13611.85
d5bba5d8-b131-4789-abec-efc493310641,37.2410508987493,-80.3996013895654,78,4621.32
a26fa236-5b1f-44ff-93d3-aeaf75cc2973,37.2126577392259,-80.3999219218294,97,5996.19
1624ad03-0ebf-4743-8abc-42f34060e035,37.2370830157973,-80.4210156249509,54,3952.02
f8939f8a-f65e-4d6f-8519-2c2840e3e6a5,37.226732750707,-80.4417498995359,37,2268.23
3f10aa8b-ace6-4ae9-ba94-ffaeea5f0ab2,37.2093315483842,-80.3988329719526,29,2978.97
a632e61e-c94b-4ceb-a95e-33c672af2314,37.2294297091106,-80.421059360543,11,610.12
78bec10c-1fb8-41d6-af99-dd82e113d469,37.2364251085712,-80.4211393023684,30,1647.07
fd0937b3-48d6-4b86-9d74-e463b40d55f4,37.2249194845766,-80.4404175034119,62,2714.44
fd0937b3-48d6-4b86-9d74-e463b40d55f4,37.1634645172439,-80.4244800767475,147,14961.12
c36e7bd9-7191-4115-a8f8-5507f1f145cf,37.166722089417,-80.4254389611983,134,14569.06
af234ae3-0762-49b9-89ff-4665d5b32ac7,37.2418259735579,-80.4223307071844,93,4351.08
8734192f-6a21-49a5-abcc-f16c770661f5,37.2245920639271,-80.4302934882636,65,4052.34
c9430839-4a0c-471d-83b5-6785322fce8a,37.229261734645,-80.4277823336312,104,9219.91
c9430839-4a0c-471d-83b5-6785322fce8a,37.2228115834426,-80.4507152754746,31,3019.8
8c645223-1d5a-4351-adb6-43949e7cf524,37.1713816028526,-80.4170011540898,210,20529.69
a26fa236-5b1f-44ff-93d3-aeaf75cc2973,37.2191367510688,-80.4026492912478,105,6762.84
7e6c10eb-0e83-4bba-bc4f-756b56fc4ea7,37.2417990267615,-80.434710105966,51,2444.05
7e6c10eb-0e83-4bba-bc4f-756b56fc4ea7,37.2353153541727,-80.4209519804376,93,4946.97
af234ae3-0762-49b9-89ff-4665d5b32ac7,37.2476395389507,-80.417555338075,66,3025.32
f8939f8a-f65e-4d6f-8519-2c2840e3e6a5,37.1672698661135,-80.4173210196969,152,16226.56
8c645223-1d5a-4351-adb6-43949e7cf524,37.1663903778347,-80.4244261491421,104,12917.34
bccd5bab-2cf0-4b7a-bbac-6523feb55222,37.2245657120607,-80.4300691526304,79,4323.72
312be01d-4ee2-41b0-87d1-4ac8e4899530,37.2253063928721,-80.4370496818599,2,136.17
312be01d-4ee2-41b0-87d1-4ac8e4899530,37.2244186893192,-80.4336453892873,10,478.2
7e6c10eb-0e83-4bba-bc4f-756b56fc4ea7,37.2419318834994,-80.4345738816224,52,2463.11
4c65baab-ac20-473b-8a19-0b9cb7567806,37.2313675123553,-80.429878379957,32,4053.9
50af930d-67fd-4314-80ca-dcff1602aa9f,37.2323185309904,-80.42375888308,128,8148.02
bccd5bab-2cf0-4b7a-bbac-6523feb55222,37.2208593057965,-80.4228787192708,128,7050.44
99f7a61c-9121-44a6-ac7a-8cd83a2bec8a,37.2341789140995,-80.4219359826653,131,13732.36
f0de71e0-107d-4bcb-a8d2-8dfcf6d66e3a,37.2435016777218,-80.4218699289483,34,2714.94
e708f6e7-1846-4ab0-b148-b3f768db6cb4,37.2431707727965,-80.4290228152478,58,3561.25
2674478c-5212-4ba0-993a-819fef810e02,37.2352904481175,-80.4206250821391,45,3303.09
641aaf72-1326-4d06-a82a-2f2d84091463,37.2292808576811,-80.4205753625587,64,4217.99
f06184b6-e86d-4b52-bd0b-2b5ea817c97e,37.201142348705,-80.4113003852155,97,6042.14
e0c0f9c9-b199-40b3-87ab-7bd1f213e157,37.2288002831438,-80.4200817801179,9,730.03
5ace41fb-b4a5-42d0-8d49-1628dcfd98a9,37.2013877279593,-80.4095417734288,12,1078.66
6e506adb-c6e8-48e0-b606-2bd650720397,37.2374545507491,-80.4208321434086,62,6876.44
98e8b74d-b3ea-4ff9-993d-114d2f5de2cf,37.2321292378457,-80.4229275194649,7,239.44
7d6b5437-cda5-4b9f-822a-b8f311b72480,37.2194185868686,-80.4195125694847,27,2183.7
7d6b5437-cda5-4b9f-822a-b8f311b72480,37.232508446429,-80.4236523645319,91,5648.31
a26fa236-5b1f-44ff-93d3-aeaf75cc2973,37.220935124735,-80.4047573119347,108,7036.33
a632e61e-c94b-4ceb-a95e-33c672af2314,37.2303410659436,-80.426349577009,46,3303.21
67b5d761-e302-49aa-abb2-580efabd4eaf,37.2266175965245,-80.4256277382149,145,7778.96
9231ca1f-b1ee-4245-85f9-3186ecc00751,37.208468881483,-80.4191805060681,47,3586.38
a632e61e-c94b-4ceb-a95e-33c672af2314,37.2305083967501,-80.4210522301652,7,482.33
e570e646-82c5-4744-98dc-764a6d346163,37.2300236429213,-80.4284018937822,67,5644.99
d5bba5d8-b131-4789-abec-efc493310641,37.2414564932261,-80.3990201889884,76,4539.67
a5d067da-d551-4428-93e8-ae0cd08d0e96,37.20869,-80.418273,39,2808.41
c9430839-4a0c-471d-83b5-6785322fce8a,37.2315469661805,-80.4324330406408,94,8651.7
b8c51a51-84af-4a44-9a35-9f53382c3b05,37.2325979434925,-80.4243046372842,45,4697.44
8909fd06-51cb-4b38-b873-c3b148b909b0,37.2313912283407,-80.4292093299864,51,7523.16
6add60f2-c611-432d-b7dc-83ccf50cad6e,37.2390815263776,-80.4356897906219,55,4427.75
86a57bd8-fef0-4b5e-b079-990c8f500901,37.2352825660932,-80.4209114641985,68,5111.79
a632e61e-c94b-4ceb-a95e-33c672af2314,37.2247650683046,-80.4171958821911,28,1459.77
e0c0f9c9-b199-40b3-87ab-7bd1f213e157,37.232508446429,-80.4234166264777,90,5622.28
bccd5bab-2cf0-4b7a-bbac-6523feb55222,37.2254958937183,-80.416140469704,54,2629.49
312be01d-4ee2-41b0-87d1-4ac8e4899530,37.2233779897818,-80.4314458146887,16,721.01
916d6333-dc42-44dd-8071-6054f1ed29d8,37.2149307250098,-80.4445494164818,61,5008.46
99f7a61c-9121-44a6-ac7a-8cd83a2bec8a,37.1958560956726,-80.3978925271908,68,6911.55
e708f6e7-1846-4ab0-b148-b3f768db6cb4,37.2433921485307,-80.4285343843844,56,3511.39
50af930d-67fd-4314-80ca-dcff1602aa9f,37.2336157432272,-80.4083180504575,89,5891.52
6c8db17c-cc7e-4357-a5c5-21c8e98984ed,37.2332984173459,-80.424965805536,14,465.46
a26fa236-5b1f-44ff-93d3-aeaf75cc2973,37.2119763033646,-80.3932407580491,87,5176.06
8c645223-1d5a-4351-adb6-43949e7cf524,37.2321837481396,-80.4235497176243,4,241.25
da4e0dbe-a20d-4ca9-80cb-7614cd29577c,37.2418184473283,-80.4346906813187,52,2779.17
edb1129b-9c6e-4d99-8a37-9ca86e8d6c3d,37.2335604991508,-80.424573683357,36,2218.28
c1bea031-37b2-475c-8beb-85fbb71be7a0,37.2259823930412,-80.4241019736586,97,4533.38
1624ad03-0ebf-4743-8abc-42f34060e035,37.2322130100242,-80.4234699440804,3,62.68
009b7c3f-c455-4799-b8cf-815505da3f7e,37.2349337203934,-80.4207298197518,24,1457.58
86a57bd8-fef0-4b5e-b079-990c8f500901,37.2333609098454,-80.4250292572448,10,311.12
25434fe2-1283-4de5-baa4-bb1845c06a9e,37.2320672125453,-80.423887727562,102,7832.96
1624ad03-0ebf-4743-8abc-42f34060e035,37.2315278302527,-80.4252192005776,85,4975.39
af234ae3-0762-49b9-89ff-4665d5b32ac7,37.2417720476388,-80.4159062369984,47,1932.08
7d6b5437-cda5-4b9f-822a-b8f311b72480,37.2319548662071,-80.4225587506464,87,5528.02
7172a8d8-0bfc-4398-8da7-f0e7ecaa85d7,37.2347992500543,-80.4258919016058,15,609.61
8edb0ac0-7024-48a5-a3bf-3ff8e8a7044f,37.2333401518258,-80.4250044870042,16,368.5
3f10aa8b-ace6-4ae9-ba94-ffaeea5f0ab2,37.2052085856719,-80.3988900149732,26,2475.43
2674478c-5212-4ba0-993a-819fef810e02,37.235422435989,-80.4086371348543,22,1458.21
d5bba5d8-b131-4789-abec-efc493310641,37.2327315745527,-80.424604058506,125,8059.91
0aa35e38-de23-44ce-b140-77621ff93358,37.2349079276754,-80.4207728316314,21,763.36
8edb0ac0-7024-48a5-a3bf-3ff8e8a7044f,37.2333855682084,-80.4250650952136,148,9648.78
b8c51a51-84af-4a44-9a35-9f53382c3b05,37.246036365392,-80.4150718697948,29,2806.9
a26fa236-5b1f-44ff-93d3-aeaf75cc2973,37.2339302142817,-80.4190482448964,127,8959.37
9231ca1f-b1ee-4245-85f9-3186ecc00751,37.1939518488035,-80.4025264634865,137,9623.84
8c645223-1d5a-4351-adb6-43949e7cf524,37.1621024318453,-80.4268008633141,147,15253.92
7e6c10eb-0e83-4bba-bc4f-756b56fc4ea7,37.2317554149394,-80.4285142308434,22,848.11
7e6c10eb-0e83-4bba-bc4f-756b56fc4ea7,37.232025,-80.42459,0,0
d5bba5d8-b131-4789-abec-efc493310641,37.232984204873,-80.4248179698331,124,8026.05
bccd5bab-2cf0-4b7a-bbac-6523feb55222,37.2223336829146,-80.4234779133486,136,7262.56
bccd5bab-2cf0-4b7a-bbac-6523feb55222,37.2233762223985,-80.4315237496543,86,4530.12
bccd5bab-2cf0-4b7a-bbac-6523feb55222,37.2246906215811,-80.4341085115228,91,4813.6
0aa35e38-de23-44ce-b140-77621ff93358,37.2351606383523,-80.4209628041664,70,7136.79
f83a250c-9d24-4fcf-a339-5447d451fdf5,37.2092430460512,-80.405138158632,7,1143.64
d9e3b73a-4dff-41e8-8980-71d8aa98e45f,37.2248608718262,-80.4362312628575,36,2928.48
0aa35e38-de23-44ce-b140-77621ff93358,37.2374545507491,-80.4208321434086,63,6876.59
7172a8d8-0bfc-4398-8da7-f0e7ecaa85d7,37.2433016454596,-80.4287096591385,43,2950.05
25434fe2-1283-4de5-baa4-bb1845c06a9e,37.2341961120078,-80.4219518300524,89,7333.9
c9430839-4a0c-471d-83b5-6785322fce8a,37.230260544562,-80.4284649322746,7,594.72
da4e0dbe-a20d-4ca9-80cb-7614cd29577c,37.2308195984988,-80.4275745645083,2,134.86
da4e0dbe-a20d-4ca9-80cb-7614cd29577c,37.2399281787407,-80.4270754380775,32,1800.65
57b3d106-fd5e-4b7b-85f7-bfb555af392b,37.2257387912234,-80.4156807727055,20,2240.92
86a57bd8-fef0-4b5e-b079-990c8f500901,37.2479758188066,-80.4174904304931,48,3309.19
fd0937b3-48d6-4b86-9d74-e463b40d55f4,37.2321886740946,-80.4235034074198,5,263.59
009b7c3f-c455-4799-b8cf-815505da3f7e,37.2325134246096,-80.426695399694,14,854.62
1624ad03-0ebf-4743-8abc-42f34060e035,37.2357518020204,-80.4210263205171,58,4102
f83a250c-9d24-4fcf-a339-5447d451fdf5,37.2319607580372,-80.4164433722647,59,6565.77
f0de71e0-107d-4bcb-a8d2-8dfcf6d66e3a,37.2429212182251,-80.4221501322357,35,2784.04
a26fa236-5b1f-44ff-93d3-aeaf75cc2973,37.2312736774757,-80.415824125885,122,8546.96
6e506adb-c6e8-48e0-b606-2bd650720397,37.2346156527871,-80.421019847187,19,724.18
641aaf72-1326-4d06-a82a-2f2d84091463,37.2211935430622,-80.4222780278211,16,1469.46
009b7c3f-c455-4799-b8cf-815505da3f7e,37.235075747244,-80.4204919667558,27,1486.75
fd0937b3-48d6-4b86-9d74-e463b40d55f4,37.1631178605761,-80.4221765002394,150,15216.18
0838e7d7-57d5-427d-b770-e402eac1f11e,37.2393243376347,-80.4355380271452,27,1818.86
9231ca1f-b1ee-4245-85f9-3186ecc00751,37.1936149920578,-80.4016755375913,103,7556.9
e93f9bcf-465f-43b3-90d0-216bddda2c87,37.2365668259005,-80.4268186048757,15,677.93
8c645223-1d5a-4351-adb6-43949e7cf524,37.1670488072751,-80.4293571036714,115,13428.23
2674478c-5212-4ba0-993a-819fef810e02,37.2333901147384,-80.4082077552895,25,1727.15
a43aa2ac-7c35-4c0b-a970-437b91e4ba35,37.225343858566,-80.445677663723,22,2446.61
8edb0ac0-7024-48a5-a3bf-3ff8e8a7044f,37.2106162525591,-80.3956436952897,82,4891.32
fd0937b3-48d6-4b86-9d74-e463b40d55f4,37.2314018299108,-80.4299050873328,23,987.12
916d6333-dc42-44dd-8071-6054f1ed29d8,37.232065617377,-80.4240540333733,120,9506.22
7172a8d8-0bfc-4398-8da7-f0e7ecaa85d7,37.2433846282958,-80.421899475217,30,1949.29
b6d71f6b-4e43-42bc-a74d-ef5ff8fbb8a6,37.2076330710674,-80.3939684221722,68,5879.08
2674478c-5212-4ba0-993a-819fef810e02,37.2409799428549,-80.3982038355622,5,223.54
a632e61e-c94b-4ceb-a95e-33c672af2314,37.2280444244561,-80.4193480699275,19,860.46
f83a250c-9d24-4fcf-a339-5447d451fdf5,37.2327697480566,-80.4247074798656,73,7641.61
d9e3b73a-4dff-41e8-8980-71d8aa98e45f,37.2263368801079,-80.437413331116,40,3151.4
7172a8d8-0bfc-4398-8da7-f0e7ecaa85d7,37.2323036896913,-80.4233148551646,6,217.99
916d6333-dc42-44dd-8071-6054f1ed29d8,37.2325084135386,-80.423563745793,9,116.16
78bec10c-1fb8-41d6-af99-dd82e113d469,37.2373896832544,-80.4267994603858,73,4156.91
0838e7d7-57d5-427d-b770-e402eac1f11e,37.2301644360008,-80.4265195587936,104,5904.89
2674478c-5212-4ba0-993a-819fef810e02,37.2353117702418,-80.4207465242422,46,3314.09
f8939f8a-f65e-4d6f-8519-2c2840e3e6a5,37.2314160228982,-80.4293952653367,222,27599.4
6c8db17c-cc7e-4357-a5c5-21c8e98984ed,37.23255,-80.409175,82,6037
9231ca1f-b1ee-4245-85f9-3186ecc00751,37.2242294438317,-80.424377940258,8,950.72
bccd5bab-2cf0-4b7a-bbac-6523feb55222,37.2264393331444,-80.4371104004789,97,5203.62
57b3d106-fd5e-4b7b-85f7-bfb555af392b,37.2242402429414,-80.4243942067323,8,987.67
d9e3b73a-4dff-41e8-8980-71d8aa98e45f,37.2225268004341,-80.4283554504696,16,1964.59
50af930d-67fd-4314-80ca-dcff1602aa9f,37.2321825652977,-80.4242646569097,131,8220.18
af234ae3-0762-49b9-89ff-4665d5b32ac7,37.2350707423721,-80.4205017653416,24,766.99
bccd5bab-2cf0-4b7a-bbac-6523feb55222,37.2253407155175,-80.4363438848903,96,5063.97
6c8db17c-cc7e-4357-a5c5-21c8e98984ed,37.2328010851954,-80.4247214840516,108,8030.35
f8939f8a-f65e-4d6f-8519-2c2840e3e6a5,37.1619444848673,-80.4266548419056,135,14610.06
d9e3b73a-4dff-41e8-8980-71d8aa98e45f,37.2246553235506,-80.4246628926195,76,5453.33
e570e646-82c5-4744-98dc-764a6d346163,37.2440528717073,-80.4275937633272,33,2807.44
2674478c-5212-4ba0-993a-819fef810e02,37.2327315745527,-80.424604058506,61,3868.88
98e4504d-d61b-4182-95cb-038c39551a3a,37.2255333192928,-80.4476623789999,39,2785.32
78bec10c-1fb8-41d6-af99-dd82e113d469,37.2394608141807,-80.4224251951286,37,2031.42
f662dd49-53b2-49fa-8046-c83dde4f3bb4,37.225667,-80.447849,0,0
d9e3b73a-4dff-41e8-8980-71d8aa98e45f,37.2301533719444,-80.4267450024783,3,181.48
7172a8d8-0bfc-4398-8da7-f0e7ecaa85d7,37.2419172922437,-80.4239387632013,26,1624.46
d5bba5d8-b131-4789-abec-efc493310641,37.2325980910356,-80.417257088577,102,7068.36
25434fe2-1283-4de5-baa4-bb1845c06a9e,37.2415302539784,-80.4183173428963,75,6416.67
d9e3b73a-4dff-41e8-8980-71d8aa98e45f,37.2233200422561,-80.431638188002,28,2466.86
916d6333-dc42-44dd-8071-6054f1ed29d8,37.2320854674961,-80.4238026134414,1,27.56
6c8db17c-cc7e-4357-a5c5-21c8e98984ed,37.239304,-80.398058,59,4178.7
2674478c-5212-4ba0-993a-819fef810e02,37.2351570407866,-80.4209851662062,49,3343.36
5ace41fb-b4a5-42d0-8d49-1628dcfd98a9,37.2049172956566,-80.4177086239818,27,2215.56
67aab091-d5f3-411e-82ad-611d0f153f61,37.2292500718762,-80.4277777726576,19,2198.46
916d6333-dc42-44dd-8071-6054f1ed29d8,37.2142237564831,-80.4442784621343,70,5452.43
f8939f8a-f65e-4d6f-8519-2c2840e3e6a5,37.2143248562228,-80.4330606467614,202,24863.8
916d6333-dc42-44dd-8071-6054f1ed29d8,37.2328944561774,-80.4247295625252,14,236.19
916d6333-dc42-44dd-8071-6054f1ed29d8,37.2313985299416,-80.4294177857759,105,8865.48
916d6333-dc42-44dd-8071-6054f1ed29d8,37.2326531797598,-80.424405130346,12,196.03
af234ae3-0762-49b9-89ff-4665d5b32ac7,37.2458135464411,-80.413777819294,58,2582.54
e0c0f9c9-b199-40b3-87ab-7bd1f213e157,37.2282721236726,-80.4199491148492,10,789.88
3c2c524f-a466-48b1-81e4-f3ac7f35d571,37.2252620888689,-80.4457766238167,29,2491.79
8edb0ac0-7024-48a5-a3bf-3ff8e8a7044f,37.2345635460745,-80.4212467780264,140,9283.28
edb1129b-9c6e-4d99-8a37-9ca86e8d6c3d,37.2344943652861,-80.4213721438291,29,1914.56
6c8db17c-cc7e-4357-a5c5-21c8e98984ed,37.2325263342284,-80.4240388564522,11,341.54
9231ca1f-b1ee-4245-85f9-3186ecc00751,37.2083336143681,-80.4195303759745,46,3551.96
a43aa2ac-7c35-4c0b-a970-437b91e4ba35,37.2157649526456,-80.4504797131109,40,4312.56
c2c639a5-32f8-41e3-8221-8ebd4c904b68,37.2248112791687,-80.4248253185965,7,913.63
7a7f8de7-b6e6-4d4f-b306-26500b9c1da1,37.2158250732931,-80.4451661941414,13,1162.84
86a57bd8-fef0-4b5e-b079-990c8f500901,37.2460998948752,-80.4220324810046,55,3840.15
0aa35e38-de23-44ce-b140-77621ff93358,37.2432710077328,-80.4170499990612,36,1808.68
e7b18590-2011-4d0c-8718-c9514a7b5808,37.1940134071812,-80.3959134911581,12,482.56
57b3d106-fd5e-4b7b-85f7-bfb555af392b,37.2209129632119,-80.422628306211,15,1421.13
8edb0ac0-7024-48a5-a3bf-3ff8e8a7044f,37.229905559415,-80.4145555445287,119,8357.48
916d6333-dc42-44dd-8071-6054f1ed29d8,37.2324629966276,-80.4236742666452,10,127.16
e93f9bcf-465f-43b3-90d0-216bddda2c87,37.232845430409,-80.424755026567,75,4681.04
f8939f8a-f65e-4d6f-8519-2c2840e3e6a5,37.1784104266031,-80.4153568981132,90,10215.43
0a3f36d7-c307-4463-b6c5-99406a7cffaf,37.2222414096702,-80.4491483623798,67,5239.01
1dc0fd3b-7e4c-4647-b4f4-48d87fcaa171,37.1971351270849,-80.407162355836,15,1920.18
f662dd49-53b2-49fa-8046-c83dde4f3bb4,37.2316128852949,-80.4334643955884,23,1608.24
7a7f8de7-b6e6-4d4f-b306-26500b9c1da1,37.229261734645,-80.4277823336312,55,5424.1
e7b18590-2011-4d0c-8718-c9514a7b5808,37.1966794031117,-80.3944101477289,2,18.35
6e506adb-c6e8-48e0-b606-2bd650720397,37.2327479119536,-80.424599296726,12,271.31
a43aa2ac-7c35-4c0b-a970-437b91e4ba35,37.2286197923809,-80.438982239187,15,1721.19
af234ae3-0762-49b9-89ff-4665d5b32ac7,37.2334017096464,-80.425068772169,116,5584.09
3c2c524f-a466-48b1-81e4-f3ac7f35d571,37.2316059542972,-80.4329729638213,79,7709.48
e93f9bcf-465f-43b3-90d0-216bddda2c87,37.2323441023316,-80.4237701704055,80,4786.37
fd0937b3-48d6-4b86-9d74-e463b40d55f4,37.1661550416673,-80.4246761621307,131,13623.43
9231ca1f-b1ee-4245-85f9-3186ecc00751,37.2029308256008,-80.4122584899045,69,4941.87
8c645223-1d5a-4351-adb6-43949e7cf524,37.2322490351824,-80.4234035448842,5,256.08
8edb0ac0-7024-48a5-a3bf-3ff8e8a7044f,37.2349183550779,-80.4205907832904,26,808.01
9231ca1f-b1ee-4245-85f9-3186ecc00751,37.1950247702017,-80.3934921558793,125,8771.6
8734192f-6a21-49a5-abcc-f16c770661f5,37.2251407398258,-80.4362593847449,43,2970.56
1dc0fd3b-7e4c-4647-b4f4-48d87fcaa171,37.2125588279445,-80.4312637916144,21,4663.1
7172a8d8-0bfc-4398-8da7-f0e7ecaa85d7,37.2427911044228,-80.4305060061302,46,3119
e708f6e7-1846-4ab0-b148-b3f768db6cb4,37.2390815263776,-80.4356897906219,76,4424.11
1624ad03-0ebf-4743-8abc-42f34060e035,37.2347044126105,-80.4211083198592,66,4223.99
f06184b6-e86d-4b52-bd0b-2b5ea817c97e,37.1967380399481,-80.3941941200236,143,9421.58
a5d067da-d551-4428-93e8-ae0cd08d0e96,37.2330929207228,-80.4254700457484,88,8392.24
6c8db17c-cc7e-4357-a5c5-21c8e98984ed,37.2412572250642,-80.3981377599379,65,4437.21
e7b18590-2011-4d0c-8718-c9514a7b5808,37.1948839680015,-80.3934071385427,7,240.05
e708f6e7-1846-4ab0-b148-b3f768db6cb4,37.2314694233103,-80.4287800651851,8,622.1
8edb0ac0-7024-48a5-a3bf-3ff8e8a7044f,37.2216521157854,-80.4055656156724,109,7143.4
3c2c524f-a466-48b1-81e4-f3ac7f35d571,37.2308005511862,-80.4275388963538,3,227.81
f06184b6-e86d-4b52-bd0b-2b5ea817c97e,37.209083,-80.417141,76,4662.43
57b3d106-fd5e-4b7b-85f7-bfb555af392b,37.2248112791687,-80.4248253185965,7,913.63
312be01d-4ee2-41b0-87d1-4ac8e4899530,37.2233836675812,-80.4321552872566,12,653.17
8909fd06-51cb-4b38-b873-c3b148b909b0,37.2316438631521,-80.432931387077,9,1140.27
a26fa236-5b1f-44ff-93d3-aeaf75cc2973,37.2258110844849,-80.410132622504,115,7757.34
0838e7d7-57d5-427d-b770-e402eac1f11e,37.2379962248759,-80.4352084175547,22,1661.76
5ace41fb-b4a5-42d0-8d49-1628dcfd98a9,37.216343341039,-80.4237384278396,76,4625.92
d9e3b73a-4dff-41e8-8980-71d8aa98e45f,37.2253493553032,-80.4250894784892,6,819.01
8909fd06-51cb-4b38-b873-c3b148b909b0,37.217828605285,-80.4533490779765,24,3679.49
5ace41fb-b4a5-42d0-8d49-1628dcfd98a9,37.2203251796232,-80.4264459064428,87,5174.03
d5bba5d8-b131-4789-abec-efc493310641,37.2325044903963,-80.4240550194334,126,8114.65
3c2c524f-a466-48b1-81e4-f3ac7f35d571,37.2313687045198,-80.4348960778055,19,1279.04
f06184b6-e86d-4b52-bd0b-2b5ea817c97e,37.1965518749444,-80.394241815871,149,9470.38
3c2c524f-a466-48b1-81e4-f3ac7f35d571,37.2229742039215,-80.4504192495883,30,2974.88
f8939f8a-f65e-4d6f-8519-2c2840e3e6a5,37.1679661992662,-80.4176416926086,154,16309.04
e570e646-82c5-4744-98dc-764a6d346163,37.2316984276018,-80.4284767627466,62,5429.99
c9430839-4a0c-471d-83b5-6785322fce8a,37.2159969637392,-80.4453178015541,65,5728.23
3f10aa8b-ace6-4ae9-ba94-ffaeea5f0ab2,37.2340080388341,-80.4225048954022,76,8023.68
a5d067da-d551-4428-93e8-ae0cd08d0e96,37.2047308123442,-80.4154135643032,22,2003.54
67aab091-d5f3-411e-82ad-611d0f153f61,37.2440094120991,-80.427682743265,1,241.03
a26fa236-5b1f-44ff-93d3-aeaf75cc2973,37.2292874729444,-80.4138673728518,118,8265.7
f8939f8a-f65e-4d6f-8519-2c2840e3e6a5,37.1642142334112,-80.4291373747073,108,12811.11
bccd5bab-2cf0-4b7a-bbac-6523feb55222,37.2224478964307,-80.4283649923945,122,6432.35
a26fa236-5b1f-44ff-93d3-aeaf75cc2973,37.2169364479191,-80.4011733030915,101,6484.58
7e6c10eb-0e83-4bba-bc4f-756b56fc4ea7,37.2368889862559,-80.4211415131315,91,4769.75
c9430839-4a0c-471d-83b5-6785322fce8a,37.229738,-80.427082,105,9301.4
8909fd06-51cb-4b38-b873-c3b148b909b0,37.2172832025288,-80.4482647262014,33,4628
a26fa236-5b1f-44ff-93d3-aeaf75cc2973,37.2317164981758,-80.4162198618401,33,1336.21
4c65baab-ac20-473b-8a19-0b9cb7567806,37.2177310119707,-80.4482695727509,14,1240.13
f06184b6-e86d-4b52-bd0b-2b5ea817c97e,37.2046209458214,-80.405631735049,115,7063.89
d5bba5d8-b131-4789-abec-efc493310641,37.2323185309904,-80.42375888308,128,8148.02
d5bba5d8-b131-4789-abec-efc493310641,37.2314087997302,-80.4158943023075,99,6888.71
0aa35e38-de23-44ce-b140-77621ff93358,37.2325889531504,-80.4242784297355,11,237.88
0838e7d7-57d5-427d-b770-e402eac1f11e,37.2316984276018,-80.4284767627466,96,5434.48
bccd5bab-2cf0-4b7a-bbac-6523feb55222,37.2291994188484,-80.4203702093401,39,1974.75
a5d067da-d551-4428-93e8-ae0cd08d0e96,37.2329976812662,-80.424828880694,90,8454.07
af234ae3-0762-49b9-89ff-4665d5b32ac7,37.2468732787502,-80.4160936106733,62,2818.95
b6d71f6b-4e43-42bc-a74d-ef5ff8fbb8a6,37.2223725749476,-80.4063292089897,102,8675.03
8c645223-1d5a-4351-adb6-43949e7cf524,37.1611449398162,-80.4270682524731,150,15398.82
d5bba5d8-b131-4789-abec-efc493310641,37.2346220236064,-80.4209533051917,21,867.79
d5bba5d8-b131-4789-abec-efc493310641,37.2406393536326,-80.400136167883,50,3695.3
a632e61e-c94b-4ceb-a95e-33c672af2314,37.2248442869126,-80.4248667716629,40,2573.95
bccd5bab-2cf0-4b7a-bbac-6523feb55222,37.2293923057989,-80.4211357292283,37,1903.35
8c645223-1d5a-4351-adb6-43949e7cf524,37.1641963706635,-80.4256207858265,144,14909.65
b6d71f6b-4e43-42bc-a74d-ef5ff8fbb8a6,37.2343595218076,-80.4213229616186,20,712.24
8734192f-6a21-49a5-abcc-f16c770661f5,37.230711,-80.42681,96,6281.68
bccd5bab-2cf0-4b7a-bbac-6523feb55222,37.2321775383592,-80.4235631055828,27,1471.21
98e4504d-d61b-4182-95cb-038c39551a3a,37.2308549780098,-80.4357532467893,16,1361.51
8edb0ac0-7024-48a5-a3bf-3ff8e8a7044f,37.215795852159,-80.4008377128714,99,6354.2
78bec10c-1fb8-41d6-af99-dd82e113d469,37.2434165161025,-80.4219011752471,44,2476.84
0a3f36d7-c307-4463-b6c5-99406a7cffaf,37.2227617465238,-80.4507602626487,35,3057.59
3f10aa8b-ace6-4ae9-ba94-ffaeea5f0ab2,37.193635,-80.4002700984639,7,679.86
af234ae3-0762-49b9-89ff-4665d5b32ac7,37.2336231140723,-80.4240170414827,114,5487.53
6c8db17c-cc7e-4357-a5c5-21c8e98984ed,37.240411,-80.400591,74,4726.42
7e6c10eb-0e83-4bba-bc4f-756b56fc4ea7,37.2363860024038,-80.4212046906962,92,4825.92
7d6b5437-cda5-4b9f-822a-b8f311b72480,37.2186355523342,-80.4192509902725,59,3571.88
99f7a61c-9121-44a6-ac7a-8cd83a2bec8a,37.2348680993137,-80.4204406510964,19,813.98
bccd5bab-2cf0-4b7a-bbac-6523feb55222,37.2244216900576,-80.4244545900031,140,7511.17
0aa35e38-de23-44ce-b140-77621ff93358,37.2338322291351,-80.423112613003,77,7398.14
af234ae3-0762-49b9-89ff-4665d5b32ac7,37.2341453988602,-80.4218850585898,18,602.25
f06184b6-e86d-4b52-bd0b-2b5ea817c97e,37.1938316466594,-80.3978351279124,133,8779.44
25434fe2-1283-4de5-baa4-bb1845c06a9e,37.2364554379392,-80.4211351844552,80,7036.4
d5bba5d8-b131-4789-abec-efc493310641,37.2303883570664,-80.4123923428292,95,6420.02
d5bba5d8-b131-4789-abec-efc493310641,37.240411,-80.400591,81,4734.84
a43aa2ac-7c35-4c0b-a970-437b91e4ba35,37.216242033895,-80.4497598048806,41,4395.44
99f7a61c-9121-44a6-ac7a-8cd83a2bec8a,37.2131216355039,-80.4001131892272,36,3881.13
9231ca1f-b1ee-4245-85f9-3186ecc00751,37.2301287242146,-80.4267277330838,3,179.06
a632e61e-c94b-4ceb-a95e-33c672af2314,37.232203040639,-80.4234159503266,4,193.04
78bec10c-1fb8-41d6-af99-dd82e113d469,37.2449353185258,-80.425218667103,54,3106.26
7172a8d8-0bfc-4398-8da7-f0e7ecaa85d7,37.2325336130076,-80.4235644183793,9,256.94
a26fa236-5b1f-44ff-93d3-aeaf75cc2973,37.2131319013814,-80.3937969274994,90,5313.88
fd0937b3-48d6-4b86-9d74-e463b40d55f4,37.1928436927194,-80.4047011912399,82,7576.14
a5d067da-d551-4428-93e8-ae0cd08d0e96,37.2124087043229,-80.4241874938999,62,4108.59
25434fe2-1283-4de5-baa4-bb1845c06a9e,37.2374545507491,-80.4208321434086,78,6921.92
da4e0dbe-a20d-4ca9-80cb-7614cd29577c,37.2410947014427,-80.4272786538381,35,1931.52
d5bba5d8-b131-4789-abec-efc493310641,37.2293379806876,-80.4139403531695,96,6599.97
8734192f-6a21-49a5-abcc-f16c770661f5,37.2301273332844,-80.4268165719844,3,196.42
7e6c10eb-0e83-4bba-bc4f-756b56fc4ea7,37.2438822413681,-80.4278863346368,67,3105.68
7172a8d8-0bfc-4398-8da7-f0e7ecaa85d7,37.2315905301673,-80.4330413635107,64,4725.67
916d6333-dc42-44dd-8071-6054f1ed29d8,37.2327723987921,-80.424633302428,13,220.18
c2c639a5-32f8-41e3-8221-8ebd4c904b68,37.2208271385786,-80.4228189903048,13,1399.74
99f7a61c-9121-44a6-ac7a-8cd83a2bec8a,37.2325320045821,-80.4235209742056,7,190.41
da4e0dbe-a20d-4ca9-80cb-7614cd29577c,37.2390085714763,-80.4356461519125,63,3116.37
bccd5bab-2cf0-4b7a-bbac-6523feb55222,37.224608294875,-80.4303508025444,81,4357.85
86a57bd8-fef0-4b5e-b079-990c8f500901,37.2320998643684,-80.4238347511377,79,5775.14
fd0937b3-48d6-4b86-9d74-e463b40d55f4,37.1624201579839,-80.4208058182435,153,15420.62
f83a250c-9d24-4fcf-a339-5447d451fdf5,37.211893,-80.398048,44,3637.47
bccd5bab-2cf0-4b7a-bbac-6523feb55222,37.2233194443796,-80.431534445221,108,5941.14
bccd5bab-2cf0-4b7a-bbac-6523feb55222,37.2211067958559,-80.4228743418521,134,7115.28
bccd5bab-2cf0-4b7a-bbac-6523feb55222,37.2320386649346,-80.4240233865282,21,1155.75
fd0937b3-48d6-4b86-9d74-e463b40d55f4,37.2312632952088,-80.4249366133109,2,97.55
98e8b74d-b3ea-4ff9-993d-114d2f5de2cf,37.2305253535889,-80.4209973544427,46,3382
e93f9bcf-465f-43b3-90d0-216bddda2c87,37.2381779810594,-80.4265679146719,22,861.15
f8939f8a-f65e-4d6f-8519-2c2840e3e6a5,37.1902955381511,-80.4050298809742,75,7869.23
c9430839-4a0c-471d-83b5-6785322fce8a,37.2172101840995,-80.4474531277375,50,4693.39
3f10aa8b-ace6-4ae9-ba94-ffaeea5f0ab2,37.2351212879481,-80.4204956463966,66,7757.91
f0de71e0-107d-4bcb-a8d2-8dfcf6d66e3a,37.2469670584238,-80.4166428036372,14,1423.74
fd0937b3-48d6-4b86-9d74-e463b40d55f4,37.231893,-80.424764,0,0
25434fe2-1283-4de5-baa4-bb1845c06a9e,37.2321892710722,-80.4236488599136,2,99.96
6c8db17c-cc7e-4357-a5c5-21c8e98984ed,37.2331842878051,-80.4083216156463,81,5933.71
da4e0dbe-a20d-4ca9-80cb-7614cd29577c,37.2306265721147,-80.4286726426535,89,4437.38
f8939f8a-f65e-4d6f-8519-2c2840e3e6a5,37.2325264629442,-80.4234427992105,9,315.44
916d6333-dc42-44dd-8071-6054f1ed29d8,37.2322132031282,-80.4236386147575,2,47.86
1dc0fd3b-7e4c-4647-b4f4-48d87fcaa171,37.1904804381357,-80.4038276072161,7,1082.58
9231ca1f-b1ee-4245-85f9-3186ecc00751,37.1941582472837,-80.3953822780293,129,8981.59
6e506adb-c6e8-48e0-b606-2bd650720397,37.2327280421215,-80.4246242530474,81,7661.91
ab1a571c-16bb-4448-8f67-f16233a2bd20,37.2172079811816,-80.4486531286629,6,793.5
c9430839-4a0c-471d-83b5-6785322fce8a,37.2308421627068,-80.4275353660982,3,236.02
0838e7d7-57d5-427d-b770-e402eac1f11e,37.2309918603638,-80.4274004606309,2,24.76
f0de71e0-107d-4bcb-a8d2-8dfcf6d66e3a,37.2448736277147,-80.421412612284,32,2556.11
8c645223-1d5a-4351-adb6-43949e7cf524,37.1669642971575,-80.4173230419592,92,11928.64
3f10aa8b-ace6-4ae9-ba94-ffaeea5f0ab2,37.2094138917638,-80.3958667348844,34,3369.15
fd0937b3-48d6-4b86-9d74-e463b40d55f4,37.1955187106899,-80.4063878236982,79,7240.73
1dc0fd3b-7e4c-4647-b4f4-48d87fcaa171,37.2322284140378,-80.4236424497824,55,8248.85
6e506adb-c6e8-48e0-b606-2bd650720397,37.231539155897,-80.4251798911306,88,7945.09
b6d71f6b-4e43-42bc-a74d-ef5ff8fbb8a6,37.232058128102,-80.4239160393561,132,11282.74
a632e61e-c94b-4ceb-a95e-33c672af2314,37.2210945150011,-80.4227277935677,36,2105.5
8edb0ac0-7024-48a5-a3bf-3ff8e8a7044f,37.2131319013814,-80.3937969274994,90,5313.88
d9e3b73a-4dff-41e8-8980-71d8aa98e45f,37.2274642507124,-80.4262766863534,79,5798.75
8edb0ac0-7024-48a5-a3bf-3ff8e8a7044f,37.2339302142817,-80.4190482448964,127,8959.37
8c645223-1d5a-4351-adb6-43949e7cf524,37.2314286851894,-80.4300169700784,22,974.84
b6d71f6b-4e43-42bc-a74d-ef5ff8fbb8a6,37.229905559415,-80.4145555445287,106,9784.31
5ace41fb-b4a5-42d0-8d49-1628dcfd98a9,37.2071870277089,-80.4199591800024,33,2539.28
98e8b74d-b3ea-4ff9-993d-114d2f5de2cf,37.2312153612795,-80.4248807192301,1,18.97
e0c0f9c9-b199-40b3-87ab-7bd1f213e157,37.2285349505267,-80.4197657358507,79,5055.98
8c645223-1d5a-4351-adb6-43949e7cf524,37.1927535069585,-80.4021952624048,67,7710.46
d9e3b73a-4dff-41e8-8980-71d8aa98e45f,37.2203192631729,-80.4264330123778,14,1665.98
f0de71e0-107d-4bcb-a8d2-8dfcf6d66e3a,37.231734,-80.424266,59,4621.17
6c8db17c-cc7e-4357-a5c5-21c8e98984ed,37.2333886617339,-80.4082324859267,80,5909.67
e93f9bcf-465f-43b3-90d0-216bddda2c87,37.246516130252,-80.4207271633357,35,2253.95
8c645223-1d5a-4351-adb6-43949e7cf524,37.231893,-80.424764,267,30593.03
50af930d-67fd-4314-80ca-dcff1602aa9f,37.2333901147384,-80.4247288401137,16,501.94
5ace41fb-b4a5-42d0-8d49-1628dcfd98a9,37.2033431998011,-80.4123642637021,17,1500.06
af234ae3-0762-49b9-89ff-4665d5b32ac7,37.2335578282196,-80.4240099111,16,403.11
0aa35e38-de23-44ce-b140-77621ff93358,37.2349761384719,-80.4209235870897,71,7157.58
7a7f8de7-b6e6-4d4f-b306-26500b9c1da1,37.2263208065663,-80.4413371813872,40,3819.56
4c65baab-ac20-473b-8a19-0b9cb7567806,37.2196031939747,-80.4481220512463,16,1449.01
4c65baab-ac20-473b-8a19-0b9cb7567806,37.2159969637392,-80.4453178015541,9,879.29
bccd5bab-2cf0-4b7a-bbac-6523feb55222,37.2275412523626,-80.4263062381137,149,7899.07
1dc0fd3b-7e4c-4647-b4f4-48d87fcaa171,37.2291786583716,-80.438264228791,33,6777.68
a5d067da-d551-4428-93e8-ae0cd08d0e96,37.2090440438282,-80.4174172003999,40,2893.76
3c2c524f-a466-48b1-81e4-f3ac7f35d571,37.2303352584525,-80.4264350552613,1,87.64
009b7c3f-c455-4799-b8cf-815505da3f7e,37.2351852260922,-80.4205105490211,28,1499.03
f83a250c-9d24-4fcf-a339-5447d451fdf5,37.2090868771427,-80.3958151899621,32,2641.55
f83a250c-9d24-4fcf-a339-5447d451fdf5,37.2315264545512,-80.4251495632749,79,7917.81
9231ca1f-b1ee-4245-85f9-3186ecc00751,37.1965480756538,-80.3942370462863,115,8516.58
fd0937b3-48d6-4b86-9d74-e463b40d55f4,37.2325179472775,-80.4240667072476,12,365.8
5ace41fb-b4a5-42d0-8d49-1628dcfd98a9,37.2274642507124,-80.4262766863534,99,6316.75
fd0937b3-48d6-4b86-9d74-e463b40d55f4,37.2313535737337,-80.4298765658226,236,27554.42
d5bba5d8-b131-4789-abec-efc493310641,37.2343736227604,-80.4195448299376,105,7351.25
1dc0fd3b-7e4c-4647-b4f4-48d87fcaa171,37.231893,-80.424764,58,8369.6
2504249f-e511-4516-8a2e-2c1e088d018d,37.2319983610741,-80.4240245956965,1,82.63
f83a250c-9d24-4fcf-a339-5447d451fdf5,37.2339505740465,-80.4226967133914,69,7348.61
9231ca1f-b1ee-4245-85f9-3186ecc00751,37.2125239286219,-80.4244104432611,34,2694.09
e570e646-82c5-4744-98dc-764a6d346163,37.2386997003353,-80.4219808722055,44,4204.49
98e8b74d-b3ea-4ff9-993d-114d2f5de2cf,37.2320538028616,-80.4240127234034,57,3778.64
e570e646-82c5-4744-98dc-764a6d346163,37.231019,-80.427163,0,0
8edb0ac0-7024-48a5-a3bf-3ff8e8a7044f,37.235026216684,-80.4209686933012,136,9219.79
af234ae3-0762-49b9-89ff-4665d5b32ac7,37.2321924893855,-80.4234893935432,3,88.39
86a57bd8-fef0-4b5e-b079-990c8f500901,37.2320735884741,-80.4238419683847,1,53.21
6e506adb-c6e8-48e0-b606-2bd650720397,37.2325889531504,-80.4242784297355,11,237.88
b6d71f6b-4e43-42bc-a74d-ef5ff8fbb8a6,37.2322625050835,-80.4237556058608,130,11248.9
a26fa236-5b1f-44ff-93d3-aeaf75cc2973,37.2131216355039,-80.4001131892272,59,3890.37
312be01d-4ee2-41b0-87d1-4ac8e4899530,37.2238878205144,-80.4328931344539,11,567.14
1dc0fd3b-7e4c-4647-b4f4-48d87fcaa171,37.2248293147709,-80.4401411116862,29,6255.42
f8939f8a-f65e-4d6f-8519-2c2840e3e6a5,37.2296405751498,-80.4377093478014,27,1752.95
d5bba5d8-b131-4789-abec-efc493310641,37.2324122035189,-80.4239050558201,127,8131.42
e570e646-82c5-4744-98dc-764a6d346163,37.2345752855882,-80.4334315915961,19,1249.13
d5bba5d8-b131-4789-abec-efc493310641,37.2408437073507,-80.39982243127,51,3731.16
98e4504d-d61b-4182-95cb-038c39551a3a,37.2274059778593,-80.4398567790804,49,3613.74
da4e0dbe-a20d-4ca9-80cb-7614cd29577c,37.2376092709977,-80.4350186786863,65,3283.39
7d6b5437-cda5-4b9f-822a-b8f311b72480,37.2257424664965,-80.4158085619878,19,1282.14
6e506adb-c6e8-48e0-b606-2bd650720397,37.2341955570584,-80.4219396658932,74,7286.63
e0c0f9c9-b199-40b3-87ab-7bd1f213e157,37.219787662313,-80.4196373510921,26,2141.23
86a57bd8-fef0-4b5e-b079-990c8f500901,37.2321829131884,-80.4236887462626,78,5759.26
6add60f2-c611-432d-b7dc-83ccf50cad6e,37.232484930232,-80.4266271708012,9,836.84
f8939f8a-f65e-4d6f-8519-2c2840e3e6a5,37.2271282604851,-80.440355487626,31,2118.76
1dc0fd3b-7e4c-4647-b4f4-48d87fcaa171,37.2223197338914,-80.439285466378,27,5966.07
0838e7d7-57d5-427d-b770-e402eac1f11e,37.2319368684972,-80.4279776363166,95,5382.98
fd0937b3-48d6-4b86-9d74-e463b40d55f4,37.2286962667735,-80.4388688306028,35,1896.83
f8939f8a-f65e-4d6f-8519-2c2840e3e6a5,37.2295388118437,-80.4376454795376,214,26793.61
b8c51a51-84af-4a44-9a35-9f53382c3b05,37.2551373092965,-80.4141905425627,21,1630.14
f8939f8a-f65e-4d6f-8519-2c2840e3e6a5,37.164324753114,-80.4181387356215,147,15888.12
b8c51a51-84af-4a44-9a35-9f53382c3b05,37.2553341598074,-80.4135876798,22,1687.77
fd0937b3-48d6-4b86-9d74-e463b40d55f4,37.2303540491156,-80.4365514578938,31,1619.99
b6d71f6b-4e43-42bc-a74d-ef5ff8fbb8a6,37.2119316221826,-80.3997610258585,91,7341.8
c9430839-4a0c-471d-83b5-6785322fce8a,37.226283504051,-80.4418343902141,24,2135.14
da4e0dbe-a20d-4ca9-80cb-7614cd29577c,37.2395592018651,-80.4354643272845,60,3052.91
e93f9bcf-465f-43b3-90d0-216bddda2c87,37.2347753744122,-80.421044146461,64,4214.2
641aaf72-1326-4d06-a82a-2f2d84091463,37.2314612407363,-80.4220442725446,54,3896.21
0aa35e38-de23-44ce-b140-77621ff93358,37.231449,-80.424654,91,8007.76
641aaf72-1326-4d06-a82a-2f2d84091463,37.2257387912234,-80.4156807727055,19,2241.4
8909fd06-51cb-4b38-b873-c3b148b909b0,37.2302821679917,-80.4285818483032,53,7670.29
fd0937b3-48d6-4b86-9d74-e463b40d55f4,37.2255740001284,-80.4405557130586,61,2640.69
fd0937b3-48d6-4b86-9d74-e463b40d55f4,37.2323041676457,-80.4237524301618,252,28184.74
3c2c524f-a466-48b1-81e4-f3ac7f35d571,37.2171760205347,-80.4472337189567,53,5025.79
2504249f-e511-4516-8a2e-2c1e088d018d,37.2346836054741,-80.4211510535371,82,9222.52
25434fe2-1283-4de5-baa4-bb1845c06a9e,37.2351321661354,-80.4204947469063,25,798.33
a26fa236-5b1f-44ff-93d3-aeaf75cc2973,37.2326447100503,-80.4243984049122,13,272.71
7e6c10eb-0e83-4bba-bc4f-756b56fc4ea7,37.2404446513658,-80.4356113515587,47,2273.66
2504249f-e511-4516-8a2e-2c1e088d018d,37.2343997575211,-80.4215610502473,83,9270.59
7e6c10eb-0e83-4bba-bc4f-756b56fc4ea7,37.2341745545938,-80.4220099292214,99,5120.88
8c645223-1d5a-4351-adb6-43949e7cf524,37.1938985369102,-80.4031320528923,225,23672.56
67b5d761-e302-49aa-abb2-580efabd4eaf,37.2239695501359,-80.4309854061479,84,4448.76
2674478c-5212-4ba0-993a-819fef810e02,37.231765,-80.424925,69,4108.24
7172a8d8-0bfc-4398-8da7-f0e7ecaa85d7,37.2372021826439,-80.4348479974005,60,4065.92
7e6c10eb-0e83-4bba-bc4f-756b56fc4ea7,37.2328028453178,-80.4246816529009,108,5478.57
99f7a61c-9121-44a6-ac7a-8cd83a2bec8a,37.211893,-80.398048,101,10091.52
af234ae3-0762-49b9-89ff-4665d5b32ac7,37.2465854934698,-80.4205481127929,83,3716.29
fd0937b3-48d6-4b86-9d74-e463b40d55f4,37.165592511217,-80.4245977279774,133,13686.9
f06184b6-e86d-4b52-bd0b-2b5ea817c97e,37.2103854932455,-80.4240576843226,65,3821.03
3c2c524f-a466-48b1-81e4-f3ac7f35d571,37.2313884668929,-80.4308262269916,80,7900.94
7e6c10eb-0e83-4bba-bc4f-756b56fc4ea7,37.2325076360607,-80.4234873146584,10,304.78
8c645223-1d5a-4351-adb6-43949e7cf524,37.2269180200675,-80.4407553186972,50,2476.51
b8c51a51-84af-4a44-9a35-9f53382c3b05,37.2536993723436,-80.4190542664466,9,1118.76
4c65baab-ac20-473b-8a19-0b9cb7567806,37.2156428730129,-80.444951998135,8,828.34
d5bba5d8-b131-4789-abec-efc493310641,37.2333901147384,-80.4082077552895,90,5918.42
8edb0ac0-7024-48a5-a3bf-3ff8e8a7044f,37.2111032730999,-80.3996236860528,62,4118.81
f8939f8a-f65e-4d6f-8519-2c2840e3e6a5,37.2279832057994,-80.4392783360006,212,26565.5
c9430839-4a0c-471d-83b5-6785322fce8a,37.2293156695136,-80.4380108602519,88,8078.64
8c645223-1d5a-4351-adb6-43949e7cf524,37.1642142334112,-80.4291373747073,120,13851.1
6c8db17c-cc7e-4357-a5c5-21c8e98984ed,37.2349191984635,-80.4207303612608,18,891.35
916d6333-dc42-44dd-8071-6054f1ed29d8,37.2322217188293,-80.4236885274004,118,9466.77
b6d71f6b-4e43-42bc-a74d-ef5ff8fbb8a6,37.2343084057753,-80.419524337025,27,924.4
bccd5bab-2cf0-4b7a-bbac-6523feb55222,37.230711,-80.42681,0,0
916d6333-dc42-44dd-8071-6054f1ed29d8,37.2291846920579,-80.4384153741704,26,1631.07
98e4504d-d61b-4182-95cb-038c39551a3a,37.2247302893329,-80.4469738510905,30,2600.9
bccd5bab-2cf0-4b7a-bbac-6523feb55222,37.2255111681882,-80.4251607822649,143,7648.66
7e6c10eb-0e83-4bba-bc4f-756b56fc4ea7,37.2430728317702,-80.4220957208774,83,4038.24
0a3f36d7-c307-4463-b6c5-99406a7cffaf,37.2196031939747,-80.4481220512463,61,4914.18
e570e646-82c5-4744-98dc-764a6d346163,37.2423224450967,-80.4328907087586,27,2289.08
6c8db17c-cc7e-4357-a5c5-21c8e98984ed,37.2348822984053,-80.4204273202141,19,918.47
916d6333-dc42-44dd-8071-6054f1ed29d8,37.2313502737624,-80.4298919558842,104,8823.19
f8939f8a-f65e-4d6f-8519-2c2840e3e6a5,37.2324498219094,-80.4233394087357,8,302.94
9231ca1f-b1ee-4245-85f9-3186ecc00751,37.2148322509599,-80.4253266967786,26,2375.27
7e6c10eb-0e83-4bba-bc4f-756b56fc4ea7,37.2395789779291,-80.4354687440074,40,2174.76
b6d71f6b-4e43-42bc-a74d-ef5ff8fbb8a6,37.215795852159,-80.4008377128714,93,7781.64
7e6c10eb-0e83-4bba-bc4f-756b56fc4ea7,37.2322095870799,-80.42365844372,5,250.94
6e506adb-c6e8-48e0-b606-2bd650720397,37.2349079276754,-80.4207728316314,21,763.36
641aaf72-1326-4d06-a82a-2f2d84091463,37.2275904804604,-80.4176539385461,22,2512.43
7d6b5437-cda5-4b9f-822a-b8f311b72480,37.2279069468606,-80.4191076479038,78,4970.27
c9430839-4a0c-471d-83b5-6785322fce8a,37.2150092934487,-80.4513934571927,44,4240.96
7e6c10eb-0e83-4bba-bc4f-756b56fc4ea7,37.2317035967741,-80.4329019561318,27,1244.44
7e6c10eb-0e83-4bba-bc4f-756b56fc4ea7,37.2374494500235,-80.4209068536054,90,4704.1
3f10aa8b-ace6-4ae9-ba94-ffaeea5f0ab2,37.2096949943482,-80.3957063013891,35,3403.46
1624ad03-0ebf-4743-8abc-42f34060e035,37.2439160856126,-80.4278535963176,31,1560.09
bccd5bab-2cf0-4b7a-bbac-6523feb55222,37.2269278067281,-80.4257940801256,146,7816.44
67b5d761-e302-49aa-abb2-580efabd4eaf,37.2302563864668,-80.4263806542308,152,8291.6
f8939f8a-f65e-4d6f-8519-2c2840e3e6a5,37.1904804381357,-80.4038276072161,187,21030.7
d5bba5d8-b131-4789-abec-efc493310641,37.235240808945,-80.4209390444366,112,7524.23
0a3f36d7-c307-4463-b6c5-99406a7cffaf,37.2303219089397,-80.4263393445581,1,120.96
7172a8d8-0bfc-4398-8da7-f0e7ecaa85d7,37.2318829044362,-80.4278468834526,68,5200.3
7e6c10eb-0e83-4bba-bc4f-756b56fc4ea7,37.2423224450967,-80.4328907087586,55,2619.39
4c65baab-ac20-473b-8a19-0b9cb7567806,37.2271861400418,-80.4400855154451,25,2947.84
67b5d761-e302-49aa-abb2-580efabd4eaf,37.2241787351601,-80.4307739968694,83,4418.92
d5bba5d8-b131-4789-abec-efc493310641,37.2347100163267,-80.4210887823655,117,7587.84
7172a8d8-0bfc-4398-8da7-f0e7ecaa85d7,37.2461262279985,-80.4219707789927,36,2271.34
8909fd06-51cb-4b38-b873-c3b148b909b0,37.2157649526456,-80.4504797131109,31,4364.95
9231ca1f-b1ee-4245-85f9-3186ecc00751,37.2126062685178,-80.4248311355376,33,2655.75
916d6333-dc42-44dd-8071-6054f1ed29d8,37.227526884007,-80.4398664060055,28,1855.88
e708f6e7-1846-4ab0-b148-b3f768db6cb4,37.2316299527123,-80.4283810812644,9,661.65
312be01d-4ee2-41b0-87d1-4ac8e4899530,37.2208501570956,-80.4227929546295,37,1830.8
7d6b5437-cda5-4b9f-822a-b8f311b72480,37.231765,-80.424925,96,5818.98
7d6b5437-cda5-4b9f-822a-b8f311b72480,37.2189748461459,-80.4193083924486,29,2236.21
bccd5bab-2cf0-4b7a-bbac-6523feb55222,37.2325748692446,-80.4265089036336,10,811.56
98e4504d-d61b-4182-95cb-038c39551a3a,37.2267011092246,-80.4408850041751,24,2015.59
2674478c-5212-4ba0-993a-819fef810e02,37.2293379806876,-80.4139403531695,31,2408.7
f06184b6-e86d-4b52-bd0b-2b5ea817c97e,37.2126062685178,-80.4248311355376,59,3536.93
d9e3b73a-4dff-41e8-8980-71d8aa98e45f,37.2208700300576,-80.4226824337772,72,4991.08
916d6333-dc42-44dd-8071-6054f1ed29d8,37.2269392617882,-80.4405366614968,29,1944.09
f8939f8a-f65e-4d6f-8519-2c2840e3e6a5,37.1661550416673,-80.4246761621307,122,13626.06
e708f6e7-1846-4ab0-b148-b3f768db6cb4,37.2357602721404,-80.4341171336992,82,4820.53
6e506adb-c6e8-48e0-b606-2bd650720397,37.231309229548,-80.4249160671604,89,7979.7
d5bba5d8-b131-4789-abec-efc493310641,37.2366060925746,-80.4076337598953,86,5491.63
e0c0f9c9-b199-40b3-87ab-7bd1f213e157,37.2320726191072,-80.4240119649535,94,5712.82
fd0937b3-48d6-4b86-9d74-e463b40d55f4,37.2321877864412,-80.4236312137432,4,252.28
25434fe2-1283-4de5-baa4-bb1845c06a9e,37.234965339562,-80.4205899279371,23,777.23
67b5d761-e302-49aa-abb2-580efabd4eaf,37.2301522755818,-80.4267753820761,3,186.45
7e6c10eb-0e83-4bba-bc4f-756b56fc4ea7,37.2336295619003,-80.4239814786191,102,5305.77
bccd5bab-2cf0-4b7a-bbac-6523feb55222,37.2206308827799,-80.4247356107274,67,3587.6
7e6c10eb-0e83-4bba-bc4f-756b56fc4ea7,37.2451177087496,-80.4247385516607,70,3416.67
c2c639a5-32f8-41e3-8221-8ebd4c904b68,37.2321237093322,-80.4241534207182,43,3406.11
8c645223-1d5a-4351-adb6-43949e7cf524,37.2330381523581,-80.4258421340124,16,558.99
4c65baab-ac20-473b-8a19-0b9cb7567806,37.2316059542972,-80.4329729638213,31,3778.83
8c645223-1d5a-4351-adb6-43949e7cf524,37.2114941791589,-80.4304183284112,59,4456.97
2504249f-e511-4516-8a2e-2c1e088d018d,37.2321204197125,-80.4242313766465,96,9858.54
7e6c10eb-0e83-4bba-bc4f-756b56fc4ea7,37.2391475566355,-80.4356327426914,36,2124.18
bccd5bab-2cf0-4b7a-bbac-6523feb55222,37.2314754534236,-80.4288151534237,8,573.53
e708f6e7-1846-4ab0-b148-b3f768db6cb4,37.239648825944,-80.4354843835987,74,4358.42
d5bba5d8-b131-4789-abec-efc493310641,37.2398162566579,-80.3985567892515,68,4281.9
7e6c10eb-0e83-4bba-bc4f-756b56fc4ea7,37.2428628077637,-80.4221741550306,84,4062.59
0a3f36d7-c307-4463-b6c5-99406a7cffaf,37.2313035820409,-80.4299680816614,93,7492.55
f662dd49-53b2-49fa-8046-c83dde4f3bb4,37.229889,-80.426906,32,2391.18
7e6c10eb-0e83-4bba-bc4f-756b56fc4ea7,37.2451588492476,-80.4215110299172,74,3793.9
bccd5bab-2cf0-4b7a-bbac-6523feb55222,37.2327523173132,-80.4246435545389,15,1015.78
e708f6e7-1846-4ab0-b148-b3f768db6cb4,37.2443457596444,-80.4268623108446,53,3327.13
1dc0fd3b-7e4c-4647-b4f4-48d87fcaa171,37.2321886740946,-80.4243305312176,57,8319.1
7172a8d8-0bfc-4398-8da7-f0e7ecaa85d7,37.2342019559618,-80.4333363573557,62,4425.13
bccd5bab-2cf0-4b7a-bbac-6523feb55222,37.2280382289809,-80.4193333659468,45,2162.63
99f7a61c-9121-44a6-ac7a-8cd83a2bec8a,37.2096949943482,-80.3957063013891,91,9165.73
7e6c10eb-0e83-4bba-bc4f-756b56fc4ea7,37.2426102105482,-80.4222383284288,85,4091.23
7172a8d8-0bfc-4398-8da7-f0e7ecaa85d7,37.232197986117,-80.4236827429531,76,5651.4
7e6c10eb-0e83-4bba-bc4f-756b56fc4ea7,37.2316156005449,-80.4288946839382,23,885.18
916d6333-dc42-44dd-8071-6054f1ed29d8,37.2254748426929,-80.4442998532666,88,7295.98
c36e7bd9-7191-4115-a8f8-5507f1f145cf,37.1646650690284,-80.4128616060567,192,19361.75
7172a8d8-0bfc-4398-8da7-f0e7ecaa85d7,37.243912521706,-80.4215893037929,31,2014.05
a26fa236-5b1f-44ff-93d3-aeaf75cc2973,37.2244569608121,-80.408667329914,43,2385.64
2674478c-5212-4ba0-993a-819fef810e02,37.2414454123033,-80.3988170480331,10,329.56
f8939f8a-f65e-4d6f-8519-2c2840e3e6a5,37.2321886740946,-80.4243305312176,237,28267.22
6add60f2-c611-432d-b7dc-83ccf50cad6e,37.2372199218793,-80.4268265661163,15,1481.18
a632e61e-c94b-4ceb-a95e-33c672af2314,37.2257486934258,-80.415738806995,26,1290.72
a26fa236-5b1f-44ff-93d3-aeaf75cc2973,37.2323807243498,-80.4237709316862,153,9816.06
50af930d-67fd-4314-80ca-dcff1602aa9f,37.2333901147384,-80.4082006249119,39,2465.66
c1bea031-37b2-475c-8beb-85fbb71be7a0,37.2256445748752,-80.4293820182474,76,3760.29
7e6c10eb-0e83-4bba-bc4f-756b56fc4ea7,37.2329554029767,-80.4326951751823,28,1384.74
9231ca1f-b1ee-4245-85f9-3186ecc00751,37.1961073278783,-80.4039614441039,147,9924.5
f06184b6-e86d-4b52-bd0b-2b5ea817c97e,37.2273791056385,-80.4282256331206,25,1588.16
0a3f36d7-c307-4463-b6c5-99406a7cffaf,37.2244423702098,-80.4472913339621,71,5680.34
98e8b74d-b3ea-4ff9-993d-114d2f5de2cf,37.2325041752755,-80.4235450517034,52,3700.91
67b5d761-e302-49aa-abb2-580efabd4eaf,37.2251407398258,-80.4362593847449,94,5040.01
d9e3b73a-4dff-41e8-8980-71d8aa98e45f,37.2232759692068,-80.4318061190224,51,3838.07
c1bea031-37b2-475c-8beb-85fbb71be7a0,37.2295049900683,-80.4212675991224,12,582.24
8c645223-1d5a-4351-adb6-43949e7cf524,37.2317693160278,-80.4283876788042,18,824.69
e708f6e7-1846-4ab0-b148-b3f768db6cb4,37.2447686369014,-80.4214218327601,47,2697.06
d9e3b73a-4dff-41e8-8980-71d8aa98e45f,37.2235216040272,-80.4313779292208,26,2434.44
e570e646-82c5-4744-98dc-764a6d346163,37.2413886759364,-80.434962083442,24,2063.41
7a7f8de7-b6e6-4d4f-b306-26500b9c1da1,37.2259886675193,-80.4422142178281,39,3733.63
98e4504d-d61b-4182-95cb-038c39551a3a,37.2313432187819,-80.4304018984224,62,4640.82
67b5d761-e302-49aa-abb2-580efabd4eaf,37.2237537951355,-80.4289675092989,118,6277.15
8edb0ac0-7024-48a5-a3bf-3ff8e8a7044f,37.2126602955258,-80.3935498233765,89,5257.1
7e6c10eb-0e83-4bba-bc4f-756b56fc4ea7,37.2389762458277,-80.4356591082195,35,2105
c36e7bd9-7191-4115-a8f8-5507f1f145cf,37.1908742644192,-80.4007289275235,220,23266.81
50af930d-67fd-4314-80ca-dcff1602aa9f,37.2409799428549,-80.3982038355622,70,4415.64
9231ca1f-b1ee-4245-85f9-3186ecc00751,37.2080077489143,-80.4215276147683,40,3286.18
7d6b5437-cda5-4b9f-822a-b8f311b72480,37.2323380731178,-80.4232682232143,89,5604.41
99f7a61c-9121-44a6-ac7a-8cd83a2bec8a,37.2114752971977,-80.3996565633313,102,10241.25
009b7c3f-c455-4799-b8cf-815505da3f7e,37.2361823639579,-80.4211088979644,33,1626.47
67b5d761-e302-49aa-abb2-580efabd4eaf,37.2255111681882,-80.4251607822649,143,7648.66
67b5d761-e302-49aa-abb2-580efabd4eaf,37.2232768608376,-80.4317519217368,107,5921.32
9231ca1f-b1ee-4245-85f9-3186ecc00751,37.2073529651011,-80.4201787589272,43,3427.04
e708f6e7-1846-4ab0-b148-b3f768db6cb4,37.2293476924918,-80.427774999171,4,365.55
e570e646-82c5-4744-98dc-764a6d346163,37.2441234818463,-80.4215367334143,38,3580.34
7d6b5437-cda5-4b9f-822a-b8f311b72480,37.2181873982405,-80.4168003411615,55,3334.71
5ace41fb-b4a5-42d0-8d49-1628dcfd98a9,37.20561343462,-80.4068083558269,4,381.56
1624ad03-0ebf-4743-8abc-42f34060e035,37.2320934370428,-80.4238751140949,83,4826
d5bba5d8-b131-4789-abec-efc493310641,37.2325725440569,-80.4172856100873,27,1313.35
bccd5bab-2cf0-4b7a-bbac-6523feb55222,37.2274642507124,-80.4262766863534,148,7890.12
d5bba5d8-b131-4789-abec-efc493310641,37.23114,-80.411262,94,6289.72
78bec10c-1fb8-41d6-af99-dd82e113d469,37.2349811822995,-80.4205855508618,22,1469.98
7e6c10eb-0e83-4bba-bc4f-756b56fc4ea7,37.2329901890548,-80.4248563471513,107,5452.64
25434fe2-1283-4de5-baa4-bb1845c06a9e,37.2324617731171,-80.4237772067096,11,189.42
1624ad03-0ebf-4743-8abc-42f34060e035,37.2443421689703,-80.4163205899988,47,3043.46
fd0937b3-48d6-4b86-9d74-e463b40d55f4,37.1676210104394,-80.4277172681634,128,13302.33
fd0937b3-48d6-4b86-9d74-e463b40d55f4,37.1947020670095,-80.4049737632146,200,21526.75
fd0937b3-48d6-4b86-9d74-e463b40d55f4,37.1641577555051,-80.4298742073777,116,12714.77
edb1129b-9c6e-4d99-8a37-9ca86e8d6c3d,37.2367906616944,-80.4211083198592,17,1643.09
2674478c-5212-4ba0-993a-819fef810e02,37.2347100163267,-80.4210887823655,53,3396.81
8edb0ac0-7024-48a5-a3bf-3ff8e8a7044f,37.2317505611989,-80.4161949055186,123,8609.28
3f10aa8b-ace6-4ae9-ba94-ffaeea5f0ab2,37.1938539146533,-80.3975502690671,8,921.84
916d6333-dc42-44dd-8071-6054f1ed29d8,37.2324601580698,-80.4233890515426,7,98.9
916d6333-dc42-44dd-8071-6054f1ed29d8,37.2228115834426,-80.4507152754746,38,2965.06
a5d067da-d551-4428-93e8-ae0cd08d0e96,37.2112025159239,-80.4260310130525,68,4427.51
50af930d-67fd-4314-80ca-dcff1602aa9f,37.2324780787711,-80.4236859027626,11,316.51
1dc0fd3b-7e4c-4647-b4f4-48d87fcaa171,37.220974064503,-80.4386330368306,26,5805.78
7e6c10eb-0e83-4bba-bc4f-756b56fc4ea7,37.2399134124155,-80.4355245736934,43,2212.71
f83a250c-9d24-4fcf-a339-5447d451fdf5,37.2090670010766,-80.3957011039211,21,2135.2
af234ae3-0762-49b9-89ff-4665d5b32ac7,37.2349561434485,-80.4209185945764,107,5164.92
7e6c10eb-0e83-4bba-bc4f-756b56fc4ea7,37.2314530549623,-80.4296154511895,25,951.55
0a3f36d7-c307-4463-b6c5-99406a7cffaf,37.2261314728342,-80.4418579862555,77,6199.77
98e8b74d-b3ea-4ff9-993d-114d2f5de2cf,37.232185014,-80.4235405976872,4,183.15
c1bea031-37b2-475c-8beb-85fbb71be7a0,37.2247521849063,-80.4345944162447,60,3104.38
fd0937b3-48d6-4b86-9d74-e463b40d55f4,37.22965290247,-80.4376887531158,32,1747.25
c1bea031-37b2-475c-8beb-85fbb71be7a0,37.2256394177283,-80.4294796308227,37,1701.09
a5d067da-d551-4428-93e8-ae0cd08d0e96,37.2112981174574,-80.4296887152702,74,4818.23
f8939f8a-f65e-4d6f-8519-2c2840e3e6a5,37.1674104109362,-80.4219868105602,163,17163.43
916d6333-dc42-44dd-8071-6054f1ed29d8,37.2167956696972,-80.4492392873181,54,4462.52
7e6c10eb-0e83-4bba-bc4f-756b56fc4ea7,37.2422554377486,-80.4333118047928,54,2581.4
edb1129b-9c6e-4d99-8a37-9ca86e8d6c3d,37.2312771622501,-80.4248962969181,48,2672.85
99f7a61c-9121-44a6-ac7a-8cd83a2bec8a,37.2171935268942,-80.4013179413044,106,10893.65
9231ca1f-b1ee-4245-85f9-3186ecc00751,37.2253493553032,-80.4250894784892,6,810.71
c1bea031-37b2-475c-8beb-85fbb71be7a0,37.2315538520775,-80.4220983343284,120,5500.37
d5bba5d8-b131-4789-abec-efc493310641,37.2414510887422,-80.3982644437716,72,4470.81
2674478c-5212-4ba0-993a-819fef810e02,37.2412779571621,-80.3981503577306,6,256.99
e7b18590-2011-4d0c-8718-c9514a7b5808,37.1947290849822,-80.3938920291177,8,286.29
a26fa236-5b1f-44ff-93d3-aeaf75cc2973,37.227610929466,-80.4120825476696,38,1922.64
7e6c10eb-0e83-4bba-bc4f-756b56fc4ea7,37.2425051979735,-80.4320675539072,56,2694.99
8edb0ac0-7024-48a5-a3bf-3ff8e8a7044f,37.232020226255,-80.4165407288306,124,8652.11
4c65baab-ac20-473b-8a19-0b9cb7567806,37.2263600573911,-80.4412370714222,24,2810.7
a43aa2ac-7c35-4c0b-a970-437b91e4ba35,37.2218921656646,-80.4486529487718,65,6494.79
a26fa236-5b1f-44ff-93d3-aeaf75cc2973,37.2336750970043,-80.4237352797973,146,9526.43
fd0937b3-48d6-4b86-9d74-e463b40d55f4,37.227362955794,-80.4416999868929,50,2339.34
7a7f8de7-b6e6-4d4f-b306-26500b9c1da1,37.2314673554338,-80.4289089332868,52,5155.95
f06184b6-e86d-4b52-bd0b-2b5ea817c97e,37.2092889154732,-80.4166877275445,79,4745.29
6c8db17c-cc7e-4357-a5c5-21c8e98984ed,37.2385825060953,-80.404277318971,41,3250.98
c1bea031-37b2-475c-8beb-85fbb71be7a0,37.2262807843522,-80.4375836346712,57,2737.74
8edb0ac0-7024-48a5-a3bf-3ff8e8a7044f,37.2155942697426,-80.4008091913611,57,3608.71
a26fa236-5b1f-44ff-93d3-aeaf75cc2973,37.2349183550779,-80.4205907832904,26,808.01
e93f9bcf-465f-43b3-90d0-216bddda2c87,37.2347992500543,-80.4258919016058,14,465.09
3c2c524f-a466-48b1-81e4-f3ac7f35d571,37.2156428730129,-80.444951998135,50,4760.13
2504249f-e511-4516-8a2e-2c1e088d018d,37.2208788418824,-80.4047690110753,29,2894.12
e570e646-82c5-4744-98dc-764a6d346163,37.240334498101,-80.4356334898603,23,1932.07
c36e7bd9-7191-4115-a8f8-5507f1f145cf,37.1666684548061,-80.4252441480901,135,14587.31
7172a8d8-0bfc-4398-8da7-f0e7ecaa85d7,37.2319850932338,-80.4239982621606,2,142.56
c36e7bd9-7191-4115-a8f8-5507f1f145cf,37.2315644907352,-80.4330671694204,246,29565.95
5ace41fb-b4a5-42d0-8d49-1628dcfd98a9,37.2165449214538,-80.4234175608491,81,4672.9
af234ae3-0762-49b9-89ff-4665d5b32ac7,37.2349231423278,-80.4206693292144,22,744.52
916d6333-dc42-44dd-8071-6054f1ed29d8,37.2167788277137,-80.4533697934967,46,3731.4
bccd5bab-2cf0-4b7a-bbac-6523feb55222,37.2308350845395,-80.4275166766515,2,86.16
7a7f8de7-b6e6-4d4f-b306-26500b9c1da1,37.214785526457,-80.453232298756,2,226.26
7d6b5437-cda5-4b9f-822a-b8f311b72480,37.221923,-80.419706,22,1900.57
f8939f8a-f65e-4d6f-8519-2c2840e3e6a5,37.2166385487767,-80.4354177143513,61,3748.3
bccd5bab-2cf0-4b7a-bbac-6523feb55222,37.2301522755818,-80.4267753820761,3,186.45
bccd5bab-2cf0-4b7a-bbac-6523feb55222,37.2233194443799,-80.4317198350374,87,4548.58
9231ca1f-b1ee-4245-85f9-3186ecc00751,37.1965771664823,-80.3943245831981,123,8581.55
f06184b6-e86d-4b52-bd0b-2b5ea817c97e,37.2033919750949,-80.4123920989114,93,5770.26
5ace41fb-b4a5-42d0-8d49-1628dcfd98a9,37.2067469025109,-80.4196097915016,32,2481.42
e708f6e7-1846-4ab0-b148-b3f768db6cb4,37.2368594469239,-80.4268764787592,18,1437.31
fd0937b3-48d6-4b86-9d74-e463b40d55f4,37.2322048178482,-80.4236526048759,254,28199.56
1624ad03-0ebf-4743-8abc-42f34060e035,37.2469188122105,-80.4165162394354,39,2630.63
7172a8d8-0bfc-4398-8da7-f0e7ecaa85d7,37.2322050117709,-80.4234001816591,5,204.68
da4e0dbe-a20d-4ca9-80cb-7614cd29577c,37.2313306938968,-80.4289860195351,86,4350.16
916d6333-dc42-44dd-8071-6054f1ed29d8,37.2165682742934,-80.4461506275028,58,4774.2
50af930d-67fd-4314-80ca-dcff1602aa9f,37.2412779571621,-80.3981467925418,59,3933.96
7e6c10eb-0e83-4bba-bc4f-756b56fc4ea7,37.234671289294,-80.4211043712697,97,5023.14
641aaf72-1326-4d06-a82a-2f2d84091463,37.2308349872818,-80.4275367848741,2,109.26
bccd5bab-2cf0-4b7a-bbac-6523feb55222,37.2215105432084,-80.421877023803,58,3303.13
d5bba5d8-b131-4789-abec-efc493310641,37.2409799428549,-80.3982038355622,70,4415.64
da4e0dbe-a20d-4ca9-80cb-7614cd29577c,37.2310608807841,-80.4272608278953,1,96.27
d9e3b73a-4dff-41e8-8980-71d8aa98e45f,37.2246726968623,-80.4301483062378,22,2263.47
25434fe2-1283-4de5-baa4-bb1845c06a9e,37.2325150630826,-80.4240741964453,12,216.35
f83a250c-9d24-4fcf-a339-5447d451fdf5,37.2349951354671,-80.4204328185138,63,7053.98
7a7f8de7-b6e6-4d4f-b306-26500b9c1da1,37.2196031939747,-80.4481220512463,27,2481.72
7d6b5437-cda5-4b9f-822a-b8f311b72480,37.2323621105289,-80.4237602446584,92,5667.17
25434fe2-1283-4de5-baa4-bb1845c06a9e,37.2366904630862,-80.4210972638107,30,986.88
6add60f2-c611-432d-b7dc-83ccf50cad6e,37.2424817433773,-80.4322529486343,44,3862.82
641aaf72-1326-4d06-a82a-2f2d84091463,37.2268054901927,-80.4257484514795,92,6355.49
641aaf72-1326-4d06-a82a-2f2d84091463,37.2232565981448,-80.4193514415122,83,5268.08
8edb0ac0-7024-48a5-a3bf-3ff8e8a7044f,37.2119763033646,-80.3932407580491,87,5176.06
edb1129b-9c6e-4d99-8a37-9ca86e8d6c3d,37.233391745672,-80.4251182931838,37,2269.98
da4e0dbe-a20d-4ca9-80cb-7614cd29577c,37.2302263246553,-80.4284801224596,7,484.46
fd0937b3-48d6-4b86-9d74-e463b40d55f4,37.2197426131521,-80.4378694783045,214,25598.66
fd0937b3-48d6-4b86-9d74-e463b40d55f4,37.1898928829629,-80.4043406838746,195,20948.54
af234ae3-0762-49b9-89ff-4665d5b32ac7,37.2402961654036,-80.4165479709798,44,1758.37
50af930d-67fd-4314-80ca-dcff1602aa9f,37.2323937866221,-80.4233134601664,8,275.71
0838e7d7-57d5-427d-b770-e402eac1f11e,37.2440528717073,-80.4275937633272,57,2810.95
50af930d-67fd-4314-80ca-dcff1602aa9f,37.2329842048729,-80.4248144046443,14,437.74
25434fe2-1283-4de5-baa4-bb1845c06a9e,37.2322260921704,-80.4242636376131,103,7870.61
98e8b74d-b3ea-4ff9-993d-114d2f5de2cf,37.2294032051203,-80.4213937196315,14,616.45
c36e7bd9-7191-4115-a8f8-5507f1f145cf,37.2320867897837,-80.4239402861344,263,30510.26
6e506adb-c6e8-48e0-b606-2bd650720397,37.2322260921704,-80.4242636376131,87,7833.74
c1bea031-37b2-475c-8beb-85fbb71be7a0,37.2243958635664,-80.4305894005379,43,1877.11
312be01d-4ee2-41b0-87d1-4ac8e4899530,37.2240962596951,-80.429328979726,25,999.58
0838e7d7-57d5-427d-b770-e402eac1f11e,37.2368889862559,-80.4211415131315,80,4442.94
fd0937b3-48d6-4b86-9d74-e463b40d55f4,37.2276262101277,-80.4412230897768,54,2395.47
fd0937b3-48d6-4b86-9d74-e463b40d55f4,37.232465965607,-80.4236882567637,11,331.82
8edb0ac0-7024-48a5-a3bf-3ff8e8a7044f,37.232928564611,-80.4247834453006,149,9705.35
c1bea031-37b2-475c-8beb-85fbb71be7a0,37.2252581583165,-80.4362769703291,54,2539
c1bea031-37b2-475c-8beb-85fbb71be7a0,37.2260221362553,-80.4238773667652,98,4553.74
99f7a61c-9121-44a6-ac7a-8cd83a2bec8a,37.2141888562377,-80.4003778035181,104,10549.48
a26fa236-5b1f-44ff-93d3-aeaf75cc2973,37.2247972920416,-80.4089886193865,42,2338.33
67b5d761-e302-49aa-abb2-580efabd4eaf,37.2248603239572,-80.4363565407012,101,5458.41
6add60f2-c611-432d-b7dc-83ccf50cad6e,37.2417945729123,-80.4347562193158,48,4102.14
e93f9bcf-465f-43b3-90d0-216bddda2c87,37.2369603222429,-80.4269030424178,17,722.46
f8939f8a-f65e-4d6f-8519-2c2840e3e6a5,37.2327898574458,-80.4246771756248,230,28083.12
f06184b6-e86d-4b52-bd0b-2b5ea817c97e,37.2031670537112,-80.4058260378378,117,7226.36
4c65baab-ac20-473b-8a19-0b9cb7567806,37.2165682742934,-80.4461506275028,0,0
25434fe2-1283-4de5-baa4-bb1845c06a9e,37.2325100285849,-80.4234812960407,8,162.39
bccd5bab-2cf0-4b7a-bbac-6523feb55222,37.2266175965245,-80.4256277382149,145,7778.96
f8939f8a-f65e-4d6f-8519-2c2840e3e6a5,37.2333689524851,-80.425109908418,16,508.25
c2c639a5-32f8-41e3-8221-8ebd4c904b68,37.2210086905723,-80.4229309135772,11,1374.72
d5bba5d8-b131-4789-abec-efc493310641,37.2353117702418,-80.4207465242422,110,7505.12
b6d71f6b-4e43-42bc-a74d-ef5ff8fbb8a6,37.2352791857879,-80.4207204447143,114,10600.78
f8939f8a-f65e-4d6f-8519-2c2840e3e6a5,37.1673681612659,-80.4290577791462,103,12347.21
bccd5bab-2cf0-4b7a-bbac-6523feb55222,37.2331766479575,-80.4252734126748,11,939.7
3f10aa8b-ace6-4ae9-ba94-ffaeea5f0ab2,37.223944349524,-80.4080511872799,55,6094.7
ab1a571c-16bb-4448-8f67-f16233a2bd20,37.2302821679917,-80.4285818483032,26,3892.28
d5bba5d8-b131-4789-abec-efc493310641,37.231611,-80.425148,132,8320.89
3f10aa8b-ace6-4ae9-ba94-ffaeea5f0ab2,37.2333722122377,-80.425096787648,79,8264.12
2504249f-e511-4516-8a2e-2c1e088d018d,37.2124577887331,-80.3960751233146,56,5508.19
e0c0f9c9-b199-40b3-87ab-7bd1f213e157,37.2250467374949,-80.4167187462281,70,4438.66
e708f6e7-1846-4ab0-b148-b3f768db6cb4,37.238024606587,-80.4266053692463,22,1569.67
b8c51a51-84af-4a44-9a35-9f53382c3b05,37.2536170773146,-80.4187868772879,16,1189.12
50af930d-67fd-4314-80ca-dcff1602aa9f,37.2414454123033,-80.3988170480331,75,4521.66
fd0937b3-48d6-4b86-9d74-e463b40d55f4,37.1646748389206,-80.4250932892184,134,13797.91
b8c51a51-84af-4a44-9a35-9f53382c3b05,37.2534439736842,-80.4189080937065,13,1165.8
e708f6e7-1846-4ab0-b148-b3f768db6cb4,37.2386153969921,-80.4356077189325,78,4476.9
e0c0f9c9-b199-40b3-87ab-7bd1f213e157,37.219787662313,-80.4196088295818,62,3699.92
f06184b6-e86d-4b52-bd0b-2b5ea817c97e,37.2052341344411,-80.4149317649573,86,5286.97
8734192f-6a21-49a5-abcc-f16c770661f5,37.2232984434013,-80.4316277100754,60,3864.9
d5bba5d8-b131-4789-abec-efc493310641,37.2349314169106,-80.420718002732,22,907.98
4c65baab-ac20-473b-8a19-0b9cb7567806,37.2141466045565,-80.444278177455,6,649.75
0a3f36d7-c307-4463-b6c5-99406a7cffaf,37.2273124027856,-80.4400967829963,23,1972.57
fd0937b3-48d6-4b86-9d74-e463b40d55f4,37.1658947438291,-80.4218954653355,169,16945.76
f8939f8a-f65e-4d6f-8519-2c2840e3e6a5,37.1909770092825,-80.403585448491,188,21089.9
e570e646-82c5-4744-98dc-764a6d346163,37.2431443245239,-80.428952326083,30,2649.57
c9430839-4a0c-471d-83b5-6785322fce8a,37.2316344341483,-80.4340765394204,16,1212.51
c1bea031-37b2-475c-8beb-85fbb71be7a0,37.2272713287544,-80.4282758886717,29,1481.85
2504249f-e511-4516-8a2e-2c1e088d018d,37.2329577934158,-80.4247697201524,11,317.45
916d6333-dc42-44dd-8071-6054f1ed29d8,37.2255080774729,-80.4446794357705,33,2346.65
8c645223-1d5a-4351-adb6-43949e7cf524,37.1647447059802,-80.4296601447182,116,13685.66
da4e0dbe-a20d-4ca9-80cb-7614cd29577c,37.2399366935704,-80.4355427614379,57,3009.94
c1bea031-37b2-475c-8beb-85fbb71be7a0,37.2248241530287,-80.4302198376116,40,1813.68
f0de71e0-107d-4bcb-a8d2-8dfcf6d66e3a,37.2341812388144,-80.4218776303593,47,3839.69
2504249f-e511-4516-8a2e-2c1e088d018d,37.2320977111436,-80.4238392058798,2,102.4
a5d067da-d551-4428-93e8-ae0cd08d0e96,37.2049172956566,-80.4177086239818,27,2215.56
bccd5bab-2cf0-4b7a-bbac-6523feb55222,37.2214025152873,-80.4220466009934,60,3323.64
c36e7bd9-7191-4115-a8f8-5507f1f145cf,37.1633411009573,-80.4132181249351,200,19544.28
c36e7bd9-7191-4115-a8f8-5507f1f145cf,37.1612272497886,-80.4226159625656,163,16304.13
c1bea031-37b2-475c-8beb-85fbb71be7a0,37.2249604174829,-80.4300700996827,74,3662.89
c2c639a5-32f8-41e3-8221-8ebd4c904b68,37.2211935430622,-80.4222780278211,17,1468.98
8edb0ac0-7024-48a5-a3bf-3ff8e8a7044f,37.2342655052212,-80.4218029474766,142,9342.84
c9430839-4a0c-471d-83b5-6785322fce8a,37.2172079811816,-80.4486531286629,48,4586.47
af234ae3-0762-49b9-89ff-4665d5b32ac7,37.2323344176507,-80.4233503511806,5,110.46
e570e646-82c5-4744-98dc-764a6d346163,37.2363860024038,-80.4212046906962,47,4494.62
2504249f-e511-4516-8a2e-2c1e088d018d,37.2193736631132,-80.4029034137672,63,6769.72
0aa35e38-de23-44ce-b140-77621ff93358,37.2330033807566,-80.4248417295632,81,7625.92
916d6333-dc42-44dd-8071-6054f1ed29d8,37.2315667062029,-80.4330588130312,100,8541.55
fd0937b3-48d6-4b86-9d74-e463b40d55f4,37.2326621227907,-80.4244917858079,249,28104
0a3f36d7-c307-4463-b6c5-99406a7cffaf,37.216621530721,-80.4495001265937,55,4520.96
5ace41fb-b4a5-42d0-8d49-1628dcfd98a9,37.2129368146254,-80.4247543589166,65,4187.7
0aa35e38-de23-44ce-b140-77621ff93358,37.2341331101962,-80.4218968836277,17,629.65
a26fa236-5b1f-44ff-93d3-aeaf75cc2973,37.2334792394111,-80.4248012712436,147,9623.22
af234ae3-0762-49b9-89ff-4665d5b32ac7,37.2449406829441,-80.4122314102788,56,2414.85
916d6333-dc42-44dd-8071-6054f1ed29d8,37.2313687045198,-80.4348960778055,24,1236.06
a43aa2ac-7c35-4c0b-a970-437b91e4ba35,37.2315667062029,-80.4330588130312,84,8531.98
99f7a61c-9121-44a6-ac7a-8cd83a2bec8a,37.2306392300027,-80.4153439486041,25,1470.33
e708f6e7-1846-4ab0-b148-b3f768db6cb4,37.2313999119638,-80.4291719646129,93,5651.32
7172a8d8-0bfc-4398-8da7-f0e7ecaa85d7,37.2383495344597,-80.4265620046306,20,1023.51
916d6333-dc42-44dd-8071-6054f1ed29d8,37.2177310119707,-80.4482695727509,76,6028.79
916d6333-dc42-44dd-8071-6054f1ed29d8,37.2316344341483,-80.4340765394204,23,1157.77
7172a8d8-0bfc-4398-8da7-f0e7ecaa85d7,37.2402310325927,-80.4356755298668,54,3709.68
1dc0fd3b-7e4c-4647-b4f4-48d87fcaa171,37.1874435059693,-80.4104651755372,0,0
57b3d106-fd5e-4b7b-85f7-bfb555af392b,37.2210152924547,-80.4226241609046,16,1432.51
d9e3b73a-4dff-41e8-8980-71d8aa98e45f,37.230711,-80.42681,0,0
8c645223-1d5a-4351-adb6-43949e7cf524,37.2321435612015,-80.4243324569006,266,30545.78
3f10aa8b-ace6-4ae9-ba94-ffaeea5f0ab2,37.2009162426541,-80.3999549388859,24,1987.85
f8939f8a-f65e-4d6f-8519-2c2840e3e6a5,37.2330319862676,-80.424889117019,229,28050.33
916d6333-dc42-44dd-8071-6054f1ed29d8,37.2330562528721,-80.4249042567756,111,9318.97
916d6333-dc42-44dd-8071-6054f1ed29d8,37.2325027364262,-80.4234496597519,8,106.05
d5bba5d8-b131-4789-abec-efc493310641,37.2336171962273,-80.4083075805754,40,2492.61
50af930d-67fd-4314-80ca-dcff1602aa9f,37.23922305361,-80.3982109659395,64,4175.85
c1bea031-37b2-475c-8beb-85fbb71be7a0,37.2264625039041,-80.437127197127,55,2692.52
6e506adb-c6e8-48e0-b606-2bd650720397,37.2494964152274,-80.4126364238642,56,5353.36
916d6333-dc42-44dd-8071-6054f1ed29d8,37.2315469661805,-80.4324330406408,101,8596.96
f06184b6-e86d-4b52-bd0b-2b5ea817c97e,37.2026409031535,-80.4058557990704,177,11557.31
0aa35e38-de23-44ce-b140-77621ff93358,37.2346156527871,-80.421019847187,19,724.18
d5bba5d8-b131-4789-abec-efc493310641,37.2296990293085,-80.414330238958,32,1727.42
2504249f-e511-4516-8a2e-2c1e088d018d,37.2114925442366,-80.3995852265839,58,5836.85
f06184b6-e86d-4b52-bd0b-2b5ea817c97e,37.2048395951418,-80.4056388654266,114,7039.59
5ace41fb-b4a5-42d0-8d49-1628dcfd98a9,37.2028776158625,-80.4122083865269,16,1446.52
c36e7bd9-7191-4115-a8f8-5507f1f145cf,37.1762908870001,-80.4138694215614,213,21165.83
5ace41fb-b4a5-42d0-8d49-1628dcfd98a9,37.2210465604133,-80.4227189617546,92,5529.11
7172a8d8-0bfc-4398-8da7-f0e7ecaa85d7,37.2325215946982,-80.4240133836897,11,297.66
d5bba5d8-b131-4789-abec-efc493310641,37.230159028182,-80.4127222545578,34,1925.16
d5bba5d8-b131-4789-abec-efc493310641,37.240849383835,-80.39982243127,79,4651.05
916d6333-dc42-44dd-8071-6054f1ed29d8,37.2313304234496,-80.4249132438702,123,9664.1
d5bba5d8-b131-4789-abec-efc493310641,37.2370176597123,-80.4072380239403,85,5434.03
bccd5bab-2cf0-4b7a-bbac-6523feb55222,37.2222919482655,-80.423417141771,135,7255.46
bccd5bab-2cf0-4b7a-bbac-6523feb55222,37.2314612407363,-80.4220442725446,31,1636.03
d5bba5d8-b131-4789-abec-efc493310641,37.2414454123033,-80.3988170480331,75,4521.66
d5bba5d8-b131-4789-abec-efc493310641,37.2357930085536,-80.4083086793607,42,2782.6
641aaf72-1326-4d06-a82a-2f2d84091463,37.2301480383344,-80.4267274870201,3,213.92
7172a8d8-0bfc-4398-8da7-f0e7ecaa85d7,37.2321564516503,-80.4243285529097,78,5716.58
916d6333-dc42-44dd-8071-6054f1ed29d8,37.2279559313156,-80.4393264149131,93,7832.48
c36e7bd9-7191-4115-a8f8-5507f1f145cf,37.1633581479039,-80.4135104704154,201,19570.24
e93f9bcf-465f-43b3-90d0-216bddda2c87,37.2325025433231,-80.4235626389887,7,109.19
99f7a61c-9121-44a6-ac7a-8cd83a2bec8a,37.2089762812243,-80.3960590300595,88,9070.42
c36e7bd9-7191-4115-a8f8-5507f1f145cf,37.1829243645257,-80.4041145016278,74,8887.25
9231ca1f-b1ee-4245-85f9-3186ecc00751,37.2177785404468,-80.4246383557302,16,1991.78
e93f9bcf-465f-43b3-90d0-216bddda2c87,37.2320934370428,-80.4238751140949,82,4825.93
f8939f8a-f65e-4d6f-8519-2c2840e3e6a5,37.2216091706813,-80.4391845278792,57,3101.37
f8939f8a-f65e-4d6f-8519-2c2840e3e6a5,37.1664810903131,-80.4239531228968,99,11862.94
d5bba5d8-b131-4789-abec-efc493310641,37.2395040451093,-80.3984747899094,63,4136.87
a43aa2ac-7c35-4c0b-a970-437b91e4ba35,37.2172101840995,-80.4474531277375,45,4648.42
e0c0f9c9-b199-40b3-87ab-7bd1f213e157,37.2315538520775,-80.4220983343284,86,5462.48
b6d71f6b-4e43-42bc-a74d-ef5ff8fbb8a6,37.2306977854462,-80.4153833571052,31,1470.17
7172a8d8-0bfc-4398-8da7-f0e7ecaa85d7,37.2431348709852,-80.4291724603361,44,2994.99
b8c51a51-84af-4a44-9a35-9f53382c3b05,37.2524830551435,-80.4127490766495,24,2013.25
f662dd49-53b2-49fa-8046-c83dde4f3bb4,37.2249148142852,-80.4463606386196,5,203.52
86a57bd8-fef0-4b5e-b079-990c8f500901,37.2485888186212,-80.4170554774612,45,3230.4
c36e7bd9-7191-4115-a8f8-5507f1f145cf,37.2313260486621,-80.4296303274329,249,29872.16
57b3d106-fd5e-4b7b-85f7-bfb555af392b,37.2231262757257,-80.4194773983644,18,1796.91
d5bba5d8-b131-4789-abec-efc493310641,37.2409844269814,-80.39819135601,60,3966.81
d9e3b73a-4dff-41e8-8980-71d8aa98e45f,37.2255258368352,-80.4371642306169,42,3261.2
d5bba5d8-b131-4789-abec-efc493310641,37.2412779571621,-80.3981467925418,59,3933.96
d5bba5d8-b131-4789-abec-efc493310641,37.2415021766735,-80.3986102670836,74,4502.31
916d6333-dc42-44dd-8071-6054f1ed29d8,37.231916,-80.42403,0,0
99f7a61c-9121-44a6-ac7a-8cd83a2bec8a,37.2353114643746,-80.4207844266881,125,13557.96
8edb0ac0-7024-48a5-a3bf-3ff8e8a7044f,37.2325198137051,-80.4240454512226,12,238.54
b6d71f6b-4e43-42bc-a74d-ef5ff8fbb8a6,37.2096320472,-80.400617499254,57,5104.32
7172a8d8-0bfc-4398-8da7-f0e7ecaa85d7,37.2444404114185,-80.4214146095424,33,2074.71
916d6333-dc42-44dd-8071-6054f1ed29d8,37.2296158808241,-80.4378170035968,25,1559.67
bccd5bab-2cf0-4b7a-bbac-6523feb55222,37.224645199961,-80.4341512937884,103,5655.74
d5bba5d8-b131-4789-abec-efc493310641,37.2333901147384,-80.4082006249119,39,2465.66
c36e7bd9-7191-4115-a8f8-5507f1f145cf,37.2018663021513,-80.4157928354105,63,6136.96
f06184b6-e86d-4b52-bd0b-2b5ea817c97e,37.2169328396676,-80.4240434235657,43,2980.68
c9430839-4a0c-471d-83b5-6785322fce8a,37.2205266156006,-80.4480789533776,71,6394.66
f8939f8a-f65e-4d6f-8519-2c2840e3e6a5,37.2316105822647,-80.4335701636231,218,27227.67
916d6333-dc42-44dd-8071-6054f1ed29d8,37.2213381689918,-80.4519987434368,39,3164.32
d5bba5d8-b131-4789-abec-efc493310641,37.2391994142055,-80.4030582549011,82,4991.29
d5bba5d8-b131-4789-abec-efc493310641,37.2400802163219,-80.3985425284964,61,4071.98
6e506adb-c6e8-48e0-b606-2bd650720397,37.2516251991925,-80.4113023937894,41,2868.03
4c65baab-ac20-473b-8a19-0b9cb7567806,37.2189021937871,-80.44810362502,15,1371.1
c1bea031-37b2-475c-8beb-85fbb71be7a0,37.2279607382362,-80.4237204490057,13,858.9
2504249f-e511-4516-8a2e-2c1e088d018d,37.2131216355039,-80.4001131892272,36,3870.59
c36e7bd9-7191-4115-a8f8-5507f1f145cf,37.1631110527629,-80.4259131313088,156,15850.65
7172a8d8-0bfc-4398-8da7-f0e7ecaa85d7,37.2365668259005,-80.4268186048757,16,822.45
86a57bd8-fef0-4b5e-b079-990c8f500901,37.2351221536526,-80.4205512991382,17,766.8
c36e7bd9-7191-4115-a8f8-5507f1f145cf,37.2277810001579,-80.4396465449854,33,2000.67
b6d71f6b-4e43-42bc-a74d-ef5ff8fbb8a6,37.2082066463408,-80.3976370014307,61,5440.39
1624ad03-0ebf-4743-8abc-42f34060e035,37.2342871558656,-80.4217571842177,68,4298.12
c36e7bd9-7191-4115-a8f8-5507f1f145cf,37.2329213253201,-80.4248101921974,258,30361.02
d5bba5d8-b131-4789-abec-efc493310641,37.2384778999375,-80.4044771435545,83,5140.23
6c8db17c-cc7e-4357-a5c5-21c8e98984ed,37.2409847548118,-80.3981805422032,64,4406.7
c36e7bd9-7191-4115-a8f8-5507f1f145cf,37.1651139628093,-80.4146406352599,206,19801.45
fd0937b3-48d6-4b86-9d74-e463b40d55f4,37.2089244274699,-80.4264971342102,208,24024
c36e7bd9-7191-4115-a8f8-5507f1f145cf,37.1565305382345,-80.4210829313897,173,17386.37
8734192f-6a21-49a5-abcc-f16c770661f5,37.2248398228805,-80.4356479548685,41,2886.6
5ace41fb-b4a5-42d0-8d49-1628dcfd98a9,37.230849,-80.426966,102,6806.79
f0de71e0-107d-4bcb-a8d2-8dfcf6d66e3a,37.2323901283923,-80.4237065722067,52,4304.7
4c65baab-ac20-473b-8a19-0b9cb7567806,37.2126918144783,-80.4442713608249,5,488.09
fd0937b3-48d6-4b86-9d74-e463b40d55f4,37.164473119987,-80.4297280346375,115,12677.41
916d6333-dc42-44dd-8071-6054f1ed29d8,37.2325169292064,-80.4240771329778,11,163.3
7172a8d8-0bfc-4398-8da7-f0e7ecaa85d7,37.2419964129399,-80.4345346694561,50,3486.84
916d6333-dc42-44dd-8071-6054f1ed29d8,37.2333940378347,-80.4250575598934,15,298.83
8c645223-1d5a-4351-adb6-43949e7cf524,37.1891227784973,-80.400754492687,219,23070.45
99f7a61c-9121-44a6-ac7a-8cd83a2bec8a,37.1979161728778,-80.4020410108959,57,5710.33
f83a250c-9d24-4fcf-a339-5447d451fdf5,37.231449,-80.424654,81,7975.06
bccd5bab-2cf0-4b7a-bbac-6523feb55222,37.2274325514226,-80.4174437915391,50,2348.6
d5bba5d8-b131-4789-abec-efc493310641,37.229905559415,-80.4145555445287,97,6683.28
7172a8d8-0bfc-4398-8da7-f0e7ecaa85d7,37.2387011920666,-80.4356577039229,59,3884.6
1dc0fd3b-7e4c-4647-b4f4-48d87fcaa171,37.2315481332614,-80.4340051166548,37,7240.45
f06184b6-e86d-4b52-bd0b-2b5ea817c97e,37.1943826068939,-80.3946335883847,137,9072.46
3c2c524f-a466-48b1-81e4-f3ac7f35d571,37.2196031939747,-80.4481220512463,58,5380.8
86a57bd8-fef0-4b5e-b079-990c8f500901,37.2469670584238,-80.4166428036372,38,2854.66
f8939f8a-f65e-4d6f-8519-2c2840e3e6a5,37.1691931449385,-80.4212751224871,165,17371.56
0aa35e38-de23-44ce-b140-77621ff93358,37.2333156192292,-80.4249700763594,14,342.59
0aa35e38-de23-44ce-b140-77621ff93358,37.2401609861947,-80.4192990314543,61,6546.53
009b7c3f-c455-4799-b8cf-815505da3f7e,37.2384719260931,-80.4266390921334,66,4043.44
d5bba5d8-b131-4789-abec-efc493310641,37.2313747365527,-80.4159905624046,30,1489.69
a5d067da-d551-4428-93e8-ae0cd08d0e96,37.212635848992,-80.4244192311709,63,4141.11
bccd5bab-2cf0-4b7a-bbac-6523feb55222,37.231327,-80.425043,24,1303.4
98e8b74d-b3ea-4ff9-993d-114d2f5de2cf,37.2257440668642,-80.4157108087102,35,2627.89
c36e7bd9-7191-4115-a8f8-5507f1f145cf,37.2299379601937,-80.4369995726489,242,29162.95
da4e0dbe-a20d-4ca9-80cb-7614cd29577c,37.230447,-80.426493,96,4791.68
c1bea031-37b2-475c-8beb-85fbb71be7a0,37.2255934761971,-80.4252357036918,94,4423.83
e0c0f9c9-b199-40b3-87ab-7bd1f213e157,37.2231262757257,-80.4194773983644,68,4114.43
98e4504d-d61b-4182-95cb-038c39551a3a,37.2316100467051,-80.4328511831166,60,4422.11
8c645223-1d5a-4351-adb6-43949e7cf524,37.1762908870001,-80.4138694215614,214,21164.95
7d6b5437-cda5-4b9f-822a-b8f311b72480,37.2304504054288,-80.4209758068264,84,5309.84
f662dd49-53b2-49fa-8046-c83dde4f3bb4,37.2295378476004,-80.4377711436401,18,1155.95
af234ae3-0762-49b9-89ff-4665d5b32ac7,37.2467075284893,-80.4156744997265,61,2777.55
f0de71e0-107d-4bcb-a8d2-8dfcf6d66e3a,37.2453121689148,-80.4128751404807,10,1040.48
d5bba5d8-b131-4789-abec-efc493310641,37.2306557030097,-80.4153932736514,31,1585.48
ab1a571c-16bb-4448-8f67-f16233a2bd20,37.2267089406449,-80.440590741357,16,2493.53
5ace41fb-b4a5-42d0-8d49-1628dcfd98a9,37.2127976891516,-80.4246937507072,64,4171.34
7172a8d8-0bfc-4398-8da7-f0e7ecaa85d7,37.2336048322488,-80.4251727187792,14,462.42
6c8db17c-cc7e-4357-a5c5-21c8e98984ed,37.2321942225143,-80.4235361648336,5,240.4
5ace41fb-b4a5-42d0-8d49-1628dcfd98a9,37.2063423518146,-80.4192722093625,31,2427.44
bccd5bab-2cf0-4b7a-bbac-6523feb55222,37.2277633902427,-80.4189576817489,46,2207.77
7172a8d8-0bfc-4398-8da7-f0e7ecaa85d7,37.231611,-80.425148,79,5811.08
67aab091-d5f3-411e-82ad-611d0f153f61,37.2303697488012,-80.4264198943862,21,2381.88
8edb0ac0-7024-48a5-a3bf-3ff8e8a7044f,37.2175695739826,-80.4015084308372,102,6560.93
f06184b6-e86d-4b52-bd0b-2b5ea817c97e,37.196776,-80.394275,144,9429.89
641aaf72-1326-4d06-a82a-2f2d84091463,37.2210152924547,-80.4226241609046,15,1432.99
fd0937b3-48d6-4b86-9d74-e463b40d55f4,37.162334,-80.420922,152,15406.57
916d6333-dc42-44dd-8071-6054f1ed29d8,37.233147085952,-80.4251003421587,110,9298.9
f83a250c-9d24-4fcf-a339-5447d451fdf5,37.2339302142817,-80.4190482448964,62,6883.66
916d6333-dc42-44dd-8071-6054f1ed29d8,37.2172418128412,-80.4474443497742,74,5908.48
f0de71e0-107d-4bcb-a8d2-8dfcf6d66e3a,37.23226239306,-80.4236673551301,53,4319.31
8c645223-1d5a-4351-adb6-43949e7cf524,37.1752418344068,-80.4152243752267,213,20997.68
3f10aa8b-ace6-4ae9-ba94-ffaeea5f0ab2,37.2107654461184,-80.395442477419,38,3529.38
e93f9bcf-465f-43b3-90d0-216bddda2c87,37.2342871558656,-80.4217571842177,67,4298.05
916d6333-dc42-44dd-8071-6054f1ed29d8,37.2166086840268,-80.4461180995466,73,5771.65
b8c51a51-84af-4a44-9a35-9f53382c3b05,37.2494964152274,-80.4126364238642,27,2366.13
edb1129b-9c6e-4d99-8a37-9ca86e8d6c3d,37.2463117919141,-80.4148945144853,7,448.41
916d6333-dc42-44dd-8071-6054f1ed29d8,37.2328916176359,-80.4247723447906,112,9340.67
7172a8d8-0bfc-4398-8da7-f0e7ecaa85d7,37.2321897547288,-80.4236828294701,3,178.56
d5bba5d8-b131-4789-abec-efc493310641,37.2331885793441,-80.4082933198203,38,2441.81
f06184b6-e86d-4b52-bd0b-2b5ea817c97e,37.22768541565,-80.4279874880267,24,1548.13
f06184b6-e86d-4b52-bd0b-2b5ea817c97e,37.2074931277566,-80.4200508935369,69,4327.27
d9e3b73a-4dff-41e8-8980-71d8aa98e45f,37.2233753307686,-80.4314602957104,53,3871.15
1624ad03-0ebf-4743-8abc-42f34060e035,37.231916,-80.42403,0,0
d9e3b73a-4dff-41e8-8980-71d8aa98e45f,37.2241787351601,-80.4307739968694,25,2343.95
fd0937b3-48d6-4b86-9d74-e463b40d55f4,37.2124875591433,-80.4313739269778,73,4329.98
8c645223-1d5a-4351-adb6-43949e7cf524,37.1612272497886,-80.4226159625656,163,16304.13
86a57bd8-fef0-4b5e-b079-990c8f500901,37.248336240598,-80.4171766938799,46,3260.44
50af930d-67fd-4314-80ca-dcff1602aa9f,37.2322887598142,-80.4233348512991,7,263.89
c36e7bd9-7191-4115-a8f8-5507f1f145cf,37.1638866873026,-80.4297421440603,119,13786.35
f8939f8a-f65e-4d6f-8519-2c2840e3e6a5,37.2253999204906,-80.4401482420638,210,26266.95
8c645223-1d5a-4351-adb6-43949e7cf524,37.158256,-80.423157,168,16805.42
98e8b74d-b3ea-4ff9-993d-114d2f5de2cf,37.2323694184573,-80.4237410284158,54,3726.96
8c645223-1d5a-4351-adb6-43949e7cf524,37.1571243914419,-80.4197638115397,175,17519.66
916d6333-dc42-44dd-8071-6054f1ed29d8,37.2314155615269,-80.4298919558842,19,784.45
a26fa236-5b1f-44ff-93d3-aeaf75cc2973,37.223944349524,-80.4080511872799,112,7479.95
916d6333-dc42-44dd-8071-6054f1ed29d8,37.2190499191637,-80.4530540393167,42,3437.78
f06184b6-e86d-4b52-bd0b-2b5ea817c97e,37.2292592562427,-80.4217119243251,14,713.94
78bec10c-1fb8-41d6-af99-dd82e113d469,37.234714881401,-80.4209534797149,19,1422.88
86a57bd8-fef0-4b5e-b079-990c8f500901,37.2327704945445,-80.4246834339333,75,5639.41
67aab091-d5f3-411e-82ad-611d0f153f61,37.2377464976656,-80.4266763111934,9,1012.96
3c2c524f-a466-48b1-81e4-f3ac7f35d571,37.2131685741644,-80.4441872503869,43,4349.9
e93f9bcf-465f-43b3-90d0-216bddda2c87,37.2336371390566,-80.4241494258917,72,4522.16
0aa35e38-de23-44ce-b140-77621ff93358,37.232469733828,-80.4236652172646,9,181.01
e708f6e7-1846-4ab0-b148-b3f768db6cb4,37.2419964129399,-80.4345346694561,65,4066.92
9231ca1f-b1ee-4245-85f9-3186ecc00751,37.2208908807444,-80.4229497491004,12,1349.97
f8939f8a-f65e-4d6f-8519-2c2840e3e6a5,37.2191544493285,-80.4376197583646,60,3407.53
57b3d106-fd5e-4b7b-85f7-bfb555af392b,37.2310535606345,-80.4272551349602,1,74.46
c36e7bd9-7191-4115-a8f8-5507f1f145cf,37.1643014062894,-80.4180133038489,188,18895.41
50af930d-67fd-4314-80ca-dcff1602aa9f,37.231765,-80.424925,0,0
1dc0fd3b-7e4c-4647-b4f4-48d87fcaa171,37.227043581493,-80.4397560712976,31,6504.74
5ace41fb-b4a5-42d0-8d49-1628dcfd98a9,37.20561343462,-80.4075209371974,5,444.63
6c8db17c-cc7e-4357-a5c5-21c8e98984ed,37.2393328828199,-80.3983409756984,57,4141.43
af234ae3-0762-49b9-89ff-4665d5b32ac7,37.2326353046894,-80.4243557344173,11,214.55
d5bba5d8-b131-4789-abec-efc493310641,37.2410423840455,-80.3996013895654,52,3760.65
f06184b6-e86d-4b52-bd0b-2b5ea817c97e,37.2053450417954,-80.4083448437136,108,6763.04
8edb0ac0-7024-48a5-a3bf-3ff8e8a7044f,37.2124577887331,-80.3960751233146,92,5528.95
e708f6e7-1846-4ab0-b148-b3f768db6cb4,37.2336027463647,-80.4252044980585,12,1045.14
916d6333-dc42-44dd-8071-6054f1ed29d8,37.2317139145981,-80.4328287233462,21,1046.65
2504249f-e511-4516-8a2e-2c1e088d018d,37.2352143982783,-80.420577058143,78,9127.76
c36e7bd9-7191-4115-a8f8-5507f1f145cf,37.1619518478491,-80.4266546905742,154,15642.37
86a57bd8-fef0-4b5e-b079-990c8f500901,37.2391216301394,-80.4199548315975,22,1240.32
f8939f8a-f65e-4d6f-8519-2c2840e3e6a5,37.2325037544975,-80.4235925371394,10,328.93
f83a250c-9d24-4fcf-a339-5447d451fdf5,37.2076330710674,-80.3939684221722,25,2373.22
af234ae3-0762-49b9-89ff-4665d5b32ac7,37.2483422110932,-80.4171790093929,75,3275.36
e708f6e7-1846-4ab0-b148-b3f768db6cb4,37.2419333272291,-80.4239424212296,37,2210.82
2504249f-e511-4516-8a2e-2c1e088d018d,37.2339302142817,-80.4190482448964,76,8930.67
e7b18590-2011-4d0c-8718-c9514a7b5808,37.1999667406062,-80.4053421560134,32,1824.19
a26fa236-5b1f-44ff-93d3-aeaf75cc2973,37.2096497854575,-80.3957348226973,77,4781.74
8734192f-6a21-49a5-abcc-f16c770661f5,37.2293225003215,-80.4278219887246,4,322.56
8734192f-6a21-49a5-abcc-f16c770661f5,37.226847692745,-80.4257246677829,92,5729.43
8734192f-6a21-49a5-abcc-f16c770661f5,37.2211018236474,-80.4227970785353,85,5037.2
fd0937b3-48d6-4b86-9d74-e463b40d55f4,37.1854860734435,-80.4087419195859,89,8495.98
57b3d106-fd5e-4b7b-85f7-bfb555af392b,37.230579,-80.426661,0,0
f0de71e0-107d-4bcb-a8d2-8dfcf6d66e3a,37.2483376803497,-80.4171310806104,18,1666.71
2504249f-e511-4516-8a2e-2c1e088d018d,37.2322131752903,-80.4167396547584,74,8651.14
0aa35e38-de23-44ce-b140-77621ff93358,37.2349449153705,-80.4206312416096,22,776.54
f06184b6-e86d-4b52-bd0b-2b5ea817c97e,37.2157777057733,-80.4247562665731,49,3138.5
af234ae3-0762-49b9-89ff-4665d5b32ac7,37.23250189266,-80.4236141751506,8,144.43
50af930d-67fd-4314-80ca-dcff1602aa9f,37.239304,-80.398058,65,4192.1
a26fa236-5b1f-44ff-93d3-aeaf75cc2973,37.2341122266092,-80.4221487707886,143,9377.86
e570e646-82c5-4744-98dc-764a6d346163,37.2305142196992,-80.4285952080815,7,431.59
fd0937b3-48d6-4b86-9d74-e463b40d55f4,37.226626682084,-80.4415974415357,43,2246.92
a43aa2ac-7c35-4c0b-a970-437b91e4ba35,37.2159969637392,-80.4453178015541,56,5663.92
fd0937b3-48d6-4b86-9d74-e463b40d55f4,37.2265993282338,-80.4412579034837,41,2216.37
98e8b74d-b3ea-4ff9-993d-114d2f5de2cf,37.2276843505597,-80.4239908734966,16,915.63
8734192f-6a21-49a5-abcc-f16c770661f5,37.2242824151674,-80.4244489777256,8,960.85
bccd5bab-2cf0-4b7a-bbac-6523feb55222,37.2300542360766,-80.4267045832151,151,8255.19
57b3d106-fd5e-4b7b-85f7-bfb555af392b,37.2208271385786,-80.4228189903048,13,1399.74
c9430839-4a0c-471d-83b5-6785322fce8a,37.2172612884571,-80.4482731211577,49,4620.61
2504249f-e511-4516-8a2e-2c1e088d018d,37.2114707357568,-80.393687957149,50,5066.05
f06184b6-e86d-4b52-bd0b-2b5ea817c97e,37.225570392588,-80.429507952862,29,1828.79
8734192f-6a21-49a5-abcc-f16c770661f5,37.2293009806066,-80.4277030684651,94,6053.53
a5d067da-d551-4428-93e8-ae0cd08d0e96,37.2127883609958,-80.4252472197202,66,4237.77
fd0937b3-48d6-4b86-9d74-e463b40d55f4,37.2317765238818,-80.4282757960585,19,836.01
f83a250c-9d24-4fcf-a339-5447d451fdf5,37.2323382877931,-80.4237840959706,75,7736.48
25434fe2-1283-4de5-baa4-bb1845c06a9e,37.2323879705772,-80.4238199889752,98,7785.43
0a3f36d7-c307-4463-b6c5-99406a7cffaf,37.2314199646102,-80.4299716468502,8,876.5
c1bea031-37b2-475c-8beb-85fbb71be7a0,37.225809225935,-80.4245690133892,95,4487.5
b8c51a51-84af-4a44-9a35-9f53382c3b05,37.2327171626121,-80.4246255042747,44,4666.11
99f7a61c-9121-44a6-ac7a-8cd83a2bec8a,37.197281729792,-80.4002883340531,76,7277.94
a632e61e-c94b-4ceb-a95e-33c672af2314,37.2300729065617,-80.4210668671021,8,530.74
8c645223-1d5a-4351-adb6-43949e7cf524,37.1616080606206,-80.4273249460655,149,15342.56
0aa35e38-de23-44ce-b140-77621ff93358,37.23806349862,-80.420485,32,1154.09
2504249f-e511-4516-8a2e-2c1e088d018d,37.211893,-80.398048,57,5693.72
7d6b5437-cda5-4b9f-822a-b8f311b72480,37.2221183802547,-80.4197731560436,66,3968.77
8c645223-1d5a-4351-adb6-43949e7cf524,37.2314992030997,-80.4340582919023,245,29476.83
c36e7bd9-7191-4115-a8f8-5507f1f145cf,37.1666368584399,-80.4251394853398,107,13003.19
f83a250c-9d24-4fcf-a339-5447d451fdf5,37.2105832459414,-80.4051452890096,6,994.72
86a57bd8-fef0-4b5e-b079-990c8f500901,37.2369969713864,-80.4210255502393,20,985.93
c36e7bd9-7191-4115-a8f8-5507f1f145cf,37.1644748004926,-80.4297457092491,117,13716.59
9231ca1f-b1ee-4245-85f9-3186ecc00751,37.2144461158568,-80.4253552182888,27,2418.25
8edb0ac0-7024-48a5-a3bf-3ff8e8a7044f,37.2347792701476,-80.4201308739371,128,9093.81
312be01d-4ee2-41b0-87d1-4ac8e4899530,37.2302516708771,-80.4263417965447,47,3052.61
5ace41fb-b4a5-42d0-8d49-1628dcfd98a9,37.2089388506228,-80.4167733609345,42,2954.85
5ace41fb-b4a5-42d0-8d49-1628dcfd98a9,37.2050486138086,-80.405858582592,3,276.65
fd0937b3-48d6-4b86-9d74-e463b40d55f4,37.1975629799361,-80.4081644586846,205,21966.31
e0c0f9c9-b199-40b3-87ab-7bd1f213e157,37.2173186301181,-80.4191319746261,34,2424.2
a26fa236-5b1f-44ff-93d3-aeaf75cc2973,37.2179613713065,-80.4017152117864,103,6608.16
2504249f-e511-4516-8a2e-2c1e088d018d,37.231484577197,-80.4250977175209,100,9967.18
fd0937b3-48d6-4b86-9d74-e463b40d55f4,37.2268794771448,-80.4418457632367,46,2283.4
a632e61e-c94b-4ceb-a95e-33c672af2314,37.2288287114134,-80.4200248885309,13,726.36
f8939f8a-f65e-4d6f-8519-2c2840e3e6a5,37.2275540730768,-80.4398741871401,30,2055.1
b6d71f6b-4e43-42bc-a74d-ef5ff8fbb8a6,37.2342431437758,-80.4218577399362,120,10764.68
fd0937b3-48d6-4b86-9d74-e463b40d55f4,37.1875207551748,-80.4096897062268,93,8777.36
c36e7bd9-7191-4115-a8f8-5507f1f145cf,37.2290357101712,-80.4385912491053,31,1832.76
009b7c3f-c455-4799-b8cf-815505da3f7e,37.242824681691,-80.4221903858063,43,2412.62
a5d067da-d551-4428-93e8-ae0cd08d0e96,37.2046468195498,-80.416895835856,25,2137.25
f83a250c-9d24-4fcf-a339-5447d451fdf5,37.2076785029312,-80.3938757272638,26,2382.85
a26fa236-5b1f-44ff-93d3-aeaf75cc2973,37.2323324687992,-80.4233217178994,6,159.31
5ace41fb-b4a5-42d0-8d49-1628dcfd98a9,37.2103927654189,-80.4240163648384,57,3880.99
6add60f2-c611-432d-b7dc-83ccf50cad6e,37.2427911044228,-80.4305060061302,43,3704.51
d5bba5d8-b131-4789-abec-efc493310641,37.2342530207577,-80.4218517327652,119,7672.98
98e8b74d-b3ea-4ff9-993d-114d2f5de2cf,37.2323445948066,-80.4233178968777,50,3672.49
b8c51a51-84af-4a44-9a35-9f53382c3b05,37.2329981783625,-80.4248108940914,43,4630.84
c36e7bd9-7191-4115-a8f8-5507f1f145cf,37.1611449398162,-80.4270682524731,150,15398.82
bccd5bab-2cf0-4b7a-bbac-6523feb55222,37.2244067360079,-80.433645036981,104,5707.79
fd0937b3-48d6-4b86-9d74-e463b40d55f4,37.163268477402,-80.4254177213976,146,14875.28
312be01d-4ee2-41b0-87d1-4ac8e4899530,37.2292817786466,-80.4277350298506,46,2888.87
8734192f-6a21-49a5-abcc-f16c770661f5,37.2248603239572,-80.4363565407012,50,3390.57
0aa35e38-de23-44ce-b140-77621ff93358,37.254792437243,-80.4133928068514,52,4737.62
e0c0f9c9-b199-40b3-87ab-7bd1f213e157,37.2174435516404,-80.4186185874412,48,3036.34
af234ae3-0762-49b9-89ff-4665d5b32ac7,37.2352921418966,-80.4208975012966,104,5125.47
9231ca1f-b1ee-4245-85f9-3186ecc00751,37.2155363745898,-80.424988003844,24,2291.08
8734192f-6a21-49a5-abcc-f16c770661f5,37.2233997357816,-80.4288103697295,73,4251.7
edb1129b-9c6e-4d99-8a37-9ca86e8d6c3d,37.2357518020204,-80.4210263205171,20,1759.56
009b7c3f-c455-4799-b8cf-815505da3f7e,37.2349544326591,-80.4205811616293,25,1470.93
e0c0f9c9-b199-40b3-87ab-7bd1f213e157,37.2181873982405,-80.4168003411615,55,3329.54
b6d71f6b-4e43-42bc-a74d-ef5ff8fbb8a6,37.2107873632777,-80.3954097129478,81,6352.58
c36e7bd9-7191-4115-a8f8-5507f1f145cf,37.2196881020904,-80.4380719381553,55,3321
7a7f8de7-b6e6-4d4f-b306-26500b9c1da1,37.216242033895,-80.4497598048806,7,654.27
af234ae3-0762-49b9-89ff-4665d5b32ac7,37.231734,-80.424266,128,6074.91
f8939f8a-f65e-4d6f-8519-2c2840e3e6a5,37.1891175626387,-80.4062178080659,77,8037.16
f0de71e0-107d-4bcb-a8d2-8dfcf6d66e3a,37.2327704945445,-80.4246834339333,51,4208.49
af234ae3-0762-49b9-89ff-4665d5b32ac7,37.2396291706814,-80.4224590539804,95,4595.46
da4e0dbe-a20d-4ca9-80cb-7614cd29577c,37.2420994291522,-80.4341701637564,49,2722.52
8edb0ac0-7024-48a5-a3bf-3ff8e8a7044f,37.21998846409,-80.4036368485406,49,3052.71
a26fa236-5b1f-44ff-93d3-aeaf75cc2973,37.235026216684,-80.4209686933012,136,9219.79
8734192f-6a21-49a5-abcc-f16c770661f5,37.2244186893192,-80.4336453892873,55,3639.81
25434fe2-1283-4de5-baa4-bb1845c06a9e,37.2536142395532,-80.4191505265439,55,4164.89
9231ca1f-b1ee-4245-85f9-3186ecc00751,37.2018494397948,-80.4059098197743,151,10588.25
f8939f8a-f65e-4d6f-8519-2c2840e3e6a5,37.2316616768653,-80.4328321695449,22,1251.5
f83a250c-9d24-4fcf-a339-5447d451fdf5,37.2088966345811,-80.3949310231438,23,2207.11
8c645223-1d5a-4351-adb6-43949e7cf524,37.1636934037386,-80.4126405643521,198,19477.93
0838e7d7-57d5-427d-b770-e402eac1f11e,37.2443897257138,-80.4266734232767,58,2900.55
f0de71e0-107d-4bcb-a8d2-8dfcf6d66e3a,37.2393,-80.416711,1,155.52
8c645223-1d5a-4351-adb6-43949e7cf524,37.1604146514847,-80.4219243159416,164,16413.24
8734192f-6a21-49a5-abcc-f16c770661f5,37.226754,-80.425753,5,661.63
c1bea031-37b2-475c-8beb-85fbb71be7a0,37.2324120049112,-80.4237490199691,126,5702.73
78bec10c-1fb8-41d6-af99-dd82e113d469,37.2378039139923,-80.4266470858102,72,4108.95
f662dd49-53b2-49fa-8046-c83dde4f3bb4,37.2252153709321,-80.4457264814907,7,269.28
57b3d106-fd5e-4b7b-85f7-bfb555af392b,37.2304714945331,-80.4210165782741,32,2992.17
9231ca1f-b1ee-4245-85f9-3186ecc00751,37.2011133850284,-80.4107481486051,74,5211.33
d5bba5d8-b131-4789-abec-efc493310641,37.234460230272,-80.4214060841672,118,7627.32
6c8db17c-cc7e-4357-a5c5-21c8e98984ed,37.2336157432272,-80.4083180504575,79,5883.33
2504249f-e511-4516-8a2e-2c1e088d018d,37.2089762812243,-80.3960590300595,42,4667.97
8edb0ac0-7024-48a5-a3bf-3ff8e8a7044f,37.20866514496,-80.3967295823532,71,4621.19
fd0937b3-48d6-4b86-9d74-e463b40d55f4,37.1858306873675,-80.409221219209,184,19624.52
f06184b6-e86d-4b52-bd0b-2b5ea817c97e,37.201079874475,-80.4110401264343,98,6066.2
9231ca1f-b1ee-4245-85f9-3186ecc00751,37.2052341344411,-80.4149317649573,61,4405.99
9231ca1f-b1ee-4245-85f9-3186ecc00751,37.20869,-80.418273,48,3670.37
3c2c524f-a466-48b1-81e4-f3ac7f35d571,37.2309417212978,-80.4287089980359,86,8118.71
fd0937b3-48d6-4b86-9d74-e463b40d55f4,37.2290028457069,-80.4385693547451,34,1853.67
f06184b6-e86d-4b52-bd0b-2b5ea817c97e,37.209374,-80.416945,80,4769.94
1624ad03-0ebf-4743-8abc-42f34060e035,37.2367417660143,-80.4268780860956,16,698.07
da4e0dbe-a20d-4ca9-80cb-7614cd29577c,37.2334878537676,-80.4251502361346,16,1044.98
d9e3b73a-4dff-41e8-8980-71d8aa98e45f,37.2232984434013,-80.4316277100754,52,3854.05
0aa35e38-de23-44ce-b140-77621ff93358,37.2509459040315,-80.4123616007174,54,5174.69
8c645223-1d5a-4351-adb6-43949e7cf524,37.1660917798336,-80.4285486297934,128,14074.81
8909fd06-51cb-4b38-b873-c3b148b909b0,37.2167788277137,-80.4533697934967,26,3799.13
50af930d-67fd-4314-80ca-dcff1602aa9f,37.2318913597576,-80.4164326458138,29,1420.23
a43aa2ac-7c35-4c0b-a970-437b91e4ba35,37.2142237564831,-80.4442784621343,54,5442.86
a26fa236-5b1f-44ff-93d3-aeaf75cc2973,37.2257685023498,-80.41011479656,40,2191.41
8c645223-1d5a-4351-adb6-43949e7cf524,37.2312834696411,-80.4301864968832,249,29821.85
f8939f8a-f65e-4d6f-8519-2c2840e3e6a5,37.2311166660072,-80.4352279764078,215,27070.18
99f7a61c-9121-44a6-ac7a-8cd83a2bec8a,37.2320159512635,-80.4165204609028,118,13027.46
3c2c524f-a466-48b1-81e4-f3ac7f35d571,37.225180462951,-80.4457322070849,65,6324.26
d9e3b73a-4dff-41e8-8980-71d8aa98e45f,37.2225105243294,-80.4283758903333,64,4348.67
98e8b74d-b3ea-4ff9-993d-114d2f5de2cf,37.2322275689148,-80.4236831262053,56,3743.67
a26fa236-5b1f-44ff-93d3-aeaf75cc2973,37.2352864309314,-80.4206784509254,132,9172.7
f06184b6-e86d-4b52-bd0b-2b5ea817c97e,37.2202096374176,-80.4264212260567,40,2560.11
9231ca1f-b1ee-4245-85f9-3186ecc00751,37.201079874475,-80.4110401264343,73,5185.22
e0c0f9c9-b199-40b3-87ab-7bd1f213e157,37.2171113734996,-80.4169964265446,39,2634.27
b6d71f6b-4e43-42bc-a74d-ef5ff8fbb8a6,37.2348278706068,-80.42026410055,26,837.13
009b7c3f-c455-4799-b8cf-815505da3f7e,37.2316879158352,-80.4283663413801,11,680.61
af234ae3-0762-49b9-89ff-4665d5b32ac7,37.232731815372,-80.4246159931985,118,5668.8
0a3f36d7-c307-4463-b6c5-99406a7cffaf,37.2175578211668,-80.4532772859301,44,3727.05
fd0937b3-48d6-4b86-9d74-e463b40d55f4,37.2265936506765,-80.4414468584892,42,2233.1
8edb0ac0-7024-48a5-a3bf-3ff8e8a7044f,37.2223725749476,-80.4063292089897,110,7248.16
b6d71f6b-4e43-42bc-a74d-ef5ff8fbb8a6,37.2321688323691,-80.4235702160441,3,130.47
fd0937b3-48d6-4b86-9d74-e463b40d55f4,37.1666684548061,-80.4252441480901,110,11976.56
c36e7bd9-7191-4115-a8f8-5507f1f145cf,37.1688155632505,-80.4195940744635,98,12243.63
3c2c524f-a466-48b1-81e4-f3ac7f35d571,37.2289470032719,-80.4385409310492,73,7119.92
3c2c524f-a466-48b1-81e4-f3ac7f35d571,37.2188425733301,-80.4481250161527,35,3523.83
c36e7bd9-7191-4115-a8f8-5507f1f145cf,37.1700452592839,-80.4169883595325,81,10834.35
a26fa236-5b1f-44ff-93d3-aeaf75cc2973,37.2347281776597,-80.4210399970769,139,9257.41
8909fd06-51cb-4b38-b873-c3b148b909b0,37.2301094635824,-80.4266944606385,4,372.41
6c8db17c-cc7e-4357-a5c5-21c8e98984ed,37.2414275184718,-80.3982981934332,51,3895.44
f0de71e0-107d-4bcb-a8d2-8dfcf6d66e3a,37.249051,-80.416995,20,1747.84
a26fa236-5b1f-44ff-93d3-aeaf75cc2973,37.231449,-80.424654,0,0
99f7a61c-9121-44a6-ac7a-8cd83a2bec8a,37.2130384870194,-80.3941130873032,99,9720.76
312be01d-4ee2-41b0-87d1-4ac8e4899530,37.2202851949861,-80.4264508383218,33,1498.9
009b7c3f-c455-4799-b8cf-815505da3f7e,37.2418187558148,-80.4223167452103,41,2300.28
0aa35e38-de23-44ce-b140-77621ff93358,37.2327280421215,-80.4246242530474,82,7662.06
99f7a61c-9121-44a6-ac7a-8cd83a2bec8a,37.229905559415,-80.4145555445287,114,12734.47
da4e0dbe-a20d-4ca9-80cb-7614cd29577c,37.2299651691393,-80.4283375149082,92,4517.03
99f7a61c-9121-44a6-ac7a-8cd83a2bec8a,37.2333722122377,-80.425096787648,135,14026.59
3c2c524f-a466-48b1-81e4-f3ac7f35d571,37.2272315601313,-80.4401568192207,23,1939.75
25434fe2-1283-4de5-baa4-bb1845c06a9e,37.250350999965,-80.4120653441894,70,5291.13
e708f6e7-1846-4ab0-b148-b3f768db6cb4,37.2428188408034,-80.4221883483482,41,2467.13
6e506adb-c6e8-48e0-b606-2bd650720397,37.2351606383523,-80.4209628041664,69,7136.64
6c8db17c-cc7e-4357-a5c5-21c8e98984ed,37.2303883570664,-80.4123923428292,85,6409.46
99f7a61c-9121-44a6-ac7a-8cd83a2bec8a,37.2324723948994,-80.423381931843,6,176.44
98e8b74d-b3ea-4ff9-993d-114d2f5de2cf,37.2208273240146,-80.4227316326509,28,1796.3
6e506adb-c6e8-48e0-b606-2bd650720397,37.2334007749519,-80.4250627712678,79,7577.47
98e4504d-d61b-4182-95cb-038c39551a3a,37.2314340539256,-80.4312040658984,61,4569.14
f06184b6-e86d-4b52-bd0b-2b5ea817c97e,37.1966050649923,-80.3941750416847,141,9405.94
5ace41fb-b4a5-42d0-8d49-1628dcfd98a9,37.2050630449935,-80.4179805002274,28,2244.57
fd0937b3-48d6-4b86-9d74-e463b40d55f4,37.1660496705303,-80.422339550763,170,16988.69
98e8b74d-b3ea-4ff9-993d-114d2f5de2cf,37.2324722592087,-80.4234203392501,51,3689.32
6add60f2-c611-432d-b7dc-83ccf50cad6e,37.2313613898542,-80.4291328503988,64,5659.31
7a7f8de7-b6e6-4d4f-b306-26500b9c1da1,37.2131685741644,-80.4441872503869,17,1476.19
f83a250c-9d24-4fcf-a339-5447d451fdf5,37.2326278206109,-80.4244579166507,74,7668.74
c1bea031-37b2-475c-8beb-85fbb71be7a0,37.2257890704286,-80.4293722337532,36,1681.94
98e4504d-d61b-4182-95cb-038c39551a3a,37.2262210090196,-80.441909113838,25,2120.74
fd0937b3-48d6-4b86-9d74-e463b40d55f4,37.233382814163,-80.4250858107666,17,502.07
e93f9bcf-465f-43b3-90d0-216bddda2c87,37.2326783214203,-80.4245774295543,77,4705.42
c36e7bd9-7191-4115-a8f8-5507f1f145cf,37.219513439783,-80.437555545542,233,27867.38
e0c0f9c9-b199-40b3-87ab-7bd1f213e157,37.2276912031242,-80.4178633970183,75,4848.65
8c645223-1d5a-4351-adb6-43949e7cf524,37.1662078610583,-80.424718793064,138,14657.25
f8939f8a-f65e-4d6f-8519-2c2840e3e6a5,37.2262400941941,-80.4406757372256,50,2568.5
af234ae3-0762-49b9-89ff-4665d5b32ac7,37.2353233648541,-80.4207370678013,27,805.56
7a7f8de7-b6e6-4d4f-b306-26500b9c1da1,37.2167956696972,-80.4492392873181,8,731.12
b6d71f6b-4e43-42bc-a74d-ef5ff8fbb8a6,37.2086691608038,-80.3945718935835,67,5752.17
8c645223-1d5a-4351-adb6-43949e7cf524,37.226648336764,-80.441650181082,38,2234.97
3f10aa8b-ace6-4ae9-ba94-ffaeea5f0ab2,37.2089762812243,-80.3960590300595,32,3308.15
8edb0ac0-7024-48a5-a3bf-3ff8e8a7044f,37.2315092811206,-80.4251827464431,158,10005.85
1624ad03-0ebf-4743-8abc-42f34060e035,37.2466495174792,-80.4201995153957,36,2302.92
c36e7bd9-7191-4115-a8f8-5507f1f145cf,37.2316075165714,-80.4288975008003,19,873.25
3f10aa8b-ace6-4ae9-ba94-ffaeea5f0ab2,37.1977042656724,-80.4012166882492,23,1613.87
0aa35e38-de23-44ce-b140-77621ff93358,37.231309229548,-80.4249160671604,90,7979.85
f8939f8a-f65e-4d6f-8519-2c2840e3e6a5,37.231529566701,-80.4288070091873,223,27652.95
8edb0ac0-7024-48a5-a3bf-3ff8e8a7044f,37.2320267468216,-80.4165733511383,32,1289.66
5ace41fb-b4a5-42d0-8d49-1628dcfd98a9,37.2206413949012,-80.4243806535406,88,5360.12
f8939f8a-f65e-4d6f-8519-2c2840e3e6a5,37.226626682084,-80.4415974415357,36,2250.32
f06184b6-e86d-4b52-bd0b-2b5ea817c97e,37.2244107513183,-80.4299567647713,32,1986.15
c9430839-4a0c-471d-83b5-6785322fce8a,37.2312517520055,-80.4288428955357,100,8975.71
3f10aa8b-ace6-4ae9-ba94-ffaeea5f0ab2,37.2081957684637,-80.3976386337099,30,3143.59
3c2c524f-a466-48b1-81e4-f3ac7f35d571,37.2282866437936,-80.4391779266973,22,1793.99
6add60f2-c611-432d-b7dc-83ccf50cad6e,37.2418201483978,-80.4248661177647,22,2127.23
7a7f8de7-b6e6-4d4f-b306-26500b9c1da1,37.2149307250098,-80.4445494164818,15,1277.06
fd0937b3-48d6-4b86-9d74-e463b40d55f4,37.1835953283474,-80.4096419114856,182,19322.76
a26fa236-5b1f-44ff-93d3-aeaf75cc2973,37.232057127714,-80.4238493658394,1,98.15
f06184b6-e86d-4b52-bd0b-2b5ea817c97e,37.2246878999099,-80.4302132287189,31,1947.9
c36e7bd9-7191-4115-a8f8-5507f1f145cf,37.1621676935638,-80.4231614364496,162,16189
0aa35e38-de23-44ce-b140-77621ff93358,37.2324498639226,-80.4239040849132,84,7733.25
25434fe2-1283-4de5-baa4-bb1845c06a9e,37.2401609861947,-80.4192990314543,76,6591.86
da4e0dbe-a20d-4ca9-80cb-7614cd29577c,37.2398146475868,-80.4354857184174,58,3024.41
86a57bd8-fef0-4b5e-b079-990c8f500901,37.2467498330325,-80.4198314499755,53,3632.03
c9430839-4a0c-471d-83b5-6785322fce8a,37.2296158808241,-80.4378170035968,18,1614.41
5ace41fb-b4a5-42d0-8d49-1628dcfd98a9,37.2139788278743,-80.4251073126062,68,4308.63
7d6b5437-cda5-4b9f-822a-b8f311b72480,37.2174946558401,-80.4180838091236,36,2519.25
50af930d-67fd-4314-80ca-dcff1602aa9f,37.232220634239,-80.4237056309326,129,8159.87
fd0937b3-48d6-4b86-9d74-e463b40d55f4,37.210897815073,-80.4292993725944,209,24355.04
c9430839-4a0c-471d-83b5-6785322fce8a,37.2144882210784,-80.4522285134929,43,4147.08
98e4504d-d61b-4182-95cb-038c39551a3a,37.2295378476004,-80.4377711436401,54,3915.57
98e8b74d-b3ea-4ff9-993d-114d2f5de2cf,37.2296331372816,-80.4212332861362,12,585.58
25434fe2-1283-4de5-baa4-bb1845c06a9e,37.2329102639216,-80.4247647640028,94,7681.64
0aa35e38-de23-44ce-b140-77621ff93358,37.2334206446067,-80.4246420789914,15,373.87
99f7a61c-9121-44a6-ac7a-8cd83a2bec8a,37.221000707592,-80.4048759997106,31,2886.32
e93f9bcf-465f-43b3-90d0-216bddda2c87,37.2334037376026,-80.4250883613255,13,294.5
f0de71e0-107d-4bcb-a8d2-8dfcf6d66e3a,37.2469229232273,-80.417526082381,27,1996.09
8734192f-6a21-49a5-abcc-f16c770661f5,37.2233064559373,-80.4320000192622,58,3831.23
8edb0ac0-7024-48a5-a3bf-3ff8e8a7044f,37.2097899884291,-80.3956543908562,78,4798.87
c36e7bd9-7191-4115-a8f8-5507f1f145cf,37.213762042525,-80.4324552954242,231,27084.8
8edb0ac0-7024-48a5-a3bf-3ff8e8a7044f,37.2268188546656,-80.4112627873484,39,2036.69
e7b18590-2011-4d0c-8718-c9514a7b5808,37.1944166867764,-80.3946763706501,9,363.91
78bec10c-1fb8-41d6-af99-dd82e113d469,37.2423738087639,-80.4222440971282,41,2356.04
c9430839-4a0c-471d-83b5-6785322fce8a,37.2226530019608,-80.4499471123003,76,6701.44
8c645223-1d5a-4351-adb6-43949e7cf524,37.1676624648247,-80.4279631148569,111,13279.75
98e4504d-d61b-4182-95cb-038c39551a3a,37.2292702178448,-80.4277685168486,67,5048.08
f0de71e0-107d-4bcb-a8d2-8dfcf6d66e3a,37.2479758188066,-80.4174904304931,24,1878.27
6c8db17c-cc7e-4357-a5c5-21c8e98984ed,37.231279895159,-80.4249099560795,2,78.7
6e506adb-c6e8-48e0-b606-2bd650720397,37.232469733828,-80.4236652172646,9,181.01
fd0937b3-48d6-4b86-9d74-e463b40d55f4,37.2296159998343,-80.4376566664168,227,26795.76
98e8b74d-b3ea-4ff9-993d-114d2f5de2cf,37.2285349505267,-80.4197657358507,43,3124.98
8c645223-1d5a-4351-adb6-43949e7cf524,37.2048499558431,-80.4205016678519,62,5604.41
8c645223-1d5a-4351-adb6-43949e7cf524,37.1676312138658,-80.4278989414592,131,14327.98
6c8db17c-cc7e-4357-a5c5-21c8e98984ed,37.2317764003143,-80.4103216773463,83,6169.97
641aaf72-1326-4d06-a82a-2f2d84091463,37.2210908281113,-80.4228499529997,87,5669.01
99f7a61c-9121-44a6-ac7a-8cd83a2bec8a,37.227610929466,-80.4120825476696,27,1913.61
fd0937b3-48d6-4b86-9d74-e463b40d55f4,37.226993027779,-80.4418457632367,47,2296.02
3f10aa8b-ace6-4ae9-ba94-ffaeea5f0ab2,37.2119316221826,-80.3997610258585,47,4530.52
9231ca1f-b1ee-4245-85f9-3186ecc00751,37.1944166867764,-80.3946763706501,128,8912.82
86a57bd8-fef0-4b5e-b079-990c8f500901,37.2324340863137,-80.4233998849755,4,117.81
6e506adb-c6e8-48e0-b606-2bd650720397,37.2364554379392,-80.4211351844552,64,6990.92
4c65baab-ac20-473b-8a19-0b9cb7567806,37.2282563436282,-80.4391336100398,26,3093.56
6add60f2-c611-432d-b7dc-83ccf50cad6e,37.2429901248923,-80.4296983256818,42,3629.72
c36e7bd9-7191-4115-a8f8-5507f1f145cf,37.1638723956516,-80.4125656953877,196,19457.84
57b3d106-fd5e-4b7b-85f7-bfb555af392b,37.2319418919694,-80.4225781309619,34,3206.38
8c645223-1d5a-4351-adb6-43949e7cf524,37.2018663021513,-80.4157928354105,63,6136.96
99f7a61c-9121-44a6-ac7a-8cd83a2bec8a,37.1995528433772,-80.4015776058569,50,5496.56
f06184b6-e86d-4b52-bd0b-2b5ea817c97e,37.2304656849133,-80.421038103645,8,554.5
25434fe2-1283-4de5-baa4-bb1845c06a9e,37.2534524869866,-80.4190079189926,58,4189.73
86a57bd8-fef0-4b5e-b079-990c8f500901,37.2369685875102,-80.4210576369384,65,4922.57
c2c639a5-32f8-41e3-8221-8ebd4c904b68,37.2310535606345,-80.4272551349602,1,74.46
af234ae3-0762-49b9-89ff-4665d5b32ac7,37.2480754423952,-80.4174178770414,76,3311.76
0a3f36d7-c307-4463-b6c5-99406a7cffaf,37.2292455679098,-80.4383783620024,20,1709.16
4c65baab-ac20-473b-8a19-0b9cb7567806,37.2315264737336,-80.4288908226638,33,4143.04
d9e3b73a-4dff-41e8-8980-71d8aa98e45f,37.2248643891199,-80.4367863206058,43,3341.95
f06184b6-e86d-4b52-bd0b-2b5ea817c97e,37.2314612407363,-80.4220442725446,7,412.5
a43aa2ac-7c35-4c0b-a970-437b91e4ba35,37.2220426632191,-80.4489146440574,66,6523.35
ab1a571c-16bb-4448-8f67-f16233a2bd20,37.2142167446534,-80.4526925475453,3,304.93
b8c51a51-84af-4a44-9a35-9f53382c3b05,37.2432828281606,-80.4170887912833,30,3161.09
7d6b5437-cda5-4b9f-822a-b8f311b72480,37.2211078020046,-80.4195054391071,64,3852.45
a5d067da-d551-4428-93e8-ae0cd08d0e96,37.231893,-80.424764,98,8710.7
f8939f8a-f65e-4d6f-8519-2c2840e3e6a5,37.1631178605761,-80.4221765002394,141,15218.81
99f7a61c-9121-44a6-ac7a-8cd83a2bec8a,37.2126602955258,-80.3935498233765,97,9632.88
5ace41fb-b4a5-42d0-8d49-1628dcfd98a9,37.2293182318356,-80.427740433601,100,6560.09
1624ad03-0ebf-4743-8abc-42f34060e035,37.246516130252,-80.4207271633357,35,2253.95
50af930d-67fd-4314-80ca-dcff1602aa9f,37.2366060925746,-80.4076337598953,86,5491.63
86a57bd8-fef0-4b5e-b079-990c8f500901,37.2324724466028,-80.4235354431451,5,130.54
641aaf72-1326-4d06-a82a-2f2d84091463,37.2247956137,-80.4248464587177,6,914.6
2674478c-5212-4ba0-993a-819fef810e02,37.2325044903963,-80.4240550194334,62,3923.62
641aaf72-1326-4d06-a82a-2f2d84091463,37.2293660179608,-80.420867708039,63,4190.45
0a3f36d7-c307-4463-b6c5-99406a7cffaf,37.2315221540352,-80.4345208277384,14,1283.52
1dc0fd3b-7e4c-4647-b4f4-48d87fcaa171,37.2197426131521,-80.4378694783045,25,5653.17
b6d71f6b-4e43-42bc-a74d-ef5ff8fbb8a6,37.220935124735,-80.4047573119347,101,8463.23
e93f9bcf-465f-43b3-90d0-216bddda2c87,37.2420827890684,-80.42768227623,27,1307.53
67aab091-d5f3-411e-82ad-611d0f153f61,37.2395400547707,-80.426954056439,7,809.77
0aa35e38-de23-44ce-b140-77621ff93358,37.2321802004032,-80.4235190445245,3,113.15
f8939f8a-f65e-4d6f-8519-2c2840e3e6a5,37.1955187106899,-80.4063878236982,69,7243.31
641aaf72-1326-4d06-a82a-2f2d84091463,37.2294852421907,-80.4212705743716,61,4151.66
009b7c3f-c455-4799-b8cf-815505da3f7e,37.2420278037803,-80.4276541130336,60,3637.13
0838e7d7-57d5-427d-b770-e402eac1f11e,37.2429844485693,-80.429562848508,50,2596.34
c9430839-4a0c-471d-83b5-6785322fce8a,37.2310437043732,-80.427275107317,2,203.9
8909fd06-51cb-4b38-b873-c3b148b909b0,37.2296158808241,-80.4378170035968,13,1642.14
f8939f8a-f65e-4d6f-8519-2c2840e3e6a5,37.2315481332614,-80.4340051166548,217,27188.57
c1bea031-37b2-475c-8beb-85fbb71be7a0,37.2325255472141,-80.4237204984588,125,5689.86
6e506adb-c6e8-48e0-b606-2bd650720397,37.2415302539784,-80.4183173428963,60,6371.34
9231ca1f-b1ee-4245-85f9-3186ecc00751,37.2022952729404,-80.4099634394215,77,5437.3
641aaf72-1326-4d06-a82a-2f2d84091463,37.2304730928439,-80.421074488989,55,4035.56
da4e0dbe-a20d-4ca9-80cb-7614cd29577c,37.2426972414093,-80.4280725624314,39,2123.75
009b7c3f-c455-4799-b8cf-815505da3f7e,37.2357704752863,-80.421006610212,32,1579.81
bccd5bab-2cf0-4b7a-bbac-6523feb55222,37.222609715541,-80.4284790784356,121,6411.73
8edb0ac0-7024-48a5-a3bf-3ff8e8a7044f,37.2126577392259,-80.3999219218294,97,5996.19
edb1129b-9c6e-4d99-8a37-9ca86e8d6c3d,37.2337279714366,-80.4236467342732,34,2134.19
c1bea031-37b2-475c-8beb-85fbb71be7a0,37.2322530453997,-80.4228933746609,122,5605.31
a5d067da-d551-4428-93e8-ae0cd08d0e96,37.2081851025062,-80.4196682227534,51,3298.44
c1bea031-37b2-475c-8beb-85fbb71be7a0,37.2270497749496,-80.4282732445356,84,3950.77
0a3f36d7-c307-4463-b6c5-99406a7cffaf,37.2263018004108,-80.4417938128574,26,2161.71
9231ca1f-b1ee-4245-85f9-3186ecc00751,37.2224369479678,-80.4235275342183,9,1163.64
a26fa236-5b1f-44ff-93d3-aeaf75cc2973,37.2339703016907,-80.4226478972184,144,9424.75
8909fd06-51cb-4b38-b873-c3b148b909b0,37.2196031939747,-80.4481220512463,35,4886.21
c9430839-4a0c-471d-83b5-6785322fce8a,37.2306157720419,-80.4286914567711,102,9048.32
c1bea031-37b2-475c-8beb-85fbb71be7a0,37.2243923003443,-80.4336278426218,62,3200.11
f06184b6-e86d-4b52-bd0b-2b5ea817c97e,37.1944166867764,-80.3946763706501,153,9793.8
e570e646-82c5-4744-98dc-764a6d346163,37.2351428993445,-80.4210151580023,49,4635.63
8c645223-1d5a-4351-adb6-43949e7cf524,37.1652978459178,-80.4179364691935,91,11735.66
f8939f8a-f65e-4d6f-8519-2c2840e3e6a5,37.2313535737337,-80.4298765658226,221,27556.26
b6d71f6b-4e43-42bc-a74d-ef5ff8fbb8a6,37.235233770546,-80.4205386200863,113,10583.92
3f10aa8b-ace6-4ae9-ba94-ffaeea5f0ab2,37.2171935268942,-80.4013179413044,50,5131.38
8edb0ac0-7024-48a5-a3bf-3ff8e8a7044f,37.2108025797333,-80.3953711734414,84,4923.69
edb1129b-9c6e-4d99-8a37-9ca86e8d6c3d,37.2349655517113,-80.4209550167415,25,1849.12
af234ae3-0762-49b9-89ff-4665d5b32ac7,37.2437616046816,-80.4132786928645,53,2254.09
7a7f8de7-b6e6-4d4f-b306-26500b9c1da1,37.2250745678885,-80.4459861875614,36,3384.44
f06184b6-e86d-4b52-bd0b-2b5ea817c97e,37.2125239286219,-80.4244104432611,60,3575.27
9231ca1f-b1ee-4245-85f9-3186ecc00751,37.1966794031117,-80.3944101477289,121,8567.26
98e8b74d-b3ea-4ff9-993d-114d2f5de2cf,37.2300729065617,-80.4210668671021,10,533.16
25434fe2-1283-4de5-baa4-bb1845c06a9e,37.2351271318124,-80.420985663892,84,7186.02
8c645223-1d5a-4351-adb6-43949e7cf524,37.2275879659951,-80.4414968779643,44,2354.2
a5d067da-d551-4428-93e8-ae0cd08d0e96,37.2054605864125,-80.412547152521,19,1736.2
fd0937b3-48d6-4b86-9d74-e463b40d55f4,37.1957238340718,-80.4055108903414,201,21649.84
641aaf72-1326-4d06-a82a-2f2d84091463,37.2224369479678,-80.4235275342183,8,1202.7
98e4504d-d61b-4182-95cb-038c39551a3a,37.2301127022393,-80.4266880466395,4,321.84
9231ca1f-b1ee-4245-85f9-3186ecc00751,37.2053450417954,-80.4083448437136,83,5882.06
0838e7d7-57d5-427d-b770-e402eac1f11e,37.2426754885614,-80.4310479099149,46,2460.34
009b7c3f-c455-4799-b8cf-815505da3f7e,37.2392476666106,-80.4223241781162,38,2011.91
009b7c3f-c455-4799-b8cf-815505da3f7e,37.2356461448413,-80.4263376206105,74,4370.75
50af930d-67fd-4314-80ca-dcff1602aa9f,37.2404433108819,-80.4005260367647,49,3654.51
9231ca1f-b1ee-4245-85f9-3186ecc00751,37.2210577134458,-80.4228577701482,10,1327.96
1624ad03-0ebf-4743-8abc-42f34060e035,37.2395825073824,-80.4196683022664,51,3649.69
d9e3b73a-4dff-41e8-8980-71d8aa98e45f,37.2233015193352,-80.4318025538336,29,2481.55
2674478c-5212-4ba0-993a-819fef810e02,37.234460230272,-80.4214060841672,54,3436.29
f8939f8a-f65e-4d6f-8519-2c2840e3e6a5,37.2313498602017,-80.4346150690713,216,27130.28
a632e61e-c94b-4ceb-a95e-33c672af2314,37.2214510154184,-80.4219090955526,34,2016.69
8c645223-1d5a-4351-adb6-43949e7cf524,37.1580222659021,-80.4183983442355,177,17676.87
e570e646-82c5-4744-98dc-764a6d346163,37.2339872137998,-80.4225589682929,55,4842.43
c36e7bd9-7191-4115-a8f8-5507f1f145cf,37.1641963706635,-80.4256207858265,144,14909.65
af234ae3-0762-49b9-89ff-4665d5b32ac7,37.2440340648955,-80.4215641915962,88,4093.57
1dc0fd3b-7e4c-4647-b4f4-48d87fcaa171,37.2322709925251,-80.423717318747,54,8240.71
2504249f-e511-4516-8a2e-2c1e088d018d,37.2321857068102,-80.4234791218126,4,137.55
2674478c-5212-4ba0-993a-819fef810e02,37.2331914178745,-80.4082897546316,26,1750.39
2504249f-e511-4516-8a2e-2c1e088d018d,37.2327761266904,-80.4247091119435,89,9682.19
8c645223-1d5a-4351-adb6-43949e7cf524,37.166722089417,-80.4254389611983,134,14569.06
a26fa236-5b1f-44ff-93d3-aeaf75cc2973,37.2329415551306,-80.4176920416144,126,8796.69
e570e646-82c5-4744-98dc-764a6d346163,37.2417990267615,-80.434710105966,25,2114.16
7a7f8de7-b6e6-4d4f-b306-26500b9c1da1,37.2142237564831,-80.4442784621343,20,1696.91
86a57bd8-fef0-4b5e-b079-990c8f500901,37.2402958707967,-80.4224460429054,61,4507.95
3f10aa8b-ace6-4ae9-ba94-ffaeea5f0ab2,37.1958504158009,-80.4001528568783,16,1353.22
8909fd06-51cb-4b38-b873-c3b148b909b0,37.2289421758466,-80.4384583243293,44,6604.85
f8939f8a-f65e-4d6f-8519-2c2840e3e6a5,37.2125588279445,-80.4312637916144,201,24611.22
009b7c3f-c455-4799-b8cf-815505da3f7e,37.2311258735198,-80.4287594060861,83,5086.92
5ace41fb-b4a5-42d0-8d49-1628dcfd98a9,37.2047308123442,-80.4154135643032,22,2003.54
0a3f36d7-c307-4463-b6c5-99406a7cffaf,37.2172341609227,-80.4532202429096,45,3763.37
c36e7bd9-7191-4115-a8f8-5507f1f145cf,37.2314372009791,-80.4304234015998,23,1010.81
e93f9bcf-465f-43b3-90d0-216bddda2c87,37.2440528717073,-80.4275937633272,32,1587.65
bccd5bab-2cf0-4b7a-bbac-6523feb55222,37.2274157752524,-80.4262011800648,147,7881.54
a5d067da-d551-4428-93e8-ae0cd08d0e96,37.23215956886,-80.4243456144964,97,8663.29
641aaf72-1326-4d06-a82a-2f2d84091463,37.2276928006434,-80.4182384267467,25,2566.85
ab1a571c-16bb-4448-8f67-f16233a2bd20,37.2310942382322,-80.4351782051434,20,3181.77
8c645223-1d5a-4351-adb6-43949e7cf524,37.2331285384945,-80.4250740161674,257,30327.14
b6d71f6b-4e43-42bc-a74d-ef5ff8fbb8a6,37.2116820785157,-80.4057050236486,48,4365.16
c36e7bd9-7191-4115-a8f8-5507f1f145cf,37.2105960420642,-80.4287483467171,229,26603.49
f8939f8a-f65e-4d6f-8519-2c2840e3e6a5,37.172278340729,-80.4204266075566,166,17722.52
8c645223-1d5a-4351-adb6-43949e7cf524,37.1578375774067,-80.4241917760091,169,16908.18
5ace41fb-b4a5-42d0-8d49-1628dcfd98a9,37.2144643386694,-80.4252178334584,69,4363.46
7d6b5437-cda5-4b9f-822a-b8f311b72480,37.2215421654965,-80.4195125694847,65,3900.72
e0c0f9c9-b199-40b3-87ab-7bd1f213e157,37.2178940022431,-80.4193557011783,32,2357.02
98e4504d-d61b-4182-95cb-038c39551a3a,37.2269347441904,-80.4403844270215,48,3543.59
fd0937b3-48d6-4b86-9d74-e463b40d55f4,37.2323808088286,-80.4237559953506,251,28176.22
af234ae3-0762-49b9-89ff-4665d5b32ac7,37.2364417058979,-80.4211149778124,31,935.65
c9430839-4a0c-471d-83b5-6785322fce8a,37.2126861358742,-80.444232143748,59,5329.64
a43aa2ac-7c35-4c0b-a970-437b91e4ba35,37.2144882210784,-80.4522285134929,38,4102.11
af234ae3-0762-49b9-89ff-4665d5b32ac7,37.2312387245132,-80.4249154690512,127,5995.35
8c645223-1d5a-4351-adb6-43949e7cf524,37.2320867897837,-80.4239402861344,264,30509.38
da4e0dbe-a20d-4ca9-80cb-7614cd29577c,37.2420359443298,-80.4343686858236,50,2741.45
c36e7bd9-7191-4115-a8f8-5507f1f145cf,37.1687536806877,-80.4160680256222,207,20225.19
d9e3b73a-4dff-41e8-8980-71d8aa98e45f,37.2237870980857,-80.428966876202,61,4196.33
f06184b6-e86d-4b52-bd0b-2b5ea817c97e,37.1967532405912,-80.3943816262186,145,9439.66
8734192f-6a21-49a5-abcc-f16c770661f5,37.2244444433696,-80.4300011427833,68,4089.71
1dc0fd3b-7e4c-4647-b4f4-48d87fcaa171,37.231529566701,-80.4288070091873,43,7704.83
fd0937b3-48d6-4b86-9d74-e463b40d55f4,37.1736755895279,-80.4202306753842,104,10904.62
d5bba5d8-b131-4789-abec-efc493310641,37.2352266166776,-80.4205254825376,108,7482.81
3f10aa8b-ace6-4ae9-ba94-ffaeea5f0ab2,37.1972675303811,-80.4002776384851,20,1513.85
c36e7bd9-7191-4115-a8f8-5507f1f145cf,37.1676255318724,-80.4281342439185,112,13295.45
57b3d106-fd5e-4b7b-85f7-bfb555af392b,37.226754,-80.425753,5,682.67
edb1129b-9c6e-4d99-8a37-9ca86e8d6c3d,37.2468141226682,-80.4190051771531,1,67.79
8c645223-1d5a-4351-adb6-43949e7cf524,37.1664700990964,-80.4157919506663,84,11248.97
c36e7bd9-7191-4115-a8f8-5507f1f145cf,37.2167446802623,-80.435216333082,232,27496.56
1624ad03-0ebf-4743-8abc-42f34060e035,37.2323441023316,-80.4237701704055,81,4786.44
8edb0ac0-7024-48a5-a3bf-3ff8e8a7044f,37.2103947805871,-80.3956971731214,80,4866.19
7d6b5437-cda5-4b9f-822a-b8f311b72480,37.2174350342705,-80.4175098137295,50,3140.65
d9e3b73a-4dff-41e8-8980-71d8aa98e45f,37.2245335930321,-80.4303978694528,56,4030.6
8c645223-1d5a-4351-adb6-43949e7cf524,37.1633837183204,-80.4239065609044,159,16034.94
312be01d-4ee2-41b0-87d1-4ac8e4899530,37.2233064559373,-80.4320000192622,13,669.37
8c645223-1d5a-4351-adb6-43949e7cf524,37.1919791361036,-80.4014973572329,68,7816.39
8c645223-1d5a-4351-adb6-43949e7cf524,37.1908742644192,-80.4007289275235,221,23265.93
1624ad03-0ebf-4743-8abc-42f34060e035,37.2324276572427,-80.4238993318694,80,4771.72
8c645223-1d5a-4351-adb6-43949e7cf524,37.2313066254306,-80.4350831033416,30,1432.74
e708f6e7-1846-4ab0-b148-b3f768db6cb4,37.2310805021437,-80.4271789630592,1,92.94
8edb0ac0-7024-48a5-a3bf-3ff8e8a7044f,37.2163771348236,-80.400966522142,100,6419.79
009b7c3f-c455-4799-b8cf-815505da3f7e,37.233463134982,-80.4246358119191,17,1065.72
7d6b5437-cda5-4b9f-822a-b8f311b72480,37.2172277779718,-80.4169964265446,51,3191.58
fd0937b3-48d6-4b86-9d74-e463b40d55f4,37.1822376065843,-80.4108540756721,98,9628.83
a5d067da-d551-4428-93e8-ae0cd08d0e96,37.2076929452614,-80.4210265809921,55,3479.82
c2c639a5-32f8-41e3-8221-8ebd4c904b68,37.2293122516995,-80.4277901089916,4,346.07
9231ca1f-b1ee-4245-85f9-3186ecc00751,37.201142348705,-80.4113003852155,72,5161.16
6add60f2-c611-432d-b7dc-83ccf50cad6e,37.2313208635744,-80.4296758252987,63,5611.06
b6d71f6b-4e43-42bc-a74d-ef5ff8fbb8a6,37.2095951347683,-80.4035623451895,53,4805.2
3f10aa8b-ace6-4ae9-ba94-ffaeea5f0ab2,37.2114707357568,-80.393687957149,39,3703.31
009b7c3f-c455-4799-b8cf-815505da3f7e,37.2343389800499,-80.4214731103638,21,1363.48
2504249f-e511-4516-8a2e-2c1e088d018d,37.2093885586913,-80.3958774302487,44,4727.96
2504249f-e511-4516-8a2e-2c1e088d018d,37.2266701670133,-80.4111293078655,22,2038.96
6e506adb-c6e8-48e0-b606-2bd650720397,37.2522597274311,-80.4110601544586,42,2941.72
9231ca1f-b1ee-4245-85f9-3186ecc00751,37.203899682533,-80.4057279951462,91,6263.51
c2c639a5-32f8-41e3-8221-8ebd4c904b68,37.2224369479678,-80.4235275342183,9,1202.22
b8c51a51-84af-4a44-9a35-9f53382c3b05,37.2321749979522,-80.4237074681628,47,4773
f06184b6-e86d-4b52-bd0b-2b5ea817c97e,37.2016307818119,-80.4117192948974,95,5974.99
8c645223-1d5a-4351-adb6-43949e7cf524,37.1724186749906,-80.4172251487872,79,10568.78
8c645223-1d5a-4351-adb6-43949e7cf524,37.1736699017958,-80.4168263458318,78,10425.33
f662dd49-53b2-49fa-8046-c83dde4f3bb4,37.226650867065,-80.4407944237316,11,735.9
50af930d-67fd-4314-80ca-dcff1602aa9f,37.232984204873,-80.4248179698331,124,8026.05
2674478c-5212-4ba0-993a-819fef810e02,37.239304,-80.398058,0,0
f8939f8a-f65e-4d6f-8519-2c2840e3e6a5,37.2274871117453,-80.4409592658068,47,2426.57
6e506adb-c6e8-48e0-b606-2bd650720397,37.2524830551435,-80.4127490766495,53,5000.48
2504249f-e511-4516-8a2e-2c1e088d018d,37.2313653561284,-80.4249622403472,101,9985.05
8edb0ac0-7024-48a5-a3bf-3ff8e8a7044f,37.2096497854575,-80.3957348226973,77,4781.74
6e506adb-c6e8-48e0-b606-2bd650720397,37.2369095817671,-80.4210424895468,63,6939.79
8edb0ac0-7024-48a5-a3bf-3ff8e8a7044f,37.2312566458583,-80.4158704733392,34,1395.93
2504249f-e511-4516-8a2e-2c1e088d018d,37.229905559415,-80.4145555445287,71,8329.64
fd0937b3-48d6-4b86-9d74-e463b40d55f4,37.1759258682702,-80.4180414962601,179,18184.2
1dc0fd3b-7e4c-4647-b4f4-48d87fcaa171,37.2143248562228,-80.4330606467614,22,4915.68
99f7a61c-9121-44a6-ac7a-8cd83a2bec8a,37.232152577354,-80.4242925647627,141,14275.12
c9430839-4a0c-471d-83b5-6785322fce8a,37.2313687045198,-80.4348960778055,17,1290.8
312be01d-4ee2-41b0-87d1-4ac8e4899530,37.2247292939788,-80.4343870954354,7,403.71
f06184b6-e86d-4b52-bd0b-2b5ea817c97e,37.2216392093855,-80.4275753138235,38,2371.12
ab1a571c-16bb-4448-8f67-f16233a2bd20,37.2161907574018,-80.4535482308115,1,67.23
a5d067da-d551-4428-93e8-ae0cd08d0e96,37.2222655167604,-80.4393192038965,77,6312.12
8734192f-6a21-49a5-abcc-f16c770661f5,37.2240962596951,-80.429328979726,70,4160.89
3c2c524f-a466-48b1-81e4-f3ac7f35d571,37.2152027971356,-80.444606174823,49,4702.44
8edb0ac0-7024-48a5-a3bf-3ff8e8a7044f,37.2323807243498,-80.4237709316862,153,9816.06
f8939f8a-f65e-4d6f-8519-2c2840e3e6a5,37.1642634215526,-80.4290110320761,109,12823.56
e93f9bcf-465f-43b3-90d0-216bddda2c87,37.2362797488897,-80.4211404065583,56,4042.4
f8939f8a-f65e-4d6f-8519-2c2840e3e6a5,37.2249194845766,-80.4404175034119,52,2717.02
50af930d-67fd-4314-80ca-dcff1602aa9f,37.2293152712807,-80.4139439183583,33,1782.07
d9e3b73a-4dff-41e8-8980-71d8aa98e45f,37.2245903701366,-80.430276653034,57,4043.04
a26fa236-5b1f-44ff-93d3-aeaf75cc2973,37.2264157482094,-80.4107814868626,116,7845.72
af234ae3-0762-49b9-89ff-4665d5b32ac7,37.2467498330325,-80.4198314499755,82,3650.32
2504249f-e511-4516-8a2e-2c1e088d018d,37.2325193935117,-80.4240086545797,9,231.86
99f7a61c-9121-44a6-ac7a-8cd83a2bec8a,37.2000682882509,-80.4006323615105,44,5388.52
99f7a61c-9121-44a6-ac7a-8cd83a2bec8a,37.2352348261709,-80.4205277330956,123,13533.31
8edb0ac0-7024-48a5-a3bf-3ff8e8a7044f,37.2343084057753,-80.419524337025,29,925.68
9231ca1f-b1ee-4245-85f9-3186ecc00751,37.1936462322683,-80.401169280784,134,9498.8
2504249f-e511-4516-8a2e-2c1e088d018d,37.2351547907165,-80.4209514029653,80,9164.99
e0c0f9c9-b199-40b3-87ab-7bd1f213e157,37.2186473302548,-80.4175240744846,57,3413.86
2504249f-e511-4516-8a2e-2c1e088d018d,37.215795852159,-80.4008377128714,61,6327.9
8edb0ac0-7024-48a5-a3bf-3ff8e8a7044f,37.2324999438129,-80.4240632771665,152,9787
8734192f-6a21-49a5-abcc-f16c770661f5,37.2257283582602,-80.436639834308,44,3044.02
9231ca1f-b1ee-4245-85f9-3186ecc00751,37.2026409031535,-80.4058557990704,152,10676.33
c1bea031-37b2-475c-8beb-85fbb71be7a0,37.2240907301494,-80.4308310398899,69,3537.13
7a7f8de7-b6e6-4d4f-b306-26500b9c1da1,37.2306157720419,-80.4286914567711,53,5252.51
641aaf72-1326-4d06-a82a-2f2d84091463,37.2280375066455,-80.4197731950819,70,4382.48
f83a250c-9d24-4fcf-a339-5447d451fdf5,37.2089762812243,-80.3960590300595,20,2101.96
f0de71e0-107d-4bcb-a8d2-8dfcf6d66e3a,37.2345076648144,-80.4213143305314,46,3778.05
4c65baab-ac20-473b-8a19-0b9cb7567806,37.2225474693497,-80.4498576979016,20,1846.55
98e4504d-d61b-4182-95cb-038c39551a3a,37.2257580335993,-80.4476689101353,34,2737.22
8734192f-6a21-49a5-abcc-f16c770661f5,37.2245636816845,-80.4304215794164,27,2300.74
f06184b6-e86d-4b52-bd0b-2b5ea817c97e,37.2166742254379,-80.4239146099803,44,3011.6
a26fa236-5b1f-44ff-93d3-aeaf75cc2973,37.2325141365935,-80.4234892817723,9,186.4
25434fe2-1283-4de5-baa4-bb1845c06a9e,37.2324731273476,-80.4236773814237,10,180.5
8734192f-6a21-49a5-abcc-f16c770661f5,37.2234009140495,-80.4315022460333,31,2461.7
8edb0ac0-7024-48a5-a3bf-3ff8e8a7044f,37.2329216853496,-80.4177205631246,30,1147.51
8734192f-6a21-49a5-abcc-f16c770661f5,37.2236570834404,-80.4289291967457,72,4221.23
b6d71f6b-4e43-42bc-a74d-ef5ff8fbb8a6,37.2321830252121,-80.4234703907581,4,139.44
99f7a61c-9121-44a6-ac7a-8cd83a2bec8a,37.2069565777157,-80.3989129006215,83,8431.95
fd0937b3-48d6-4b86-9d74-e463b40d55f4,37.2141884619958,-80.4331961881655,72,4081.53
e0c0f9c9-b199-40b3-87ab-7bd1f213e157,37.2211078020046,-80.4195054391071,64,3847.28
a5d067da-d551-4428-93e8-ae0cd08d0e96,37.2109269578848,-80.4264335015205,69,4474.48
a5d067da-d551-4428-93e8-ae0cd08d0e96,37.2316860323299,-80.4283258155184,87,8095.13
99f7a61c-9121-44a6-ac7a-8cd83a2bec8a,37.2321857000531,-80.4234888875065,3,135.58
8c645223-1d5a-4351-adb6-43949e7cf524,37.2329671889212,-80.4247975336988,13,424.07
6add60f2-c611-432d-b7dc-83ccf50cad6e,37.2428248348053,-80.4221675377204,26,2468.23
edb1129b-9c6e-4d99-8a37-9ca86e8d6c3d,37.246036365392,-80.4150718697948,8,482.8
7e6c10eb-0e83-4bba-bc4f-756b56fc4ea7,37.2423429633583,-80.4222481204419,86,4120.94
009b7c3f-c455-4799-b8cf-815505da3f7e,37.2352621570795,-80.4205811616293,29,1509.62
009b7c3f-c455-4799-b8cf-815505da3f7e,37.231747526138,-80.4283948628898,80,4988.46
c36e7bd9-7191-4115-a8f8-5507f1f145cf,37.1672135861806,-80.4292822347069,114,13408.76
e570e646-82c5-4744-98dc-764a6d346163,37.2333618209867,-80.4251361808559,59,5081.38
8c645223-1d5a-4351-adb6-43949e7cf524,37.1648554230459,-80.4134641229612,191,19302.54
f8939f8a-f65e-4d6f-8519-2c2840e3e6a5,37.1624201579839,-80.4208058182435,144,15423.25
c9430839-4a0c-471d-83b5-6785322fce8a,37.2190499191637,-80.4530540393167,35,3492.52
78bec10c-1fb8-41d6-af99-dd82e113d469,37.2342828801648,-80.4215518286579,17,1351.04
5ace41fb-b4a5-42d0-8d49-1628dcfd98a9,37.2011294782835,-80.4106489068656,13,1180.77
c1bea031-37b2-475c-8beb-85fbb71be7a0,37.2282420453876,-80.4194600978621,113,5050.61
fd0937b3-48d6-4b86-9d74-e463b40d55f4,37.1672698661135,-80.4173210196969,161,16223.93
1624ad03-0ebf-4743-8abc-42f34060e035,37.2334037376026,-80.4250883613255,13,294.5
50af930d-67fd-4314-80ca-dcff1602aa9f,37.241522044193,-80.3992234795544,53,3823.57
ab1a571c-16bb-4448-8f67-f16233a2bd20,37.2229452759897,-80.4502341559411,12,1535.72
c9430839-4a0c-471d-83b5-6785322fce8a,37.2315923836433,-80.4288714170456,10,747.68
a26fa236-5b1f-44ff-93d3-aeaf75cc2973,37.2086542154089,-80.3981535881937,69,4456.06
fd0937b3-48d6-4b86-9d74-e463b40d55f4,37.231893,-80.424764,257,28317.96
7172a8d8-0bfc-4398-8da7-f0e7ecaa85d7,37.2405318881149,-80.4356006609024,53,3675.6
78bec10c-1fb8-41d6-af99-dd82e113d469,37.2354605215465,-80.4208345532169,27,1535.66
9231ca1f-b1ee-4245-85f9-3186ecc00751,37.2166742254379,-80.4239146099803,18,2130.42
98e4504d-d61b-4182-95cb-038c39551a3a,37.229889,-80.426906,68,5150.8
c9430839-4a0c-471d-83b5-6785322fce8a,37.2311580780354,-80.4287787221376,101,8987.57
d9e3b73a-4dff-41e8-8980-71d8aa98e45f,37.2224369479678,-80.4235275342183,9,1172.48
916d6333-dc42-44dd-8071-6054f1ed29d8,37.232196171723,-80.4235173983388,3,58.75
a5d067da-d551-4428-93e8-ae0cd08d0e96,37.2089388506228,-80.4167733609345,42,2954.85
e708f6e7-1846-4ab0-b148-b3f768db6cb4,37.2399266922649,-80.4270512658489,26,1786.17
f8939f8a-f65e-4d6f-8519-2c2840e3e6a5,37.1685169986469,-80.4185691442004,156,16413.32
99f7a61c-9121-44a6-ac7a-8cd83a2bec8a,37.2351667032578,-80.4209733816936,127,13583.15
67b5d761-e302-49aa-abb2-580efabd4eaf,37.2222917548546,-80.4281368203095,73,4007.27
641aaf72-1326-4d06-a82a-2f2d84091463,37.2276996976855,-80.4180512088987,24,2550.27
fd0937b3-48d6-4b86-9d74-e463b40d55f4,37.2216091706813,-80.4391845278792,67,3098.79
7e6c10eb-0e83-4bba-bc4f-756b56fc4ea7,37.2460817583265,-80.4219788168229,72,3683.29
d5bba5d8-b131-4789-abec-efc493310641,37.2293152712807,-80.4139439183583,33,1782.07
f8939f8a-f65e-4d6f-8519-2c2840e3e6a5,37.1957238340718,-80.4055108903414,192,21652.47
641aaf72-1326-4d06-a82a-2f2d84091463,37.2304714945331,-80.4210165782741,33,2992.7
009b7c3f-c455-4799-b8cf-815505da3f7e,37.230447,-80.426493,0,0
6c8db17c-cc7e-4357-a5c5-21c8e98984ed,37.2349668639705,-80.4204040404345,95,7440.47
0a3f36d7-c307-4463-b6c5-99406a7cffaf,37.2312751960212,-80.4348203035962,86,7055.89
c36e7bd9-7191-4115-a8f8-5507f1f145cf,37.231893,-80.424764,266,30593.91
6c8db17c-cc7e-4357-a5c5-21c8e98984ed,37.2320210696729,-80.4165840467052,24,1384.44
7d6b5437-cda5-4b9f-822a-b8f311b72480,37.2172192605776,-80.416989296167,38,2622.27
f8939f8a-f65e-4d6f-8519-2c2840e3e6a5,37.1657238558118,-80.4176897935453,150,16051.17
0a3f36d7-c307-4463-b6c5-99406a7cffaf,37.2225040105961,-80.4498024239663,68,5303.82
c1bea031-37b2-475c-8beb-85fbb71be7a0,37.2264161832759,-80.4288576227966,33,1596.75
67b5d761-e302-49aa-abb2-580efabd4eaf,37.230711,-80.42681,0,0
b6d71f6b-4e43-42bc-a74d-ef5ff8fbb8a6,37.2296990293085,-80.414330238958,32,1615.08
f0de71e0-107d-4bcb-a8d2-8dfcf6d66e3a,37.2460765985296,-80.4143503555268,11,1196.18
af234ae3-0762-49b9-89ff-4665d5b32ac7,37.234383832017,-80.4213823669713,19,654.02
67b5d761-e302-49aa-abb2-580efabd4eaf,37.231282571802,-80.4249391033565,25,1313.83
67b5d761-e302-49aa-abb2-580efabd4eaf,37.2274325514226,-80.4174437915391,50,2348.6
7d6b5437-cda5-4b9f-822a-b8f311b72480,37.2292728437454,-80.4206194235754,8,659.18
f06184b6-e86d-4b52-bd0b-2b5ea817c97e,37.1951118996988,-80.403961962992,170,10694.53
e7b18590-2011-4d0c-8718-c9514a7b5808,37.1936462322683,-80.401169280784,16,949.89
25434fe2-1283-4de5-baa4-bb1845c06a9e,37.2547436600764,-80.4154249042649,64,4545.09
78bec10c-1fb8-41d6-af99-dd82e113d469,37.2352356467237,-80.4205781179556,25,1501.77
916d6333-dc42-44dd-8071-6054f1ed29d8,37.2153594456687,-80.4447561974312,60,4957.43
a43aa2ac-7c35-4c0b-a970-437b91e4ba35,37.2231181863,-80.4502945831981,25,2924.37
57b3d106-fd5e-4b7b-85f7-bfb555af392b,37.2321577721713,-80.4244386358209,44,3431.63
b6d71f6b-4e43-42bc-a74d-ef5ff8fbb8a6,37.2323306306209,-80.423769866616,129,11241.23
fd0937b3-48d6-4b86-9d74-e463b40d55f4,37.1690028018464,-80.4202875651942,167,16572.16
8c645223-1d5a-4351-adb6-43949e7cf524,37.2196881020904,-80.4380719381553,55,3321
b8c51a51-84af-4a44-9a35-9f53382c3b05,37.250350999965,-80.4120653441894,26,2258.57
67b5d761-e302-49aa-abb2-580efabd4eaf,37.2230071645136,-80.428589599285,75,4096.64
3c2c524f-a466-48b1-81e4-f3ac7f35d571,37.217281068391,-80.4478362358612,37,3744.08
c1bea031-37b2-475c-8beb-85fbb71be7a0,37.2314612407363,-80.4220442725446,7,329.94
2504249f-e511-4516-8a2e-2c1e088d018d,37.2349135215326,-80.4209585333428,81,9191.81
8c645223-1d5a-4351-adb6-43949e7cf524,37.1638354608477,-80.4213788420606,188,18592.04
98e8b74d-b3ea-4ff9-993d-114d2f5de2cf,37.2265729950421,-80.416573584396,36,2747.52
fd0937b3-48d6-4b86-9d74-e463b40d55f4,37.2322473963489,-80.4237274738403,253,28191.42
c2c639a5-32f8-41e3-8221-8ebd4c904b68,37.2269732557665,-80.4169782536048,21,2419.79
8734192f-6a21-49a5-abcc-f16c770661f5,37.2217938171562,-80.4276875025123,75,4457.98
fd0937b3-48d6-4b86-9d74-e463b40d55f4,37.1688155632505,-80.4195940744635,166,16507.32
f662dd49-53b2-49fa-8046-c83dde4f3bb4,37.2313432187819,-80.4304018984224,26,1881.2
78bec10c-1fb8-41d6-af99-dd82e113d469,37.2408809853554,-80.4272342853937,65,3760.43
af234ae3-0762-49b9-89ff-4665d5b32ac7,37.2337224620008,-80.4235571321296,113,5445.37
9231ca1f-b1ee-4245-85f9-3186ecc00751,37.2103854932455,-80.4240576843226,39,2939.85
0838e7d7-57d5-427d-b770-e402eac1f11e,37.234671289294,-80.4211043712697,86,4696.33
f662dd49-53b2-49fa-8046-c83dde4f3bb4,37.2255333192928,-80.4477372479644,2,19.08
67b5d761-e302-49aa-abb2-580efabd4eaf,37.2252498730335,-80.4362761463034,95,5052.23
d9e3b73a-4dff-41e8-8980-71d8aa98e45f,37.2208529960905,-80.4231601690743,12,1370.37
3c2c524f-a466-48b1-81e4-f3ac7f35d571,37.2315107405281,-80.4308019141582,13,908.45
641aaf72-1326-4d06-a82a-2f2d84091463,37.2321862447231,-80.42364670416,50,3723.31
fd0937b3-48d6-4b86-9d74-e463b40d55f4,37.1676210104394,-80.4281165693072,112,12256.68
c1bea031-37b2-475c-8beb-85fbb71be7a0,37.2278443503278,-80.4276564174229,26,1395.16
1dc0fd3b-7e4c-4647-b4f4-48d87fcaa171,37.2325094316099,-80.4240738376249,52,8197.37
50af930d-67fd-4314-80ca-dcff1602aa9f,37.2324122035189,-80.4239050558201,127,8131.42
a26fa236-5b1f-44ff-93d3-aeaf75cc2973,37.2093583966953,-80.3993194049248,64,4314.58
3f10aa8b-ace6-4ae9-ba94-ffaeea5f0ab2,37.232523488916,-80.4242161860184,81,8390.52
e0c0f9c9-b199-40b3-87ab-7bd1f213e157,37.2175031732032,-80.41809450469,49,3083.19
98e4504d-d61b-4182-95cb-038c39551a3a,37.2291886906383,-80.4382631396934,53,3857.26
99f7a61c-9121-44a6-ac7a-8cd83a2bec8a,37.2094138917638,-80.3958667348844,90,9131.42
0838e7d7-57d5-427d-b770-e402eac1f11e,37.2423224450967,-80.4328907087586,44,2292.58
98e8b74d-b3ea-4ff9-993d-114d2f5de2cf,37.2278986934291,-80.4191084336212,42,3033.43
8edb0ac0-7024-48a5-a3bf-3ff8e8a7044f,37.2321735091201,-80.4235356292264,3,131.62
6add60f2-c611-432d-b7dc-83ccf50cad6e,37.242260364969,-80.433388461262,45,3966.24
916d6333-dc42-44dd-8071-6054f1ed29d8,37.2158250732931,-80.4451661941414,59,4894.24
8edb0ac0-7024-48a5-a3bf-3ff8e8a7044f,37.2340469411799,-80.4221380752222,20,634.4
c36e7bd9-7191-4115-a8f8-5507f1f145cf,37.1669642971575,-80.4173230419592,92,11928.64
8c645223-1d5a-4351-adb6-43949e7cf524,37.193073747335,-80.4021477940976,224,23546.11
c36e7bd9-7191-4115-a8f8-5507f1f145cf,37.1665828787703,-80.425114529019,136,14602.22
50af930d-67fd-4314-80ca-dcff1602aa9f,37.234409137568,-80.4212563462383,20,832.04
67b5d761-e302-49aa-abb2-580efabd4eaf,37.2232565981448,-80.4193514415122,57,3007.18
0838e7d7-57d5-427d-b770-e402eac1f11e,37.2316156005449,-80.4288946839382,12,558.37
edb1129b-9c6e-4d99-8a37-9ca86e8d6c3d,37.232845430409,-80.424755026567,38,2338.67
da4e0dbe-a20d-4ca9-80cb-7614cd29577c,37.2316191867725,-80.4330258207151,79,3988.79
c9430839-4a0c-471d-83b5-6785322fce8a,37.2178461469737,-80.4533428196084,37,3665.39
50af930d-67fd-4314-80ca-dcff1602aa9f,37.2395040451093,-80.3984747899094,63,4136.87
f8939f8a-f65e-4d6f-8519-2c2840e3e6a5,37.2229037726803,-80.4397846487137,55,2948.03
9231ca1f-b1ee-4245-85f9-3186ecc00751,37.1965518749444,-80.394241815871,124,8589.4
67b5d761-e302-49aa-abb2-580efabd4eaf,37.2233336388882,-80.4321227013703,105,5887.69
67b5d761-e302-49aa-abb2-580efabd4eaf,37.2240800188661,-80.4181996213021,56,2870.22
67b5d761-e302-49aa-abb2-580efabd4eaf,37.2246707496259,-80.4301190652734,80,4336.2
e93f9bcf-465f-43b3-90d0-216bddda2c87,37.2351415362473,-80.4209728426854,60,4171.44
b6d71f6b-4e43-42bc-a74d-ef5ff8fbb8a6,37.2346121466728,-80.421187484445,118,10692.21
6e506adb-c6e8-48e0-b606-2bd650720397,37.2556131932505,-80.4106958455262,45,3316.08
bccd5bab-2cf0-4b7a-bbac-6523feb55222,37.2315063144372,-80.4250941453592,23,1282.97
98e8b74d-b3ea-4ff9-993d-114d2f5de2cf,37.2305083967501,-80.4210522301652,9,484.75
6c8db17c-cc7e-4357-a5c5-21c8e98984ed,37.2322021498082,-80.4236733185492,112,8146.41
fd0937b3-48d6-4b86-9d74-e463b40d55f4,37.1652978459178,-80.4179364691935,158,15996.41
7172a8d8-0bfc-4398-8da7-f0e7ecaa85d7,37.231468470671,-80.4288665274448,67,5099.01
1dc0fd3b-7e4c-4647-b4f4-48d87fcaa171,37.2279832057994,-80.4392783360006,32,6617.38
7d6b5437-cda5-4b9f-822a-b8f311b72480,37.2241057925128,-80.4180630475902,69,4285.46
3c2c524f-a466-48b1-81e4-f3ac7f35d571,37.2314801074594,-80.4297356288828,11,813.88
a5d067da-d551-4428-93e8-ae0cd08d0e96,37.2106710249787,-80.4241767983336,58,3915.01
c9430839-4a0c-471d-83b5-6785322fce8a,37.2314196664941,-80.4344079157357,91,8474.95
a5d067da-d551-4428-93e8-ae0cd08d0e96,37.2050636183914,-80.4091576475332,7,601.84
25434fe2-1283-4de5-baa4-bb1845c06a9e,37.2534865401874,-80.4191077442785,57,4180.12
7a7f8de7-b6e6-4d4f-b306-26500b9c1da1,37.2157649526456,-80.4504797131109,6,571.39
7e6c10eb-0e83-4bba-bc4f-756b56fc4ea7,37.2315591347729,-80.4251626897136,1,72.44
a26fa236-5b1f-44ff-93d3-aeaf75cc2973,37.2090591845231,-80.3958203872282,74,4712.92
a26fa236-5b1f-44ff-93d3-aeaf75cc2973,37.2343648523032,-80.4214286026544,22,706.49
e708f6e7-1846-4ab0-b148-b3f768db6cb4,37.2423738087639,-80.4222440971282,40,2417.43
67b5d761-e302-49aa-abb2-580efabd4eaf,37.230958529567,-80.4286649564836,7,514.57
a43aa2ac-7c35-4c0b-a970-437b91e4ba35,37.2309929103083,-80.4272242465778,2,186.77
d5bba5d8-b131-4789-abec-efc493310641,37.231765,-80.424925,0,0
d5bba5d8-b131-4789-abec-efc493310641,37.2315154987846,-80.425248649014,1,39.86
e93f9bcf-465f-43b3-90d0-216bddda2c87,37.2324628035244,-80.4237016813513,8,122.26
0aa35e38-de23-44ce-b140-77621ff93358,37.2323282805027,-80.4237395548619,85,7753.11
a5d067da-d551-4428-93e8-ae0cd08d0e96,37.209374,-80.416945,45,3013.27
da4e0dbe-a20d-4ca9-80cb-7614cd29577c,37.2302178087288,-80.4285086439698,91,4485.13
f8939f8a-f65e-4d6f-8519-2c2840e3e6a5,37.1671323573416,-80.4293216031162,104,12382.31
a43aa2ac-7c35-4c0b-a970-437b91e4ba35,37.2205659634106,-80.4524265660909,28,3267.88
c1bea031-37b2-475c-8beb-85fbb71be7a0,37.2313728112367,-80.4220448102773,8,339.77
a26fa236-5b1f-44ff-93d3-aeaf75cc2973,37.2351218005652,-80.4209779267833,135,9209.14
3f10aa8b-ace6-4ae9-ba94-ffaeea5f0ab2,37.2352348261709,-80.4205277330956,67,7770.84
312be01d-4ee2-41b0-87d1-4ac8e4899530,37.2245561239952,-80.4339057949496,9,450.56
2674478c-5212-4ba0-993a-819fef810e02,37.239506883402,-80.3984676595319,2,54.53
a26fa236-5b1f-44ff-93d3-aeaf75cc2973,37.2347622393221,-80.420148699881,28,850.88
98e8b74d-b3ea-4ff9-993d-114d2f5de2cf,37.2315502336699,-80.4251841296613,59,3911.15
f83a250c-9d24-4fcf-a339-5447d451fdf5,37.2101232647637,-80.4010881041735,13,1533.45
a5d067da-d551-4428-93e8-ae0cd08d0e96,37.2050630449935,-80.4179805002274,28,2244.57
3c2c524f-a466-48b1-81e4-f3ac7f35d571,37.2300604448946,-80.4283692402309,6,560.18
67b5d761-e302-49aa-abb2-580efabd4eaf,37.2322083990855,-80.4233353876413,28,1491.65
fd0937b3-48d6-4b86-9d74-e463b40d55f4,37.2325000282915,-80.423452954304,9,309.32
c1bea031-37b2-475c-8beb-85fbb71be7a0,37.2277935268157,-80.4276386409321,87,4054.56
0838e7d7-57d5-427d-b770-e402eac1f11e,37.2307815585628,-80.4275819003622,3,53.11
c2c639a5-32f8-41e3-8221-8ebd4c904b68,37.2324874321595,-80.4236478691282,38,3321.96
fd0937b3-48d6-4b86-9d74-e463b40d55f4,37.2166385487767,-80.4354177143513,71,3745.72
f0de71e0-107d-4bcb-a8d2-8dfcf6d66e3a,37.2476395389507,-80.417555338075,16,1578.94
1dc0fd3b-7e4c-4647-b4f4-48d87fcaa171,37.2314160228982,-80.4293952653367,42,7651.28
e93f9bcf-465f-43b3-90d0-216bddda2c87,37.2322158485914,-80.4236232471982,2,49.11
c2c639a5-32f8-41e3-8221-8ebd4c904b68,37.2288279082477,-80.4200290209803,29,2780.49
8c645223-1d5a-4351-adb6-43949e7cf524,37.2274800937478,-80.440940708514,48,2411
6e506adb-c6e8-48e0-b606-2bd650720397,37.2509459040315,-80.4123616007174,54,5174.69
a26fa236-5b1f-44ff-93d3-aeaf75cc2973,37.2268188546656,-80.4112627873484,39,2036.69
6add60f2-c611-432d-b7dc-83ccf50cad6e,37.2402629101433,-80.4271351055583,18,1827.6
fd0937b3-48d6-4b86-9d74-e463b40d55f4,37.2311620837291,-80.435256497918,30,1474.43
e93f9bcf-465f-43b3-90d0-216bddda2c87,37.2322130100242,-80.4234699440804,3,62.68
f83a250c-9d24-4fcf-a339-5447d451fdf5,37.2193736631132,-80.4029034137672,51,4722.67
5ace41fb-b4a5-42d0-8d49-1628dcfd98a9,37.2255111681882,-80.4251607822649,97,6077.4
b6d71f6b-4e43-42bc-a74d-ef5ff8fbb8a6,37.23221141089,-80.4233776958498,5,148.23
f83a250c-9d24-4fcf-a339-5447d451fdf5,37.2124577887331,-80.3960751233146,43,3451.94
af234ae3-0762-49b9-89ff-4665d5b32ac7,37.2324649914188,-80.4237282611917,9,155.32
99f7a61c-9121-44a6-ac7a-8cd83a2bec8a,37.2322339556976,-80.4233641058991,4,147.85
9231ca1f-b1ee-4245-85f9-3186ecc00751,37.2027155463606,-80.4100240476308,78,5484.31
7a7f8de7-b6e6-4d4f-b306-26500b9c1da1,37.2279559313156,-80.4393264149131,43,4076.96
99f7a61c-9121-44a6-ac7a-8cd83a2bec8a,37.233298410589,-80.4249755712293,12,361.79
8909fd06-51cb-4b38-b873-c3b148b909b0,37.2303219089397,-80.4263393445581,1,120.96
e708f6e7-1846-4ab0-b148-b3f768db6cb4,37.2409513032142,-80.4269621361294,29,1917.35
6e506adb-c6e8-48e0-b606-2bd650720397,37.2353280194345,-80.420697962667,26,832.23
916d6333-dc42-44dd-8071-6054f1ed29d8,37.2314524632818,-80.4294676984189,18,746.69
916d6333-dc42-44dd-8071-6054f1ed29d8,37.2128281008505,-80.444413968376,64,5250.41
8734192f-6a21-49a5-abcc-f16c770661f5,37.224760335185,-80.4346140501212,52,3545.18
9231ca1f-b1ee-4245-85f9-3186ecc00751,37.2046209458214,-80.405631735049,90,6182.91
d9e3b73a-4dff-41e8-8980-71d8aa98e45f,37.2233129234124,-80.4287036273076,18,2057.45
a26fa236-5b1f-44ff-93d3-aeaf75cc2973,37.2343084057753,-80.419524337025,29,925.68
e570e646-82c5-4744-98dc-764a6d346163,37.2374494500235,-80.4209068536054,45,4372.8
c1bea031-37b2-475c-8beb-85fbb71be7a0,37.2275011366897,-80.4204226988337,107,4923.65
7a7f8de7-b6e6-4d4f-b306-26500b9c1da1,37.2144882210784,-80.4522285134929,4,360.94
67b5d761-e302-49aa-abb2-580efabd4eaf,37.2281616785871,-80.419924463582,42,2101.47
af234ae3-0762-49b9-89ff-4665d5b32ac7,37.2324962155472,-80.4239849547842,10,178.29
bccd5bab-2cf0-4b7a-bbac-6523feb55222,37.2232565981448,-80.4193514415122,57,3007.18
3c2c524f-a466-48b1-81e4-f3ac7f35d571,37.2141466045565,-80.444278177455,48,4581.54
009b7c3f-c455-4799-b8cf-815505da3f7e,37.232809323079,-80.4260970507509,15,916.94
0a3f36d7-c307-4463-b6c5-99406a7cffaf,37.2317009851955,-80.4329450142959,11,1141.56
c36e7bd9-7191-4115-a8f8-5507f1f145cf,37.2314992030997,-80.4340582919023,244,29477.71
c36e7bd9-7191-4115-a8f8-5507f1f145cf,37.1670488072751,-80.4293571036714,115,13428.23
c36e7bd9-7191-4115-a8f8-5507f1f145cf,37.2275198361727,-80.4416216595717,43,2340.81
f83a250c-9d24-4fcf-a339-5447d451fdf5,37.2105548521228,-80.3956761475996,35,2808.1
3c2c524f-a466-48b1-81e4-f3ac7f35d571,37.2316726579702,-80.4339348141939,17,1187.15
fd0937b3-48d6-4b86-9d74-e463b40d55f4,37.2314075071061,-80.4304184745177,24,1032.55
641aaf72-1326-4d06-a82a-2f2d84091463,37.227662794094,-80.4182401639042,75,4532.42
c9430839-4a0c-471d-83b5-6785322fce8a,37.2158250732931,-80.4451661941414,52,4948.98
6c8db17c-cc7e-4357-a5c5-21c8e98984ed,37.2345558740275,-80.4210405326849,17,842.53
8edb0ac0-7024-48a5-a3bf-3ff8e8a7044f,37.2179301411597,-80.4017972111284,53,3334.25
1624ad03-0ebf-4743-8abc-42f34060e035,37.2402629101433,-80.4271351055583,24,1098.39
b8c51a51-84af-4a44-9a35-9f53382c3b05,37.2415302539784,-80.4183173428963,31,3384.11
c36e7bd9-7191-4115-a8f8-5507f1f145cf,37.1650201248147,-80.4157545628892,86,11410.13
67b5d761-e302-49aa-abb2-580efabd4eaf,37.223398933594,-80.4321333969363,89,4586.9
67b5d761-e302-49aa-abb2-580efabd4eaf,37.2330107735354,-80.424876117543,14,980.45
67b5d761-e302-49aa-abb2-580efabd4eaf,37.2257582327339,-80.4157770900103,53,2586.09
312be01d-4ee2-41b0-87d1-4ac8e4899530,37.2208899030144,-80.4228927799155,36,1820.92
c9430839-4a0c-471d-83b5-6785322fce8a,37.221426575489,-80.4482607780056,73,6496.8
fd0937b3-48d6-4b86-9d74-e463b40d55f4,37.1665215365262,-80.4249613772334,130,13575.51
312be01d-4ee2-41b0-87d1-4ac8e4899530,37.224422697671,-80.4305402567376,19,862.07
916d6333-dc42-44dd-8071-6054f1ed29d8,37.2245009079278,-80.4473978547691,36,2615.76
009b7c3f-c455-4799-b8cf-815505da3f7e,37.2449353185258,-80.425218667103,53,3114.67
67b5d761-e302-49aa-abb2-580efabd4eaf,37.2321775383592,-80.4235631055828,27,1471.21
c36e7bd9-7191-4115-a8f8-5507f1f145cf,37.1938985369102,-80.4031320528923,224,23673.44
c36e7bd9-7191-4115-a8f8-5507f1f145cf,37.2325981779731,-80.4242663205698,11,361.17
d5bba5d8-b131-4789-abec-efc493310641,37.2320758671873,-80.4238232821624,3,211.56
67b5d761-e302-49aa-abb2-580efabd4eaf,37.2209202458952,-80.4229284023836,64,3423.45
67b5d761-e302-49aa-abb2-580efabd4eaf,37.2246906215811,-80.4341085115228,91,4813.6
a5d067da-d551-4428-93e8-ae0cd08d0e96,37.2058070136559,-80.4187755373262,30,2353.47
c36e7bd9-7191-4115-a8f8-5507f1f145cf,37.2313123026339,-80.4248331855865,2,91.1
3c2c524f-a466-48b1-81e4-f3ac7f35d571,37.2229789856359,-80.4503853458416,63,5845.27
2674478c-5212-4ba0-993a-819fef810e02,37.2317764003143,-80.4103216773463,28,1989.26
f8939f8a-f65e-4d6f-8519-2c2840e3e6a5,37.1619353580313,-80.4266766518923,128,14237.72
c36e7bd9-7191-4115-a8f8-5507f1f145cf,37.1606078574653,-80.4217817083929,180,18096.59
1624ad03-0ebf-4743-8abc-42f34060e035,37.2326783214203,-80.4245774295543,78,4705.49
c36e7bd9-7191-4115-a8f8-5507f1f145cf,37.1649621322053,-80.418103724018,90,11695.52
916d6333-dc42-44dd-8071-6054f1ed29d8,37.2159969637392,-80.4453178015541,72,5673.49
67b5d761-e302-49aa-abb2-580efabd4eaf,37.2241191188739,-80.4292801827695,77,4237.67
50af930d-67fd-4314-80ca-dcff1602aa9f,37.2414564932261,-80.3990201889884,76,4539.67
c36e7bd9-7191-4115-a8f8-5507f1f145cf,37.2274800937478,-80.440940708514,48,2411
3f10aa8b-ace6-4ae9-ba94-ffaeea5f0ab2,37.229905559415,-80.4145555445287,58,6972.2
6c8db17c-cc7e-4357-a5c5-21c8e98984ed,37.2407179600686,-80.4000201796158,73,4665.48
7172a8d8-0bfc-4398-8da7-f0e7ecaa85d7,37.2331353842943,-80.4253541431485,70,5461.08
bccd5bab-2cf0-4b7a-bbac-6523feb55222,37.2247650683046,-80.4171958821911,55,2753.25
e0c0f9c9-b199-40b3-87ab-7bd1f213e157,37.2323380731178,-80.4232682232143,89,5599.24
50af930d-67fd-4314-80ca-dcff1602aa9f,37.235422435989,-80.4086371348543,87,5650.31
50af930d-67fd-4314-80ca-dcff1602aa9f,37.23255,-80.409175,92,6047.56
7d6b5437-cda5-4b9f-822a-b8f311b72480,37.2167304983469,-80.4168458772896,40,2678.64
e7b18590-2011-4d0c-8718-c9514a7b5808,37.1967589167801,-80.4040004967648,30,1448.08
c36e7bd9-7191-4115-a8f8-5507f1f145cf,37.2282692608346,-80.4392757653518,32,1937.27
c36e7bd9-7191-4115-a8f8-5507f1f145cf,37.1666778425382,-80.4252548769268,108,13014.38
5ace41fb-b4a5-42d0-8d49-1628dcfd98a9,37.2106710249787,-80.4241767983336,58,3915.01
c1bea031-37b2-475c-8beb-85fbb71be7a0,37.2304987913918,-80.4209610423401,119,5345.87
009b7c3f-c455-4799-b8cf-815505da3f7e,37.2325518914763,-80.4267399971307,77,4816.9
009b7c3f-c455-4799-b8cf-815505da3f7e,37.2461086403509,-80.4219673986228,51,2798.89
8734192f-6a21-49a5-abcc-f16c770661f5,37.2248880654271,-80.436276185052,42,2942.44
78bec10c-1fb8-41d6-af99-dd82e113d469,37.2420278037803,-80.4276541130336,62,3627.25
99f7a61c-9121-44a6-ac7a-8cd83a2bec8a,37.234675648771,-80.4211159892451,129,13640.49
8c645223-1d5a-4351-adb6-43949e7cf524,37.2313260486621,-80.4296303274329,250,29871.28
99f7a61c-9121-44a6-ac7a-8cd83a2bec8a,37.2000384469914,-80.4004688321451,43,5373.67
d9e3b73a-4dff-41e8-8980-71d8aa98e45f,37.2245606322167,-80.4304295890044,24,2291.71
b6d71f6b-4e43-42bc-a74d-ef5ff8fbb8a6,37.231339965704,-80.4249035966493,135,11451.67
c9430839-4a0c-471d-83b5-6785322fce8a,37.2259886675193,-80.4422142178281,82,7543.89
67b5d761-e302-49aa-abb2-580efabd4eaf,37.2203376603573,-80.4264459178194,68,3742.41
67b5d761-e302-49aa-abb2-580efabd4eaf,37.2326057298083,-80.4243576958465,16,1045.86
e93f9bcf-465f-43b3-90d0-216bddda2c87,37.2436868181187,-80.4281548887032,30,1523.22
c36e7bd9-7191-4115-a8f8-5507f1f145cf,37.183837833701,-80.4031922697934,73,8756.98
f8939f8a-f65e-4d6f-8519-2c2840e3e6a5,37.186657213783,-80.4097773886594,81,8660.21
67b5d761-e302-49aa-abb2-580efabd4eaf,37.22087324892,-80.422655470917,130,7072.18
7d6b5437-cda5-4b9f-822a-b8f311b72480,37.2194242649661,-80.4194983087296,61,3663.54
c1bea031-37b2-475c-8beb-85fbb71be7a0,37.2266466697277,-80.4284087217094,82,3904
c1bea031-37b2-475c-8beb-85fbb71be7a0,37.2241787351601,-80.4307739968694,44,1906.25
c1bea031-37b2-475c-8beb-85fbb71be7a0,37.23238929643,-80.4233140669374,123,5645.49
50af930d-67fd-4314-80ca-dcff1602aa9f,37.2338377354213,-80.4189513320576,26,1109.68
57b3d106-fd5e-4b7b-85f7-bfb555af392b,37.2276630947981,-80.4179109475421,24,2536.08
af234ae3-0762-49b9-89ff-4665d5b32ac7,37.2357604849021,-80.4209901962009,29,859.12
25434fe2-1283-4de5-baa4-bb1845c06a9e,37.2326434405999,-80.4243440717263,13,244.16
f8939f8a-f65e-4d6f-8519-2c2840e3e6a5,37.1665215365262,-80.4249613772334,121,13578.14
da4e0dbe-a20d-4ca9-80cb-7614cd29577c,37.2313305483069,-80.4297029822081,84,4285.08
67b5d761-e302-49aa-abb2-580efabd4eaf,37.2244351246135,-80.4335986895266,90,4760.3
67b5d761-e302-49aa-abb2-580efabd4eaf,37.2327523173132,-80.4246435545389,15,1015.78
78bec10c-1fb8-41d6-af99-dd82e113d469,37.2428366356136,-80.4221761927737,42,2407.82
57b3d106-fd5e-4b7b-85f7-bfb555af392b,37.2224369479678,-80.4235275342183,9,1202.22
4c65baab-ac20-473b-8a19-0b9cb7567806,37.2292981452621,-80.4277713533857,36,4412.3
0a3f36d7-c307-4463-b6c5-99406a7cffaf,37.2316300205001,-80.4341001354619,13,1244.42
641aaf72-1326-4d06-a82a-2f2d84091463,37.2321237093322,-80.4241534207182,44,3406.64
9231ca1f-b1ee-4245-85f9-3186ecc00751,37.1936019670811,-80.4011434543307,105,7604.42
0aa35e38-de23-44ce-b140-77621ff93358,37.2369095817671,-80.4210424895468,64,6939.94
8edb0ac0-7024-48a5-a3bf-3ff8e8a7044f,37.2191367510688,-80.4026492912478,105,6762.84
8c645223-1d5a-4351-adb6-43949e7cf524,37.1700269102035,-80.4167199372914,209,20377.11
8edb0ac0-7024-48a5-a3bf-3ff8e8a7044f,37.2089762812243,-80.3960590300595,73,4689.88
916d6333-dc42-44dd-8071-6054f1ed29d8,37.2127258860945,-80.4443604905442,65,5262.71
3c2c524f-a466-48b1-81e4-f3ac7f35d571,37.2127145288908,-80.4441751007276,46,4416.54
7d6b5437-cda5-4b9f-822a-b8f311b72480,37.2313632013632,-80.4248790015257,1,36.39
641aaf72-1326-4d06-a82a-2f2d84091463,37.2209129632119,-80.422628306211,14,1421.61
e93f9bcf-465f-43b3-90d0-216bddda2c87,37.231916,-80.42403,86,5119.69
c1bea031-37b2-475c-8beb-85fbb71be7a0,37.2285349505267,-80.4197657358507,114,5092.93
c1bea031-37b2-475c-8beb-85fbb71be7a0,37.227850301466,-80.4273783821509,88,4078.44
f83a250c-9d24-4fcf-a339-5447d451fdf5,37.2336780773827,-80.4237627048378,70,7447.66
8edb0ac0-7024-48a5-a3bf-3ff8e8a7044f,37.2346628927638,-80.420975823679,24,758.51
edb1129b-9c6e-4d99-8a37-9ca86e8d6c3d,37.2315278302527,-80.4252192005776,47,2632.95
e0c0f9c9-b199-40b3-87ab-7bd1f213e157,37.2274122449711,-80.4173534038326,73,4793.36
67b5d761-e302-49aa-abb2-580efabd4eaf,37.2285513150809,-80.419900238269,41,2058.12
c36e7bd9-7191-4115-a8f8-5507f1f145cf,37.1676312138658,-80.4278989414592,131,14327.98
c36e7bd9-7191-4115-a8f8-5507f1f145cf,37.2313345644635,-80.4307676226549,247,29771
c1bea031-37b2-475c-8beb-85fbb71be7a0,37.2265444736951,-80.4216990364182,105,4768.56
009b7c3f-c455-4799-b8cf-815505da3f7e,37.2434341478962,-80.4218967860144,44,2485.15
f83a250c-9d24-4fcf-a339-5447d451fdf5,37.2096320472,-80.400617499254,14,1602.11
8c645223-1d5a-4351-adb6-43949e7cf524,37.1590224173027,-80.421325364227,166,16622.09
25434fe2-1283-4de5-baa4-bb1845c06a9e,37.2537816672826,-80.4184660102974,62,4255.62
2504249f-e511-4516-8a2e-2c1e088d018d,37.2264168004821,-80.4108138676568,68,7819.82
da4e0dbe-a20d-4ca9-80cb-7614cd29577c,37.2362468439519,-80.4343234668734,68,3447.11
c36e7bd9-7191-4115-a8f8-5507f1f145cf,37.1839088125099,-80.4028252709303,216,22462.97
8c645223-1d5a-4351-adb6-43949e7cf524,37.1647106127084,-80.4250824423199,142,14834.53
0838e7d7-57d5-427d-b770-e402eac1f11e,37.2437341197518,-80.4217213760553,69,3630.78
8c645223-1d5a-4351-adb6-43949e7cf524,37.1649038077108,-80.4287367608233,123,13938.22
b6d71f6b-4e43-42bc-a74d-ef5ff8fbb8a6,37.232824538926,-80.4246540334342,15,307.26
67b5d761-e302-49aa-abb2-580efabd4eaf,37.2248694689432,-80.4363011026249,93,5009.64
67b5d761-e302-49aa-abb2-580efabd4eaf,37.2232882164511,-80.4319408767424,106,5904.55
7e6c10eb-0e83-4bba-bc4f-756b56fc4ea7,37.2351428993445,-80.4210151580023,94,4966.93
4c65baab-ac20-473b-8a19-0b9cb7567806,37.2212642615961,-80.4481571028518,17,1633.61
50af930d-67fd-4314-80ca-dcff1602aa9f,37.2293379806876,-80.4139403531695,96,6599.97
af234ae3-0762-49b9-89ff-4665d5b32ac7,37.2349061115349,-80.420808371577,21,732.07
c1bea031-37b2-475c-8beb-85fbb71be7a0,37.2269791551399,-80.4283474867178,30,1514.93
8c645223-1d5a-4351-adb6-43949e7cf524,37.2271479598067,-80.4418106145773,41,2296.23
f8939f8a-f65e-4d6f-8519-2c2840e3e6a5,37.2326621227907,-80.4244917858079,231,28104.81
86a57bd8-fef0-4b5e-b079-990c8f500901,37.2312514526643,-80.424916478397,82,5967.39
f06184b6-e86d-4b52-bd0b-2b5ea817c97e,37.1941582472837,-80.3953822780293,154,9862.57
a26fa236-5b1f-44ff-93d3-aeaf75cc2973,37.2237683852815,-80.4078982432535,44,2488.04
0a3f36d7-c307-4463-b6c5-99406a7cffaf,37.2308607589156,-80.4355618628632,85,6975.73
d5bba5d8-b131-4789-abec-efc493310641,37.2339947176889,-80.4225683357107,120,7742.57
8c645223-1d5a-4351-adb6-43949e7cf524,37.1643242212224,-80.4254175700658,143,14886.72
009b7c3f-c455-4799-b8cf-815505da3f7e,37.2311287121279,-80.4287273193871,8,590.22
50af930d-67fd-4314-80ca-dcff1602aa9f,37.2412779571621,-80.3981503577306,71,4449.09
50af930d-67fd-4314-80ca-dcff1602aa9f,37.2343084057753,-80.419524337025,25,1036.84
6c8db17c-cc7e-4357-a5c5-21c8e98984ed,37.2395173720374,-80.3984479313619,61,4238.27
d5bba5d8-b131-4789-abec-efc493310641,37.2415021766735,-80.398439138022,57,3895.64
6c8db17c-cc7e-4357-a5c5-21c8e98984ed,37.2324122035189,-80.4239050558201,110,8114.82
d5bba5d8-b131-4789-abec-efc493310641,37.2351286562176,-80.4204967353428,107,7471.63
8c645223-1d5a-4351-adb6-43949e7cf524,37.2152610315755,-80.4342064786886,57,3920.3
1624ad03-0ebf-4743-8abc-42f34060e035,37.2339947909201,-80.4226698725464,70,4385.24
7a7f8de7-b6e6-4d4f-b306-26500b9c1da1,37.2210376351513,-80.4481074748879,29,2641.24
1dc0fd3b-7e4c-4647-b4f4-48d87fcaa171,37.2326621227907,-80.4244917858079,51,8156.69
da4e0dbe-a20d-4ca9-80cb-7614cd29577c,37.2367974945144,-80.4268829178833,22,1444.01
3c2c524f-a466-48b1-81e4-f3ac7f35d571,37.2300417839973,-80.4284122082029,88,8223.31
fd0937b3-48d6-4b86-9d74-e463b40d55f4,37.1946989948569,-80.4056540720249,80,7352.6
e7b18590-2011-4d0c-8718-c9514a7b5808,37.1939594470719,-80.3965320514122,13,537.64
a26fa236-5b1f-44ff-93d3-aeaf75cc2973,37.2349543313756,-80.4209066230076,137,9229.48
8c645223-1d5a-4351-adb6-43949e7cf524,37.1759935537476,-80.4149071066088,76,10114.75
a632e61e-c94b-4ceb-a95e-33c672af2314,37.2277633902427,-80.4189576817489,20,907.02
fd0937b3-48d6-4b86-9d74-e463b40d55f4,37.1877592349326,-80.41024442839,94,8833.16
a43aa2ac-7c35-4c0b-a970-437b91e4ba35,37.2127968685786,-80.4441323184621,53,5283.78
8c645223-1d5a-4351-adb6-43949e7cf524,37.1642730810252,-80.4290148455484,121,13863.77
8734192f-6a21-49a5-abcc-f16c770661f5,37.2234932150779,-80.4313494077106,62,3898.13
3f10aa8b-ace6-4ae9-ba94-ffaeea5f0ab2,37.2116768906196,-80.3931536589898,40,3755.85
6c8db17c-cc7e-4357-a5c5-21c8e98984ed,37.241521179682,-80.3992073165731,71,4549.62
009b7c3f-c455-4799-b8cf-815505da3f7e,37.2430382481755,-80.428354381285,58,3508.59
6e506adb-c6e8-48e0-b606-2bd650720397,37.2351321661354,-80.4204947469063,24,802.78
fd0937b3-48d6-4b86-9d74-e463b40d55f4,37.163686776337,-80.4223558713007,149,15151
c36e7bd9-7191-4115-a8f8-5507f1f145cf,37.1649038077108,-80.4287367608233,123,13938.22
c36e7bd9-7191-4115-a8f8-5507f1f145cf,37.1896361195103,-80.4010237787233,70,8083.09
2674478c-5212-4ba0-993a-819fef810e02,37.2314087997302,-80.4158943023075,34,2697.44
c1bea031-37b2-475c-8beb-85fbb71be7a0,37.2262665318202,-80.4290903164466,34,1623.22
50af930d-67fd-4314-80ca-dcff1602aa9f,37.240849383835,-80.39982243127,79,4651.05
9231ca1f-b1ee-4245-85f9-3186ecc00751,37.1960675689043,-80.4039614441039,97,7160.09
e708f6e7-1846-4ab0-b148-b3f768db6cb4,37.2417945729123,-80.4347562193158,66,4096.71
6c8db17c-cc7e-4357-a5c5-21c8e98984ed,37.2343736227604,-80.4195448299376,94,7339.85
a43aa2ac-7c35-4c0b-a970-437b91e4ba35,37.2254748426929,-80.4442998532666,72,7286.41
a5d067da-d551-4428-93e8-ae0cd08d0e96,37.2067469025109,-80.4196097915016,32,2481.42
0838e7d7-57d5-427d-b770-e402eac1f11e,37.2441428098522,-80.4215181602946,67,3581.91
bccd5bab-2cf0-4b7a-bbac-6523feb55222,37.2246308267616,-80.4246822157756,141,7541.92
e0c0f9c9-b199-40b3-87ab-7bd1f213e157,37.217531564407,-80.4167825152176,52,3225.11
009b7c3f-c455-4799-b8cf-815505da3f7e,37.245230361535,-80.4214997840822,50,2692.89
99f7a61c-9121-44a6-ac7a-8cd83a2bec8a,37.2184512521371,-80.4020773265154,107,11048.72
7e6c10eb-0e83-4bba-bc4f-756b56fc4ea7,37.2319853399277,-80.4280008436586,21,796
9231ca1f-b1ee-4245-85f9-3186ecc00751,37.2048675966881,-80.414764531465,63,4449.36
e708f6e7-1846-4ab0-b148-b3f768db6cb4,37.2418964306044,-80.4244522432257,35,2165.35
7e6c10eb-0e83-4bba-bc4f-756b56fc4ea7,37.2437341197518,-80.4217213760553,80,3957.59
7e6c10eb-0e83-4bba-bc4f-756b56fc4ea7,37.2444152686878,-80.4214468565189,77,3877.79
7e6c10eb-0e83-4bba-bc4f-756b56fc4ea7,37.2400586473895,-80.4355970908036,44,2230.08
67b5d761-e302-49aa-abb2-580efabd4eaf,37.2209499360533,-80.4226204515674,131,7081.25
67b5d761-e302-49aa-abb2-580efabd4eaf,37.2215105432084,-80.421877023803,58,3303.13
67b5d761-e302-49aa-abb2-580efabd4eaf,37.2242761482858,-80.4307180169891,82,4407.02
25434fe2-1283-4de5-baa4-bb1845c06a9e,37.2321835939358,-80.4235169479285,3,111.65
67b5d761-e302-49aa-abb2-580efabd4eaf,37.2314754534236,-80.4288151534237,8,573.53
7e6c10eb-0e83-4bba-bc4f-756b56fc4ea7,37.232206748512,-80.4236691392863,112,5592.31
2504249f-e511-4516-8a2e-2c1e088d018d,37.2332728706045,-80.4250406745004,87,9619.66
7172a8d8-0bfc-4398-8da7-f0e7ecaa85d7,37.242260364969,-80.433388461262,48,3380.73
916d6333-dc42-44dd-8071-6054f1ed29d8,37.2316994207151,-80.4283268380081,107,8967.9
009b7c3f-c455-4799-b8cf-815505da3f7e,37.2304480209516,-80.4285907907566,6,513.62
67b5d761-e302-49aa-abb2-580efabd4eaf,37.2247587539593,-80.4346468550293,102,5610.11
78bec10c-1fb8-41d6-af99-dd82e113d469,37.2349131277149,-80.4207973886863,20,1448.88
af234ae3-0762-49b9-89ff-4665d5b32ac7,37.2354624487808,-80.4208333278944,28,823.21
c36e7bd9-7191-4115-a8f8-5507f1f145cf,37.1664700990964,-80.4157919506663,84,11248.97
c36e7bd9-7191-4115-a8f8-5507f1f145cf,37.1652930373181,-80.4247294886304,141,14762.66
c36e7bd9-7191-4115-a8f8-5507f1f145cf,37.167588452553,-80.4174496482283,94,11999.04
8c645223-1d5a-4351-adb6-43949e7cf524,37.162334,-80.420922,184,18410.56
86a57bd8-fef0-4b5e-b079-990c8f500901,37.2357736166268,-80.4209898983518,18,848.93
1624ad03-0ebf-4743-8abc-42f34060e035,37.2414667057075,-80.4273736473374,26,1233.83
6c8db17c-cc7e-4357-a5c5-21c8e98984ed,37.2414538110169,-80.3990040957334,47,3830.23
67b5d761-e302-49aa-abb2-580efabd4eaf,37.2291994188484,-80.4203702093401,39,1974.75
67b5d761-e302-49aa-abb2-580efabd4eaf,37.2240907301494,-80.4308310398899,110,6047.32
0aa35e38-de23-44ce-b140-77621ff93358,37.2349988461738,-80.420524285946,23,787.74
67b5d761-e302-49aa-abb2-580efabd4eaf,37.2210707142765,-80.4226522338164,61,3388.69
ab1a571c-16bb-4448-8f67-f16233a2bd20,37.2172832025288,-80.4482647262014,7,828.87
da4e0dbe-a20d-4ca9-80cb-7614cd29577c,37.2312144352616,-80.4288129624565,87,4370.19
98e8b74d-b3ea-4ff9-993d-114d2f5de2cf,37.2275001673019,-80.4242191827194,17,944.39
a632e61e-c94b-4ceb-a95e-33c672af2314,37.2276696960983,-80.4185410341134,21,945.33
8edb0ac0-7024-48a5-a3bf-3ff8e8a7044f,37.2323324687992,-80.4233217178994,6,159.31
fd0937b3-48d6-4b86-9d74-e463b40d55f4,37.2253749151006,-80.440123777055,219,26261.23
67b5d761-e302-49aa-abb2-580efabd4eaf,37.2211067958559,-80.4228743418521,134,7115.28
916d6333-dc42-44dd-8071-6054f1ed29d8,37.2229454108837,-80.4502929356123,84,6691.33
25434fe2-1283-4de5-baa4-bb1845c06a9e,37.2460457531241,-80.4150651642719,37,2158.78
fd0937b3-48d6-4b86-9d74-e463b40d55f4,37.2326769062304,-80.42446957358,13,405.58
67b5d761-e302-49aa-abb2-580efabd4eaf,37.2230213590812,-80.4287001201402,120,6361.98
67b5d761-e302-49aa-abb2-580efabd4eaf,37.2323511297803,-80.423805358712,18,1102.61
da4e0dbe-a20d-4ca9-80cb-7614cd29577c,37.23224741067,-80.4329330432465,78,3918.5
8c645223-1d5a-4351-adb6-43949e7cf524,37.2276362245822,-80.4412009672952,46,2381.23
fd0937b3-48d6-4b86-9d74-e463b40d55f4,37.1918985226112,-80.4035307351124,199,21190.05
98e4504d-d61b-4182-95cb-038c39551a3a,37.2246419249639,-80.4469529064321,40,2902.59
7172a8d8-0bfc-4398-8da7-f0e7ecaa85d7,37.2443410776152,-80.426897869892,39,2750.32
2504249f-e511-4516-8a2e-2c1e088d018d,37.2155942697426,-80.4008091913611,34,3588.53
3f10aa8b-ace6-4ae9-ba94-ffaeea5f0ab2,37.20866514496,-80.3967295823532,31,3239.47
98e8b74d-b3ea-4ff9-993d-114d2f5de2cf,37.2265318142492,-80.4250069523,20,1075.58
e0c0f9c9-b199-40b3-87ab-7bd1f213e157,37.2215421654965,-80.4195125694847,65,3895.55
d5bba5d8-b131-4789-abec-efc493310641,37.23255,-80.409175,92,6047.56
50af930d-67fd-4314-80ca-dcff1602aa9f,37.2373100129349,-80.4068208968526,45,2997.74
4c65baab-ac20-473b-8a19-0b9cb7567806,37.2295905284201,-80.4377788383019,27,3284.21
ab1a571c-16bb-4448-8f67-f16233a2bd20,37.2312888941123,-80.4302682130698,24,3628.2
009b7c3f-c455-4799-b8cf-815505da3f7e,37.2442285564082,-80.4214877141409,46,2580.63
a26fa236-5b1f-44ff-93d3-aeaf75cc2973,37.2193411630709,-80.4029523322944,51,3146.76
a26fa236-5b1f-44ff-93d3-aeaf75cc2973,37.2209054643584,-80.4047456222522,48,2911.26
fd0937b3-48d6-4b86-9d74-e463b40d55f4,37.1683047809579,-80.4180265001024,164,16357.17
5ace41fb-b4a5-42d0-8d49-1628dcfd98a9,37.2079536912785,-80.4198664850944,52,3329.57
f06184b6-e86d-4b52-bd0b-2b5ea817c97e,37.2261976125108,-80.4291232569398,28,1751.23
641aaf72-1326-4d06-a82a-2f2d84091463,37.2310535606345,-80.4272551349602,1,74.46
8c645223-1d5a-4351-adb6-43949e7cf524,37.2275137693041,-80.4395112805496,239,28807.1
25434fe2-1283-4de5-baa4-bb1845c06a9e,37.2348659932713,-80.4209393164379,86,7215.42
fd0937b3-48d6-4b86-9d74-e463b40d55f4,37.1685169986469,-80.4185691442004,165,16410.69
1dc0fd3b-7e4c-4647-b4f4-48d87fcaa171,37.1889543696279,-80.4058475968985,4,833.13
8c645223-1d5a-4351-adb6-43949e7cf524,37.2314513939598,-80.4295855822356,21,936.59
6c8db17c-cc7e-4357-a5c5-21c8e98984ed,37.2384778999375,-80.4044771435545,76,5131.81
c36e7bd9-7191-4115-a8f8-5507f1f145cf,37.164751975838,-80.4161159780676,87,11453.86
af234ae3-0762-49b9-89ff-4665d5b32ac7,37.2397483786819,-80.4188510829344,37,1404.65
98e8b74d-b3ea-4ff9-993d-114d2f5de2cf,37.2242820651661,-80.4178000093375,33,2381.79
af234ae3-0762-49b9-89ff-4665d5b32ac7,37.2487338485347,-80.4170150107087,73,3229.47
c36e7bd9-7191-4115-a8f8-5507f1f145cf,37.1736699017958,-80.4168263458318,78,10425.33
67aab091-d5f3-411e-82ad-611d0f153f61,37.2325480027821,-80.4267120937838,13,1694.4
641aaf72-1326-4d06-a82a-2f2d84091463,37.2288096357286,-80.420040584241,66,4288.93
a43aa2ac-7c35-4c0b-a970-437b91e4ba35,37.2172079811816,-80.4486531286629,43,4541.5
67b5d761-e302-49aa-abb2-580efabd4eaf,37.2254958937183,-80.416140469704,54,2629.49
3c2c524f-a466-48b1-81e4-f3ac7f35d571,37.2314713551518,-80.430323734679,12,865.92
25434fe2-1283-4de5-baa4-bb1845c06a9e,37.232405001939,-80.4233458188669,6,145.38
af234ae3-0762-49b9-89ff-4665d5b32ac7,37.2336600147467,-80.4235357409969,17,446.57
98e8b74d-b3ea-4ff9-993d-114d2f5de2cf,37.2268951773519,-80.4245434777581,19,1018.03
9231ca1f-b1ee-4245-85f9-3186ecc00751,37.1952311780679,-80.4039940496894,146,9827.1
0838e7d7-57d5-427d-b770-e402eac1f11e,37.2305142196992,-80.4285952080815,8,432.79
6add60f2-c611-432d-b7dc-83ccf50cad6e,37.2438103490764,-80.428044078086,38,3453.92
78bec10c-1fb8-41d6-af99-dd82e113d469,37.2430969906707,-80.4220795649941,43,2437.99
d9e3b73a-4dff-41e8-8980-71d8aa98e45f,37.2233923641661,-80.4315102083533,27,2452.97
7a7f8de7-b6e6-4d4f-b306-26500b9c1da1,37.2162391947265,-80.4535567309353,1,62.2
f8939f8a-f65e-4d6f-8519-2c2840e3e6a5,37.1613731364464,-80.4272458463104,130,14333.68
c1bea031-37b2-475c-8beb-85fbb71be7a0,37.2259937482474,-80.4227543322982,103,4656.17
b6d71f6b-4e43-42bc-a74d-ef5ff8fbb8a6,37.210097,-80.401928,54,4960.22
6e506adb-c6e8-48e0-b606-2bd650720397,37.2357912476642,-80.4210139680366,66,7065.61
b8c51a51-84af-4a44-9a35-9f53382c3b05,37.2369095817671,-80.4210424895468,34,3952.56
8909fd06-51cb-4b38-b873-c3b148b909b0,37.2314025827324,-80.4303216688872,8,907.83
3c2c524f-a466-48b1-81e4-f3ac7f35d571,37.2312982741014,-80.4348769348942,75,7536.61
50af930d-67fd-4314-80ca-dcff1602aa9f,37.2415021766735,-80.398439138022,57,3895.64
99f7a61c-9121-44a6-ac7a-8cd83a2bec8a,37.1935926332144,-80.401037023699,62,6376.76
bccd5bab-2cf0-4b7a-bbac-6523feb55222,37.2224139481917,-80.4234696707954,137,7271.51
99f7a61c-9121-44a6-ac7a-8cd83a2bec8a,37.1937601942416,-80.3988337370309,64,6572.71
0aa35e38-de23-44ce-b140-77621ff93358,37.2327479119536,-80.424599296726,12,271.31
916d6333-dc42-44dd-8071-6054f1ed29d8,37.2322330730959,-80.4233997471089,4,69.94
f8939f8a-f65e-4d6f-8519-2c2840e3e6a5,37.2316730312163,-80.4335844243783,23,1318.07
3c2c524f-a466-48b1-81e4-f3ac7f35d571,37.2189021937871,-80.44810362502,57,5302.89
8edb0ac0-7024-48a5-a3bf-3ff8e8a7044f,37.2327951531006,-80.4246764896373,150,9722.94
9231ca1f-b1ee-4245-85f9-3186ecc00751,37.1966620542877,-80.3941559633458,117,8531.51
c36e7bd9-7191-4115-a8f8-5507f1f145cf,37.2320725969226,-80.4241256759511,264,30526.74
d5bba5d8-b131-4789-abec-efc493310641,37.235422435989,-80.4086371348543,87,5650.31
6add60f2-c611-432d-b7dc-83ccf50cad6e,37.2387011920666,-80.4356577039229,56,4470.11
0aa35e38-de23-44ce-b140-77621ff93358,37.2516251991925,-80.4113023937894,41,2868.03
78bec10c-1fb8-41d6-af99-dd82e113d469,37.2349220044034,-80.4206784621883,21,1459.45
c36e7bd9-7191-4115-a8f8-5507f1f145cf,37.1652978459178,-80.4179364691935,91,11735.66
d9e3b73a-4dff-41e8-8980-71d8aa98e45f,37.226754,-80.425753,5,652.25
6e506adb-c6e8-48e0-b606-2bd650720397,37.2531254442409,-80.4109251744106,44,3038.9
67b5d761-e302-49aa-abb2-580efabd4eaf,37.2244216900576,-80.4244545900031,140,7511.17
009b7c3f-c455-4799-b8cf-815505da3f7e,37.2350076927448,-80.4205254148334,26,1478.63
7a7f8de7-b6e6-4d4f-b306-26500b9c1da1,37.2315610290196,-80.4337148077674,49,4727.99
c9430839-4a0c-471d-83b5-6785322fce8a,37.2153594456687,-80.4447561974312,53,5012.17
f8939f8a-f65e-4d6f-8519-2c2840e3e6a5,37.2275836290175,-80.441087612603,46,2410.95
f83a250c-9d24-4fcf-a339-5447d451fdf5,37.2078318352696,-80.3940290303815,28,2411.56
f0de71e0-107d-4bcb-a8d2-8dfcf6d66e3a,37.2357537475921,-80.4210291154284,43,3627.49
c1bea031-37b2-475c-8beb-85fbb71be7a0,37.2246916103973,-80.4341290289446,50,2302.25
99f7a61c-9121-44a6-ac7a-8cd83a2bec8a,37.2329330395109,-80.4177063023708,120,13173.82
e570e646-82c5-4744-98dc-764a6d346163,37.239633444272,-80.422467247688,42,4091.35
8c645223-1d5a-4351-adb6-43949e7cf524,37.167082,-80.421249,100,12537.45
7172a8d8-0bfc-4398-8da7-f0e7ecaa85d7,37.239648825944,-80.4354843835987,56,3776.55
c36e7bd9-7191-4115-a8f8-5507f1f145cf,37.2334128381972,-80.4250756184239,15,479.41
916d6333-dc42-44dd-8071-6054f1ed29d8,37.2320883060681,-80.4238275697629,119,9486.03
e570e646-82c5-4744-98dc-764a6d346163,37.2344413724968,-80.4214323686374,53,4730.5
c36e7bd9-7191-4115-a8f8-5507f1f145cf,37.1994681763145,-80.41159412201,226,24645.07
e708f6e7-1846-4ab0-b148-b3f768db6cb4,37.2394243156027,-80.4269086582976,25,1728.94
3f10aa8b-ace6-4ae9-ba94-ffaeea5f0ab2,37.1959498134826,-80.4002384214091,17,1366.61
98e8b74d-b3ea-4ff9-993d-114d2f5de2cf,37.2314612407363,-80.4220442725446,8,347.22
7172a8d8-0bfc-4398-8da7-f0e7ecaa85d7,37.2428248348053,-80.4221675377204,29,1882.72
c1bea031-37b2-475c-8beb-85fbb71be7a0,37.2260959450263,-80.4291146290886,78,3815.77
f06184b6-e86d-4b52-bd0b-2b5ea817c97e,37.2080077489143,-80.4215276147683,66,4167.36
e708f6e7-1846-4ab0-b148-b3f768db6cb4,37.2332308999985,-80.4328340020592,86,5123.72
67b5d761-e302-49aa-abb2-580efabd4eaf,37.2244067360079,-80.433645036981,104,5707.79
c9430839-4a0c-471d-83b5-6785322fce8a,37.2266955257861,-80.4406241436305,84,7705.41
d9e3b73a-4dff-41e8-8980-71d8aa98e45f,37.2223336829146,-80.4234779133486,74,5173.18
0aa35e38-de23-44ce-b140-77621ff93358,37.2322085860822,-80.4236866083974,86,7767.21
b6d71f6b-4e43-42bc-a74d-ef5ff8fbb8a6,37.2329540376888,-80.417693342758,110,10223.82
78bec10c-1fb8-41d6-af99-dd82e113d469,37.2325480027821,-80.4267120937838,80,4806.73
67b5d761-e302-49aa-abb2-580efabd4eaf,37.2247650683046,-80.4171958821911,55,2753.25
a26fa236-5b1f-44ff-93d3-aeaf75cc2973,37.2126602955258,-80.3935498233765,89,5257.1
0838e7d7-57d5-427d-b770-e402eac1f11e,37.2310628256599,-80.4272863745898,1,11.95
fd0937b3-48d6-4b86-9d74-e463b40d55f4,37.1671323573416,-80.4293216031162,114,12379.73
0a3f36d7-c307-4463-b6c5-99406a7cffaf,37.2315902802415,-80.4333514458172,89,7191.32
8734192f-6a21-49a5-abcc-f16c770661f5,37.2235216040272,-80.4313779292208,30,2444.35
312be01d-4ee2-41b0-87d1-4ac8e4899530,37.2248603239572,-80.4363565407012,4,228.56
f83a250c-9d24-4fcf-a339-5447d451fdf5,37.2093424260975,-80.395882928549,33,2670.57
6e506adb-c6e8-48e0-b606-2bd650720397,37.2330204119794,-80.4248096428641,13,306.85
67b5d761-e302-49aa-abb2-580efabd4eaf,37.2277633902427,-80.4189576817489,46,2207.77
6add60f2-c611-432d-b7dc-83ccf50cad6e,37.2332843622292,-80.4249717940274,10,1008.13
99f7a61c-9121-44a6-ac7a-8cd83a2bec8a,37.2093315483842,-80.3988329719526,85,8741.24
f8939f8a-f65e-4d6f-8519-2c2840e3e6a5,37.1627403498385,-80.4271897285508,136,14710.38
2504249f-e511-4516-8a2e-2c1e088d018d,37.2315697349877,-80.425079891577,99,9957.59
7d6b5437-cda5-4b9f-822a-b8f311b72480,37.2225622056543,-80.4202772868298,20,1812.45
78bec10c-1fb8-41d6-af99-dd82e113d469,37.2413543698006,-80.4273494954386,64,3706.85
c1bea031-37b2-475c-8beb-85fbb71be7a0,37.2275813165956,-80.4280789940448,28,1443.25
86a57bd8-fef0-4b5e-b079-990c8f500901,37.24095,-80.416242,28,1822.23
99f7a61c-9121-44a6-ac7a-8cd83a2bec8a,37.1959299339573,-80.4002205954664,73,7126.96
b6d71f6b-4e43-42bc-a74d-ef5ff8fbb8a6,37.2089303900604,-80.3949248472731,73,6065.63
b8c51a51-84af-4a44-9a35-9f53382c3b05,37.2509459040315,-80.4123616007174,25,2187.46
e93f9bcf-465f-43b3-90d0-216bddda2c87,37.2315278302527,-80.4252192005776,84,4975.32
8c645223-1d5a-4351-adb6-43949e7cf524,37.1666778425382,-80.4252548769268,108,13014.38
f0de71e0-107d-4bcb-a8d2-8dfcf6d66e3a,37.2321857517567,-80.4243019587334,56,4397.58
a43aa2ac-7c35-4c0b-a970-437b91e4ba35,37.2141921264761,-80.4527260419487,37,4047.15
b8c51a51-84af-4a44-9a35-9f53382c3b05,37.2401609861947,-80.4192990314543,32,3559.3
99f7a61c-9121-44a6-ac7a-8cd83a2bec8a,37.2327704428413,-80.424701051693,136,14102.07
9231ca1f-b1ee-4245-85f9-3186ecc00751,37.204997108092,-80.4058118553161,88,6135.36
a26fa236-5b1f-44ff-93d3-aeaf75cc2973,37.2130384870194,-80.3941130873032,91,5343.72
f8939f8a-f65e-4d6f-8519-2c2840e3e6a5,37.1751016472101,-80.418948434723,169,18065.03
fd0937b3-48d6-4b86-9d74-e463b40d55f4,37.2185672428303,-80.4369353988431,213,25444.1
7e6c10eb-0e83-4bba-bc4f-756b56fc4ea7,37.2333478439874,-80.4250346065905,105,5409.83
7e6c10eb-0e83-4bba-bc4f-756b56fc4ea7,37.2332740423154,-80.4249633028149,17,474.34
5ace41fb-b4a5-42d0-8d49-1628dcfd98a9,37.2050636183914,-80.4091576475332,7,601.84
0838e7d7-57d5-427d-b770-e402eac1f11e,37.2339872137998,-80.4225589682929,89,4846.92
fd0937b3-48d6-4b86-9d74-e463b40d55f4,37.1658879822786,-80.4245905975999,132,13654.06
a26fa236-5b1f-44ff-93d3-aeaf75cc2973,37.2307996293567,-80.4155389107822,35,1454.58
af234ae3-0762-49b9-89ff-4665d5b32ac7,37.2347063582093,-80.4209435508979,20,706.86
e0c0f9c9-b199-40b3-87ab-7bd1f213e157,37.232508446429,-80.4236523645319,91,5643.14
009b7c3f-c455-4799-b8cf-815505da3f7e,37.2453961974683,-80.4239541008584,52,2991.64
5ace41fb-b4a5-42d0-8d49-1628dcfd98a9,37.2045891769755,-80.4161331511078,23,2069.14
3f10aa8b-ace6-4ae9-ba94-ffaeea5f0ab2,37.2343776083608,-80.4215010296336,74,7925.53
9231ca1f-b1ee-4245-85f9-3186ecc00751,37.2090410083862,-80.4166259134946,53,3836.22
0a3f36d7-c307-4463-b6c5-99406a7cffaf,37.2314727353156,-80.4288149097453,94,7596.29
25434fe2-1283-4de5-baa4-bb1845c06a9e,37.2329216180845,-80.4247469380588,15,292.4
98e4504d-d61b-4182-95cb-038c39551a3a,37.2258633028262,-80.4429145461374,45,3288.01
f8939f8a-f65e-4d6f-8519-2c2840e3e6a5,37.2088580472025,-80.4266241823642,65,4915.91
a5d067da-d551-4428-93e8-ae0cd08d0e96,37.223957716799,-80.4399220012146,78,6507.58
e0c0f9c9-b199-40b3-87ab-7bd1f213e157,37.2174350342705,-80.4175098137295,50,3135.48
9231ca1f-b1ee-4245-85f9-3186ecc00751,37.1940332872117,-80.3956247108666,110,8095.55
a5d067da-d551-4428-93e8-ae0cd08d0e96,37.2047080955285,-80.4171818979399,26,2163.47
c1bea031-37b2-475c-8beb-85fbb71be7a0,37.2279209960439,-80.4271751169371,24,1350.85
2504249f-e511-4516-8a2e-2c1e088d018d,37.232469563099,-80.4237072938948,8,204.63
6c8db17c-cc7e-4357-a5c5-21c8e98984ed,37.2321939195702,-80.424357351818,114,8215.98
0838e7d7-57d5-427d-b770-e402eac1f11e,37.2315048954655,-80.4293153762146,13,597.57
8edb0ac0-7024-48a5-a3bf-3ff8e8a7044f,37.2114707357568,-80.393687957149,85,5090.13
e93f9bcf-465f-43b3-90d0-216bddda2c87,37.2373236350908,-80.4268281734528,19,763.43
c9430839-4a0c-471d-83b5-6785322fce8a,37.2210376351513,-80.4481074748879,72,6451.5
641aaf72-1326-4d06-a82a-2f2d84091463,37.2295789182391,-80.4212777047493,60,4141.23
fd0937b3-48d6-4b86-9d74-e463b40d55f4,37.1897020997856,-80.4056451238332,86,7952.18
f662dd49-53b2-49fa-8046-c83dde4f3bb4,37.2302836190779,-80.4285421628147,30,2156.68
c1bea031-37b2-475c-8beb-85fbb71be7a0,37.2266492348247,-80.4249326131921,16,1044.63
6e506adb-c6e8-48e0-b606-2bd650720397,37.2333156192292,-80.4249700763594,14,342.59
8c645223-1d5a-4351-adb6-43949e7cf524,37.1685195528027,-80.4185050605693,97,12141.75
c1bea031-37b2-475c-8beb-85fbb71be7a0,37.2263880669199,-80.4254887826424,17,1101.76
fd0937b3-48d6-4b86-9d74-e463b40d55f4,37.2313564123332,-80.4304184745177,235,27506.47
8edb0ac0-7024-48a5-a3bf-3ff8e8a7044f,37.2349098396814,-80.4207868686735,25,790.64
98e4504d-d61b-4182-95cb-038c39551a3a,37.2316128852949,-80.4334643955884,59,4367.86
0aa35e38-de23-44ce-b140-77621ff93358,37.2351321661354,-80.4204947469063,24,802.78
d9e3b73a-4dff-41e8-8980-71d8aa98e45f,37.2248121883916,-80.435415120794,45,3463.45
b6d71f6b-4e43-42bc-a74d-ef5ff8fbb8a6,37.234143102602,-80.4217596761608,19,666.73
8edb0ac0-7024-48a5-a3bf-3ff8e8a7044f,37.2099539464685,-80.3956607219971,79,4817.1
7172a8d8-0bfc-4398-8da7-f0e7ecaa85d7,37.2454365803194,-80.4239672847117,37,2463.85
e7b18590-2011-4d0c-8718-c9514a7b5808,37.194073047257,-80.3956211456778,11,455.85
9231ca1f-b1ee-4245-85f9-3186ecc00751,37.2114332204286,-80.4242252481952,36,2820.4
8909fd06-51cb-4b38-b873-c3b148b909b0,37.2267089406449,-80.440590741357,42,6292.66
0838e7d7-57d5-427d-b770-e402eac1f11e,37.2314530549623,-80.4296154511895,14,624.74
6add60f2-c611-432d-b7dc-83ccf50cad6e,37.2431348709852,-80.4291724603361,41,3580.5
7d6b5437-cda5-4b9f-822a-b8f311b72480,37.2211219969295,-80.4195410909949,24,1991.92
7d6b5437-cda5-4b9f-822a-b8f311b72480,37.2276912031242,-80.4178633970183,75,4853.82
7d6b5437-cda5-4b9f-822a-b8f311b72480,37.2163858543732,-80.4171243380667,43,2747.6
fd0937b3-48d6-4b86-9d74-e463b40d55f4,37.1649561080841,-80.4287369121556,121,12902.05
c1bea031-37b2-475c-8beb-85fbb71be7a0,37.2319805426005,-80.4225439861601,121,5562.04
e570e646-82c5-4744-98dc-764a6d346163,37.234671289294,-80.4211043712697,52,4691.84
78bec10c-1fb8-41d6-af99-dd82e113d469,37.2417271579585,-80.4274981535611,63,3663.39
6add60f2-c611-432d-b7dc-83ccf50cad6e,37.2423738087639,-80.4222440971282,25,2417.66
25434fe2-1283-4de5-baa4-bb1845c06a9e,37.23806349862,-80.420485,32,1149.38
e0c0f9c9-b199-40b3-87ab-7bd1f213e157,37.217332825756,-80.4191248442486,47,2989.88
8c645223-1d5a-4351-adb6-43949e7cf524,37.2228109614137,-80.4398008527532,53,2941.34
67b5d761-e302-49aa-abb2-580efabd4eaf,37.2263368801079,-80.437413331116,98,5232.74
009b7c3f-c455-4799-b8cf-815505da3f7e,37.2424435717739,-80.4278861081992,59,3586.58
5ace41fb-b4a5-42d0-8d49-1628dcfd98a9,37.20188854348,-80.4098241275444,11,1017.66
7a7f8de7-b6e6-4d4f-b306-26500b9c1da1,37.2172418128412,-80.4474443497742,24,2152.96
8c645223-1d5a-4351-adb6-43949e7cf524,37.2316075165714,-80.4288975008003,19,873.25
f8939f8a-f65e-4d6f-8519-2c2840e3e6a5,37.1865350815832,-80.4110465958664,181,20061.43
7d6b5437-cda5-4b9f-822a-b8f311b72480,37.22024758457,-80.4196302207145,63,3756.23
8734192f-6a21-49a5-abcc-f16c770661f5,37.2246346191829,-80.430309252062,26,2288.05
e7b18590-2011-4d0c-8718-c9514a7b5808,37.1961073278783,-80.4039614441039,29,1375.59
9231ca1f-b1ee-4245-85f9-3186ecc00751,37.2083668895057,-80.4165339781316,59,4028.4
f06184b6-e86d-4b52-bd0b-2b5ea817c97e,37.209186,-80.417078,81,4793.92
fd0937b3-48d6-4b86-9d74-e463b40d55f4,37.1642142334112,-80.4291373747073,118,12808.53
2674478c-5212-4ba0-993a-819fef810e02,37.2352266166776,-80.4205254825376,44,3291.78
8734192f-6a21-49a5-abcc-f16c770661f5,37.2206271998859,-80.4245339566583,13,1503.52
98e4504d-d61b-4182-95cb-038c39551a3a,37.231678172832,-80.4334679607772,13,1134.94
641aaf72-1326-4d06-a82a-2f2d84091463,37.2208403423747,-80.4226863405004,13,1412.05
7e6c10eb-0e83-4bba-bc4f-756b56fc4ea7,37.2348046974845,-80.4209795896622,96,5004.66
916d6333-dc42-44dd-8071-6054f1ed29d8,37.2196031939747,-80.4481220512463,77,6237.24
916d6333-dc42-44dd-8071-6054f1ed29d8,37.2185104953218,-80.4537955985839,43,3526.66
7172a8d8-0bfc-4398-8da7-f0e7ecaa85d7,37.238024606587,-80.4266053692463,19,987.2
8c645223-1d5a-4351-adb6-43949e7cf524,37.2089468187829,-80.4264346994205,229,26327.82
8734192f-6a21-49a5-abcc-f16c770661f5,37.2241191188739,-80.4292801827695,21,2171.12
fd0937b3-48d6-4b86-9d74-e463b40d55f4,37.1652316940271,-80.4288082159313,122,12933.32
da4e0dbe-a20d-4ca9-80cb-7614cd29577c,37.2303427088874,-80.4263980522096,95,4777.37
0838e7d7-57d5-427d-b770-e402eac1f11e,37.2389762458277,-80.4356591082195,24,1778.19
99f7a61c-9121-44a6-ac7a-8cd83a2bec8a,37.193635,-80.4002700984639,63,6444.81
98e4504d-d61b-4182-95cb-038c39551a3a,37.2313034783722,-80.4348369932704,56,4241.03
fd0937b3-48d6-4b86-9d74-e463b40d55f4,37.1914740284623,-80.4035141447154,198,21142.86
641aaf72-1326-4d06-a82a-2f2d84091463,37.2247650683046,-80.4171958821911,82,5014.16
009b7c3f-c455-4799-b8cf-815505da3f7e,37.2347502686485,-80.4208970601396,23,1432.39
fd0937b3-48d6-4b86-9d74-e463b40d55f4,37.2275836290175,-80.441087612603,55,2408.36
a26fa236-5b1f-44ff-93d3-aeaf75cc2973,37.2344216220056,-80.4214571241646,141,9307.67
7e6c10eb-0e83-4bba-bc4f-756b56fc4ea7,37.2379962248759,-80.4352084175547,33,1988.57
8c645223-1d5a-4351-adb6-43949e7cf524,37.2314372009791,-80.4304234015998,23,1010.81
86a57bd8-fef0-4b5e-b079-990c8f500901,37.2350369998743,-80.4205940814039,16,756.61
a26fa236-5b1f-44ff-93d3-aeaf75cc2973,37.2107355064286,-80.395522478871,83,4908.37
0838e7d7-57d5-427d-b770-e402eac1f11e,37.2309717459363,-80.4286692829401,9,484.05
d9e3b73a-4dff-41e8-8980-71d8aa98e45f,37.2217938171562,-80.4276875025123,65,4448.93
25434fe2-1283-4de5-baa4-bb1845c06a9e,37.2357912476642,-80.4210139680366,82,7111.09
c36e7bd9-7191-4115-a8f8-5507f1f145cf,37.231701189983,-80.4335215506537,26,1286.84
8edb0ac0-7024-48a5-a3bf-3ff8e8a7044f,37.2321933790983,-80.42364258489,2,121.9
1624ad03-0ebf-4743-8abc-42f34060e035,37.2322811356063,-80.4233701187944,4,74.31
ab1a571c-16bb-4448-8f67-f16233a2bd20,37.2249148142852,-80.4463606386196,13,1942.37
af234ae3-0762-49b9-89ff-4665d5b32ac7,37.2364473827136,-80.4211506297002,101,4994.57
e93f9bcf-465f-43b3-90d0-216bddda2c87,37.2402629101433,-80.4271351055583,24,1098.39
8edb0ac0-7024-48a5-a3bf-3ff8e8a7044f,37.2195780744734,-80.4032171503801,50,3111.52
af234ae3-0762-49b9-89ff-4665d5b32ac7,37.2339637349965,-80.4226551393672,112,5361.19
e570e646-82c5-4744-98dc-764a6d346163,37.2428179359228,-80.4221927281509,40,3736.63
50af930d-67fd-4314-80ca-dcff1602aa9f,37.2339947176889,-80.4225683357107,120,7742.57
50af930d-67fd-4314-80ca-dcff1602aa9f,37.2406393536326,-80.400136167883,50,3695.3
9231ca1f-b1ee-4245-85f9-3186ecc00751,37.230849,-80.426966,0,0
b6d71f6b-4e43-42bc-a74d-ef5ff8fbb8a6,37.2329057825052,-80.4177361250235,28,1146.48
f06184b6-e86d-4b52-bd0b-2b5ea817c97e,37.2286404218112,-80.4226424385977,15,821.21
b6d71f6b-4e43-42bc-a74d-ef5ff8fbb8a6,37.2336044806474,-80.4235512046085,18,497.31
e0c0f9c9-b199-40b3-87ab-7bd1f213e157,37.2304504054288,-80.4209758068264,84,5304.67
99f7a61c-9121-44a6-ac7a-8cd83a2bec8a,37.1989253981304,-80.4017621621347,52,5568.28
641aaf72-1326-4d06-a82a-2f2d84091463,37.2276968589484,-80.4186644213695,26,2604.54
a632e61e-c94b-4ceb-a95e-33c672af2314,37.2315378200734,-80.4244655480975,2,70.28
50af930d-67fd-4314-80ca-dcff1602aa9f,37.2318126101382,-80.4102640098491,36,2209.88
bccd5bab-2cf0-4b7a-bbac-6523feb55222,37.2247587539593,-80.4346468550293,102,5610.11
bccd5bab-2cf0-4b7a-bbac-6523feb55222,37.230711,-80.42681,153,8354.81
f8939f8a-f65e-4d6f-8519-2c2840e3e6a5,37.2328046408604,-80.424651398208,14,433.06
99f7a61c-9121-44a6-ac7a-8cd83a2bec8a,37.2324752334568,-80.4236992336447,8,207.4
312be01d-4ee2-41b0-87d1-4ac8e4899530,37.2234932150779,-80.4313494077106,17,736.4
0aa35e38-de23-44ce-b140-77621ff93358,37.2320245536645,-80.4239819876992,87,7800.39
9231ca1f-b1ee-4245-85f9-3186ecc00751,37.2092889154732,-80.4166877275445,54,3864.31
99f7a61c-9121-44a6-ac7a-8cd83a2bec8a,37.2307329046174,-80.4155079472881,24,1452.47
3c2c524f-a466-48b1-81e4-f3ac7f35d571,37.2141073473756,-80.4442838099172,42,4245.23
2674478c-5212-4ba0-993a-819fef810e02,37.2339947176889,-80.4225683357107,56,3551.54
99f7a61c-9121-44a6-ac7a-8cd83a2bec8a,37.2343776083608,-80.4215010296336,130,13688
af234ae3-0762-49b9-89ff-4665d5b32ac7,37.2369969713864,-80.4210255502393,33,998.01
8734192f-6a21-49a5-abcc-f16c770661f5,37.2245871652727,-80.4339010123644,38,2727.45
98e8b74d-b3ea-4ff9-993d-114d2f5de2cf,37.2276943046192,-80.4180317466085,39,2932.42
3f10aa8b-ace6-4ae9-ba94-ffaeea5f0ab2,37.215795852159,-80.4008377128714,49,4970.36
8909fd06-51cb-4b38-b873-c3b148b909b0,37.2305115927048,-80.4361416308685,12,1463.59
99f7a61c-9121-44a6-ac7a-8cd83a2bec8a,37.1999986900878,-80.4003511809153,42,5362.36
a26fa236-5b1f-44ff-93d3-aeaf75cc2973,37.232928564611,-80.4247834453006,149,9705.35
7e6c10eb-0e83-4bba-bc4f-756b56fc4ea7,37.2427379283472,-80.4305951309392,58,2827.8
50af930d-67fd-4314-80ca-dcff1602aa9f,37.2313747365527,-80.4159905624046,30,1489.69
7a7f8de7-b6e6-4d4f-b306-26500b9c1da1,37.231314071133,-80.430488311918,51,5015.18
8edb0ac0-7024-48a5-a3bf-3ff8e8a7044f,37.2088416191348,-80.3963638634241,72,4659.03
edb1129b-9c6e-4d99-8a37-9ca86e8d6c3d,37.2326783214203,-80.4245774295543,40,2363.05
bccd5bab-2cf0-4b7a-bbac-6523feb55222,37.2232882164511,-80.4319408767424,106,5904.55
7d6b5437-cda5-4b9f-822a-b8f311b72480,37.2275160152542,-80.4176100166897,16,1028.41
e0c0f9c9-b199-40b3-87ab-7bd1f213e157,37.2292728437454,-80.4206194235754,8,659.18
bccd5bab-2cf0-4b7a-bbac-6523feb55222,37.2321543928062,-80.4230785993244,29,1515.15
1624ad03-0ebf-4743-8abc-42f34060e035,37.2365323673204,-80.4211439717471,56,4014.4
7a7f8de7-b6e6-4d4f-b306-26500b9c1da1,37.2304113905967,-80.4362674829366,46,4464.89
50af930d-67fd-4314-80ca-dcff1602aa9f,37.231247,-80.411105,35,2112.48
7d6b5437-cda5-4b9f-822a-b8f311b72480,37.2178940022431,-80.4193557011783,32,2357.02
9231ca1f-b1ee-4245-85f9-3186ecc00751,37.2048282367512,-80.4099224397505,79,5719.24
f06184b6-e86d-4b52-bd0b-2b5ea817c97e,37.2322227782582,-80.423216433992,4,276.12
1624ad03-0ebf-4743-8abc-42f34060e035,37.2467374961594,-80.4158036376252,43,2697.48
a26fa236-5b1f-44ff-93d3-aeaf75cc2973,37.2333401518258,-80.4250044870042,16,368.5
c1bea031-37b2-475c-8beb-85fbb71be7a0,37.2271093889189,-80.4209360860186,106,4860.74
e93f9bcf-465f-43b3-90d0-216bddda2c87,37.231916,-80.42403,0,0
a43aa2ac-7c35-4c0b-a970-437b91e4ba35,37.2158250732931,-80.4451661941414,47,4904.01
67b5d761-e302-49aa-abb2-580efabd4eaf,37.23213510484,-80.4243673859716,22,1188.02
67b5d761-e302-49aa-abb2-580efabd4eaf,37.2269278067281,-80.4257940801256,146,7816.44
bccd5bab-2cf0-4b7a-bbac-6523feb55222,37.2262718446694,-80.437588135776,99,5249.81
fd0937b3-48d6-4b86-9d74-e463b40d55f4,37.2331251033796,-80.4252867631415,243,28010.47
9231ca1f-b1ee-4245-85f9-3186ecc00751,37.2013127327059,-80.411539252864,71,5132.78
f8939f8a-f65e-4d6f-8519-2c2840e3e6a5,37.1638839345696,-80.4214015824967,146,15595.06
2674478c-5212-4ba0-993a-819fef810e02,37.2320701900423,-80.4238339777288,66,3989.05
f06184b6-e86d-4b52-bd0b-2b5ea817c97e,37.2163619180591,-80.4241392168736,46,3053.57
b6d71f6b-4e43-42bc-a74d-ef5ff8fbb8a6,37.2322131752903,-80.4167396547584,109,10105.94
fd0937b3-48d6-4b86-9d74-e463b40d55f4,37.2314586018443,-80.4293988305254,22,941.89
6add60f2-c611-432d-b7dc-83ccf50cad6e,37.2442285564082,-80.4214877141409,29,2635.81
67b5d761-e302-49aa-abb2-580efabd4eaf,37.2321698231757,-80.4237181475854,20,1125.06
9231ca1f-b1ee-4245-85f9-3186ecc00751,37.209083,-80.417141,57,3925.67
8c645223-1d5a-4351-adb6-43949e7cf524,37.213762042525,-80.4324552954242,232,27083.92
7172a8d8-0bfc-4398-8da7-f0e7ecaa85d7,37.2313095091704,-80.430445906076,65,4957.41
d5bba5d8-b131-4789-abec-efc493310641,37.2322131752903,-80.4167396547584,101,7005.71
a26fa236-5b1f-44ff-93d3-aeaf75cc2973,37.2345379997618,-80.4211469527406,23,737.97
916d6333-dc42-44dd-8071-6054f1ed29d8,37.2266553846798,-80.4410037012275,30,1996.08
ab1a571c-16bb-4448-8f67-f16233a2bd20,37.2314196664941,-80.4344079157357,21,3258.92
8edb0ac0-7024-48a5-a3bf-3ff8e8a7044f,37.211893,-80.398048,93,5714.48
f06184b6-e86d-4b52-bd0b-2b5ea817c97e,37.1940665538431,-80.40285204989,163,10536.33
98e8b74d-b3ea-4ff9-993d-114d2f5de2cf,37.220935205778,-80.422613981421,30,1812.37
67b5d761-e302-49aa-abb2-580efabd4eaf,37.231327,-80.425043,24,1303.4
9231ca1f-b1ee-4245-85f9-3186ecc00751,37.2019086600488,-80.4098174220215,76,5392.44
641aaf72-1326-4d06-a82a-2f2d84091463,37.221048243311,-80.4226431720503,85,5649.4
ab1a571c-16bb-4448-8f67-f16233a2bd20,37.2253243461444,-80.445132729121,14,2060.16
641aaf72-1326-4d06-a82a-2f2d84091463,37.2320669378995,-80.423893161937,43,3382.77
f8939f8a-f65e-4d6f-8519-2c2840e3e6a5,37.1968286041484,-80.4066572960002,194,21812.1
a5d067da-d551-4428-93e8-ae0cd08d0e96,37.2323614786097,-80.4237762216496,94,8573.56
af234ae3-0762-49b9-89ff-4665d5b32ac7,37.2435016777218,-80.4218699289483,89,4158.62
57b3d106-fd5e-4b7b-85f7-bfb555af392b,37.2285349505267,-80.4197657358507,28,2740.46
e7b18590-2011-4d0c-8718-c9514a7b5808,37.1966112453742,-80.3943816262186,3,26.33
d9e3b73a-4dff-41e8-8980-71d8aa98e45f,37.2246324264392,-80.4247483688942,7,904.2
af234ae3-0762-49b9-89ff-4665d5b32ac7,37.249051,-80.416995,72,3194.18
a43aa2ac-7c35-4c0b-a970-437b91e4ba35,37.2167956696972,-80.4492392873181,42,4472.29
bccd5bab-2cf0-4b7a-bbac-6523feb55222,37.2263368801079,-80.437413331116,98,5232.74
c1bea031-37b2-475c-8beb-85fbb71be7a0,37.2277424295939,-80.4278917693358,27,1418.86
0aa35e38-de23-44ce-b140-77621ff93358,37.2339542848046,-80.4226919207265,76,7358.53
a5d067da-d551-4428-93e8-ae0cd08d0e96,37.2315314737814,-80.4330766757375,84,7668.71
916d6333-dc42-44dd-8071-6054f1ed29d8,37.2249890045065,-80.4464940919546,35,2519.14
67b5d761-e302-49aa-abb2-580efabd4eaf,37.2315063144372,-80.4250941453592,23,1282.97
25434fe2-1283-4de5-baa4-bb1845c06a9e,37.2350022395795,-80.4209500120042,85,7200.25
8734192f-6a21-49a5-abcc-f16c770661f5,37.223921887074,-80.43287530851,36,2610.23
da4e0dbe-a20d-4ca9-80cb-7614cd29577c,37.2369167069932,-80.4346550294303,67,3367.1
a5d067da-d551-4428-93e8-ae0cd08d0e96,37.2129855458907,-80.4250774076571,65,4211.2
0aa35e38-de23-44ce-b140-77621ff93358,37.2354444834405,-80.4208023706712,27,848.13
4c65baab-ac20-473b-8a19-0b9cb7567806,37.2171760205347,-80.4472337189567,11,1094
f06184b6-e86d-4b52-bd0b-2b5ea817c97e,37.2013127327059,-80.411539252864,96,6013.76
67b5d761-e302-49aa-abb2-580efabd4eaf,37.2276755945941,-80.4186695923728,47,2235.06
fd0937b3-48d6-4b86-9d74-e463b40d55f4,37.1619353580313,-80.4266766518923,137,14235.09
c9430839-4a0c-471d-83b5-6785322fce8a,37.2313283942582,-80.4303117533144,96,8840.94
da4e0dbe-a20d-4ca9-80cb-7614cd29577c,37.2427068004245,-80.4308581033765,46,2421.82
8edb0ac0-7024-48a5-a3bf-3ff8e8a7044f,37.2258110844849,-80.410132622504,115,7757.34
57b3d106-fd5e-4b7b-85f7-bfb555af392b,37.2278116239076,-80.4190011631222,27,2635.41
1624ad03-0ebf-4743-8abc-42f34060e035,37.2408735156487,-80.4272417353524,25,1166.89
50af930d-67fd-4314-80ca-dcff1602aa9f,37.2296990293085,-80.414330238958,32,1727.42
d5bba5d8-b131-4789-abec-efc493310641,37.2339302142817,-80.4190482448964,104,7285.24
bccd5bab-2cf0-4b7a-bbac-6523feb55222,37.2230071645136,-80.428589599285,75,4096.64
8909fd06-51cb-4b38-b873-c3b148b909b0,37.2249148142852,-80.4463606386196,39,5741.5
f662dd49-53b2-49fa-8046-c83dde4f3bb4,37.2313034783722,-80.4348369932704,20,1481.41
7d6b5437-cda5-4b9f-822a-b8f311b72480,37.2277633902427,-80.4189576817489,13,903.59
c9430839-4a0c-471d-83b5-6785322fce8a,37.2253243461444,-80.445132729121,80,7275.15
bccd5bab-2cf0-4b7a-bbac-6523feb55222,37.2244095748689,-80.4300121096103,115,6157.66
7d6b5437-cda5-4b9f-822a-b8f311b72480,37.2275890085074,-80.4175995730482,74,4827.86
edb1129b-9c6e-4d99-8a37-9ca86e8d6c3d,37.2320934370428,-80.4238751140949,45,2483.56
fd0937b3-48d6-4b86-9d74-e463b40d55f4,37.2315093656005,-80.4288863020096,238,27643.77
916d6333-dc42-44dd-8071-6054f1ed29d8,37.221426575489,-80.4482607780056,80,6442.06
0a3f36d7-c307-4463-b6c5-99406a7cffaf,37.2300375551691,-80.4371555022496,18,1569.69
6e506adb-c6e8-48e0-b606-2bd650720397,37.2324498639226,-80.4239040849132,83,7733.1
a43aa2ac-7c35-4c0b-a970-437b91e4ba35,37.2293493353885,-80.4277590248954,5,433.32
d9e3b73a-4dff-41e8-8980-71d8aa98e45f,37.2308181705752,-80.4275073534831,2,81.45
bccd5bab-2cf0-4b7a-bbac-6523feb55222,37.2208279337591,-80.4227430192911,129,7062.94
3f10aa8b-ace6-4ae9-ba94-ffaeea5f0ab2,37.2032833234572,-80.399157404132,25,2260.19
d5bba5d8-b131-4789-abec-efc493310641,37.2326950569567,-80.4089711850268,37,2360.54
da4e0dbe-a20d-4ca9-80cb-7614cd29577c,37.2430871145235,-80.4292644639906,43,2274.56
99f7a61c-9121-44a6-ac7a-8cd83a2bec8a,37.223944349524,-80.4080511872799,111,11856.97
6e506adb-c6e8-48e0-b606-2bd650720397,37.2361318587927,-80.4210995325674,65,7027.01
0a3f36d7-c307-4463-b6c5-99406a7cffaf,37.2211350261072,-80.4521328603305,37,3275.38
a5d067da-d551-4428-93e8-ae0cd08d0e96,37.2119729483666,-80.4255790961762,67,4333.02
e708f6e7-1846-4ab0-b148-b3f768db6cb4,37.241424306716,-80.4259978488682,32,2017.86
f8939f8a-f65e-4d6f-8519-2c2840e3e6a5,37.2089244274699,-80.4264971342102,199,24026.63
99f7a61c-9121-44a6-ac7a-8cd83a2bec8a,37.233681610671,-80.4237348855326,133,13900.85
25434fe2-1283-4de5-baa4-bb1845c06a9e,37.2498515306918,-80.4123505592918,39,2645.12
f83a250c-9d24-4fcf-a339-5447d451fdf5,37.2116792391757,-80.3931698198845,38,3065.21
e93f9bcf-465f-43b3-90d0-216bddda2c87,37.2312771622501,-80.4248962969181,85,5015.22
8c645223-1d5a-4351-adb6-43949e7cf524,37.1592895009492,-80.4204661537304,179,17907.88
d9e3b73a-4dff-41e8-8980-71d8aa98e45f,37.2210545644546,-80.422899910293,10,1335.82
e708f6e7-1846-4ab0-b148-b3f768db6cb4,37.2342925023255,-80.4256002340135,13,1129.4
fd0937b3-48d6-4b86-9d74-e463b40d55f4,37.2088580472025,-80.4266241823642,75,4913.33
50af930d-67fd-4314-80ca-dcff1602aa9f,37.2348632937232,-80.4209640007581,116,7567.54
641aaf72-1326-4d06-a82a-2f2d84091463,37.2315037569542,-80.4252855415179,46,3536.54
8c645223-1d5a-4351-adb6-43949e7cf524,37.2091824812166,-80.4272627078646,60,4836.41
3c2c524f-a466-48b1-81e4-f3ac7f35d571,37.2255879177584,-80.4442908269346,27,2355.43
2504249f-e511-4516-8a2e-2c1e088d018d,37.2130384870194,-80.3941130873032,55,5322.96
a5d067da-d551-4428-93e8-ae0cd08d0e96,37.2109436047771,-80.4242267109766,59,3945.62
bccd5bab-2cf0-4b7a-bbac-6523feb55222,37.2330647792013,-80.4249487934817,13,971.66
e7b18590-2011-4d0c-8718-c9514a7b5808,37.1936320321742,-80.4008769353037,15,923.96
6e506adb-c6e8-48e0-b606-2bd650720397,37.2354444834405,-80.4208023706712,27,848.13
c2c639a5-32f8-41e3-8221-8ebd4c904b68,37.2315538520775,-80.4220983343284,33,3145.87
b6d71f6b-4e43-42bc-a74d-ef5ff8fbb8a6,37.2323590162433,-80.4232992616965,7,166.56
8909fd06-51cb-4b38-b873-c3b148b909b0,37.2161907574018,-80.4535482308115,27,3866.36
6e506adb-c6e8-48e0-b606-2bd650720397,37.2460457531241,-80.4150651642719,37,2163.49
8c645223-1d5a-4351-adb6-43949e7cf524,37.2122554093555,-80.4308191249604,231,26862.58
5ace41fb-b4a5-42d0-8d49-1628dcfd98a9,37.2246328358998,-80.4247119627754,96,5972.03
8c645223-1d5a-4351-adb6-43949e7cf524,37.1665828787703,-80.425114529019,136,14602.22
8edb0ac0-7024-48a5-a3bf-3ff8e8a7044f,37.2312765160781,-80.4249117920956,159,10041.12
f0de71e0-107d-4bcb-a8d2-8dfcf6d66e3a,37.2374028596467,-80.4208472908001,40,3439.93
7172a8d8-0bfc-4398-8da7-f0e7ecaa85d7,37.2357602721404,-80.4341171336992,61,4238.7
98e8b74d-b3ea-4ff9-993d-114d2f5de2cf,37.2208786793065,-80.4226574663752,29,1805
0838e7d7-57d5-427d-b770-e402eac1f11e,37.2387834558275,-80.4356187478614,23,1756.47
009b7c3f-c455-4799-b8cf-815505da3f7e,37.230447,-80.426493,89,5506.69
f0de71e0-107d-4bcb-a8d2-8dfcf6d66e3a,37.2468037265743,-80.4194940665903,28,2170.67
8edb0ac0-7024-48a5-a3bf-3ff8e8a7044f,37.2324857510295,-80.4234072824302,8,178.49
8c645223-1d5a-4351-adb6-43949e7cf524,37.2324562502045,-80.4234071100729,7,282.54
3c2c524f-a466-48b1-81e4-f3ac7f35d571,37.2282563436282,-80.4391336100398,72,7026.97
f83a250c-9d24-4fcf-a339-5447d451fdf5,37.2333999026891,-80.4250461728,71,7565.34
1dc0fd3b-7e4c-4647-b4f4-48d87fcaa171,37.2015102756483,-80.4148621406144,18,2759.75
f06184b6-e86d-4b52-bd0b-2b5ea817c97e,37.2295204142036,-80.4212484497833,12,663.14
916d6333-dc42-44dd-8071-6054f1ed29d8,37.216242033895,-80.4497598048806,53,4385.67
a26fa236-5b1f-44ff-93d3-aeaf75cc2973,37.2175695739826,-80.4015084308372,102,6560.93
8c645223-1d5a-4351-adb6-43949e7cf524,37.156785,-80.423658,170,17034.33
edb1129b-9c6e-4d99-8a37-9ca86e8d6c3d,37.2365323673204,-80.4211439717471,18,1671.96
1624ad03-0ebf-4743-8abc-42f34060e035,37.2336371390566,-80.4241494258917,73,4522.23
4c65baab-ac20-473b-8a19-0b9cb7567806,37.2172867466493,-80.4483068407807,13,1190.65
86a57bd8-fef0-4b5e-b079-990c8f500901,37.2398829231924,-80.4194413229375,23,1336.34
da4e0dbe-a20d-4ca9-80cb-7614cd29577c,37.2311091371485,-80.4287439464298,88,4383.39
50af930d-67fd-4314-80ca-dcff1602aa9f,37.2414340594241,-80.3988170480331,55,3861.1
8909fd06-51cb-4b38-b873-c3b148b909b0,37.2307931214416,-80.4275158568568,3,267.28
ab1a571c-16bb-4448-8f67-f16233a2bd20,37.2213770269494,-80.4481968148317,10,1284.3
d9e3b73a-4dff-41e8-8980-71d8aa98e45f,37.2243096361414,-80.4244397982494,8,949.28
0838e7d7-57d5-427d-b770-e402eac1f11e,37.2300946091286,-80.4267797328858,4,157.34
0838e7d7-57d5-427d-b770-e402eac1f11e,37.2460817583265,-80.4219788168229,61,3356.48
2504249f-e511-4516-8a2e-2c1e088d018d,37.2126602955258,-80.3935498233765,53,5234.26
c1bea031-37b2-475c-8beb-85fbb71be7a0,37.2248603239572,-80.4363565407012,59,2948
8c645223-1d5a-4351-adb6-43949e7cf524,37.1665260580251,-80.4249255740128,106,12980.6
50af930d-67fd-4314-80ca-dcff1602aa9f,37.2408437073507,-80.39982243127,51,3731.16
25434fe2-1283-4de5-baa4-bb1845c06a9e,37.2322204953148,-80.4236845118014,101,7808.19
e0c0f9c9-b199-40b3-87ab-7bd1f213e157,37.227577171364,-80.4184618673627,14,952.09
98e4504d-d61b-4182-95cb-038c39551a3a,37.2288196611974,-80.438751570557,19,1711.56
f06184b6-e86d-4b52-bd0b-2b5ea817c97e,37.2056431969419,-80.4070756365066,111,6881.19
e0c0f9c9-b199-40b3-87ab-7bd1f213e157,37.2172277779718,-80.4169964265446,51,3186.41
e93f9bcf-465f-43b3-90d0-216bddda2c87,37.2321866332091,-80.424347360697,83,4868.98
e7b18590-2011-4d0c-8718-c9514a7b5808,37.2026409031535,-80.4058557990704,34,2127.42
fd0937b3-48d6-4b86-9d74-e463b40d55f4,37.2166785499055,-80.4351997600318,212,25184.03
f06184b6-e86d-4b52-bd0b-2b5ea817c97e,37.205575047298,-80.4067262480057,112,6913.03
e570e646-82c5-4744-98dc-764a6d346163,37.231019,-80.427163,70,6014.84
bccd5bab-2cf0-4b7a-bbac-6523feb55222,37.2292839684162,-80.42773327661,150,8130.25
7d6b5437-cda5-4b9f-822a-b8f311b72480,37.2288002831438,-80.4200817801179,9,730.03
7d6b5437-cda5-4b9f-822a-b8f311b72480,37.2163375885873,-80.4168890356069,42,2726.1
f06184b6-e86d-4b52-bd0b-2b5ea817c97e,37.2232875597562,-80.4288209958578,36,2155.55
e708f6e7-1846-4ab0-b148-b3f768db6cb4,37.2454072054435,-80.4239709427408,51,3045.47
e708f6e7-1846-4ab0-b148-b3f768db6cb4,37.232515587327,-80.4266448343268,10,844.08
fd0937b3-48d6-4b86-9d74-e463b40d55f4,37.1679661992662,-80.4176416926086,163,16306.41
6c8db17c-cc7e-4357-a5c5-21c8e98984ed,37.232236801021,-80.423414948415,6,252.12
50af930d-67fd-4314-80ca-dcff1602aa9f,37.2351286562176,-80.4204967353428,107,7471.63
3c2c524f-a466-48b1-81e4-f3ac7f35d571,37.2315282451334,-80.4339018362988,77,7626.61
8c645223-1d5a-4351-adb6-43949e7cf524,37.2212159687739,-80.4390277608598,54,3131.32
f0de71e0-107d-4bcb-a8d2-8dfcf6d66e3a,37.233386456557,-80.4250399528111,50,4133.13
7d6b5437-cda5-4b9f-822a-b8f311b72480,37.2322169016153,-80.4229538570021,88,5573.51
b6d71f6b-4e43-42bc-a74d-ef5ff8fbb8a6,37.2126602955258,-80.3935498233765,85,6688.79
fd0937b3-48d6-4b86-9d74-e463b40d55f4,37.2289858135766,-80.4385016161582,225,26693.26
50af930d-67fd-4314-80ca-dcff1602aa9f,37.2410508987493,-80.3996013895654,78,4621.32
99f7a61c-9121-44a6-ac7a-8cd83a2bec8a,37.2247972920416,-80.4089886193865,28,2329.17
d9e3b73a-4dff-41e8-8980-71d8aa98e45f,37.2242651823379,-80.4243181060292,75,5400.32
e93f9bcf-465f-43b3-90d0-216bddda2c87,37.232476996312,-80.4234556833253,6,99.31
a26fa236-5b1f-44ff-93d3-aeaf75cc2973,37.2231539131909,-80.4072555151558,45,2576.9
7e6c10eb-0e83-4bba-bc4f-756b56fc4ea7,37.2323316453764,-80.4233767938061,8,281.13
a26fa236-5b1f-44ff-93d3-aeaf75cc2973,37.2333855682084,-80.4250650952136,148,9648.78
67aab091-d5f3-411e-82ad-611d0f153f61,37.2438103490764,-80.428044078086,2,279.9
641aaf72-1326-4d06-a82a-2f2d84091463,37.2324967623061,-80.4234916219574,38,3308.63
916d6333-dc42-44dd-8071-6054f1ed29d8,37.2315262667374,-80.4288259644378,106,8919.73
86a57bd8-fef0-4b5e-b079-990c8f500901,37.2440593133978,-80.4215761368409,57,4078.67
1dc0fd3b-7e4c-4647-b4f4-48d87fcaa171,37.2313535737337,-80.4298765658226,41,7608.14
c2c639a5-32f8-41e3-8221-8ebd4c904b68,37.2275904804604,-80.4176539385461,23,2511.95
a5d067da-d551-4428-93e8-ae0cd08d0e96,37.2071870277089,-80.4199591800024,33,2539.28
3f10aa8b-ace6-4ae9-ba94-ffaeea5f0ab2,37.2090561233236,-80.3958417785629,33,3329.33
78bec10c-1fb8-41d6-af99-dd82e113d469,37.2396856763996,-80.4224623596592,38,2056.62
d5bba5d8-b131-4789-abec-efc493310641,37.23922305361,-80.3982109659395,64,4175.85
bccd5bab-2cf0-4b7a-bbac-6523feb55222,37.2305071827046,-80.4285680552319,6,463.69
a26fa236-5b1f-44ff-93d3-aeaf75cc2973,37.2186910174209,-80.4022571204816,104,6702.36
916d6333-dc42-44dd-8071-6054f1ed29d8,37.2313417579629,-80.4303126481607,103,8785.96
312be01d-4ee2-41b0-87d1-4ac8e4899530,37.2208359621196,-80.4231173868089,35,1800.16
c2c639a5-32f8-41e3-8221-8ebd4c904b68,37.2321888477997,-80.4236797742963,41,3359
641aaf72-1326-4d06-a82a-2f2d84091463,37.230579,-80.426661,0,0
2504249f-e511-4516-8a2e-2c1e088d018d,37.2189823701407,-80.4026762452591,31,3175.18
fd0937b3-48d6-4b86-9d74-e463b40d55f4,37.2331077738699,-80.4250123033704,245,28035.44
86a57bd8-fef0-4b5e-b079-990c8f500901,37.2364349686488,-80.421128940714,66,4982.2
9231ca1f-b1ee-4245-85f9-3186ecc00751,37.1943826068939,-80.3946335883847,112,8191.48
f0de71e0-107d-4bcb-a8d2-8dfcf6d66e3a,37.2476068813292,-80.417575995024,25,1919.96
c1bea031-37b2-475c-8beb-85fbb71be7a0,37.2246737943561,-80.430200086162,41,1830.48
9231ca1f-b1ee-4245-85f9-3186ecc00751,37.2128163768103,-80.4252340018702,31,2609.39
25434fe2-1283-4de5-baa4-bb1845c06a9e,37.231579,-80.424478,0,0
2504249f-e511-4516-8a2e-2c1e088d018d,37.2317457274505,-80.4248624150612,98,9930.16
e708f6e7-1846-4ab0-b148-b3f768db6cb4,37.2418368283262,-80.424876500691,34,2127.24
f8939f8a-f65e-4d6f-8519-2c2840e3e6a5,37.1621909119146,-80.4260673733602,134,14551.27
b6d71f6b-4e43-42bc-a74d-ef5ff8fbb8a6,37.2093424260975,-80.395882928549,76,6179.65
99f7a61c-9121-44a6-ac7a-8cd83a2bec8a,37.2336134863543,-80.423513843828,14,495.87
0a3f36d7-c307-4463-b6c5-99406a7cffaf,37.2253394445496,-80.445708390142,30,2525.11
7e6c10eb-0e83-4bba-bc4f-756b56fc4ea7,37.2441428098522,-80.4215181602946,78,3908.72
916d6333-dc42-44dd-8071-6054f1ed29d8,37.2144882210784,-80.4522285134929,50,4092.34
e708f6e7-1846-4ab0-b148-b3f768db6cb4,37.2460968533914,-80.4219958281544,49,2854.64
e0c0f9c9-b199-40b3-87ab-7bd1f213e157,37.2172192605776,-80.416989296167,38,2622.27
7e6c10eb-0e83-4bba-bc4f-756b56fc4ea7,37.2431636527809,-80.428948013721,63,2981.15
1624ad03-0ebf-4743-8abc-42f34060e035,37.2373236350908,-80.4268281734528,19,763.43
fd0937b3-48d6-4b86-9d74-e463b40d55f4,37.2314160228982,-80.4293952653367,237,27597.56
9231ca1f-b1ee-4245-85f9-3186ecc00751,37.205575047298,-80.4067262480057,87,6032.05
f0de71e0-107d-4bcb-a8d2-8dfcf6d66e3a,37.248336240598,-80.4171766938799,22,1829.52
1624ad03-0ebf-4743-8abc-42f34060e035,37.2401609861947,-80.4192990314543,50,3577.59
78bec10c-1fb8-41d6-af99-dd82e113d469,37.2429904818927,-80.4283046238752,60,3505.54
86a57bd8-fef0-4b5e-b079-990c8f500901,37.2423429633583,-80.4222481204419,60,4279.8
b6d71f6b-4e43-42bc-a74d-ef5ff8fbb8a6,37.2124577887331,-80.3960751233146,88,6959.32
c1bea031-37b2-475c-8beb-85fbb71be7a0,37.224794943354,-80.4345899413666,51,2344.62
9231ca1f-b1ee-4245-85f9-3186ecc00751,37.1948597238486,-80.3933822071216,114,8314.29
c1bea031-37b2-475c-8beb-85fbb71be7a0,37.2233053554682,-80.4315888701045,67,3425.64
25434fe2-1283-4de5-baa4-bb1845c06a9e,37.2352718127304,-80.4209319686945,83,7169.26
916d6333-dc42-44dd-8071-6054f1ed29d8,37.2323806784067,-80.4233213129556,6,88.23
916d6333-dc42-44dd-8071-6054f1ed29d8,37.2231181863,-80.4502945831981,37,2914.6
7172a8d8-0bfc-4398-8da7-f0e7ecaa85d7,37.2329303330446,-80.4247380388331,13,378.18
e93f9bcf-465f-43b3-90d0-216bddda2c87,37.2433376247492,-80.4285891042002,29,1468.62
8c645223-1d5a-4351-adb6-43949e7cf524,37.2040600196596,-80.4187395852077,228,25456.79
0aa35e38-de23-44ce-b140-77621ff93358,37.2361318587927,-80.4210995325674,66,7027.16
f06184b6-e86d-4b52-bd0b-2b5ea817c97e,37.2160247145381,-80.4245245293021,48,3104.24
a632e61e-c94b-4ceb-a95e-33c672af2314,37.2255111681882,-80.4251607822649,41,2652.49
7d6b5437-cda5-4b9f-822a-b8f311b72480,37.2189776852114,-80.419269175372,60,3609.93
c9430839-4a0c-471d-83b5-6785322fce8a,37.2279559313156,-80.4393264149131,86,7887.22
99f7a61c-9121-44a6-ac7a-8cd83a2bec8a,37.2306477458816,-80.4153439486041,115,12842.48
98e4504d-d61b-4182-95cb-038c39551a3a,37.2308428290528,-80.4275332143888,3,211.51
9231ca1f-b1ee-4245-85f9-3186ecc00751,37.1967532405912,-80.3943816262186,120,8558.68
5ace41fb-b4a5-42d0-8d49-1628dcfd98a9,37.2025938299575,-80.4099760027014,10,938.14
f06184b6-e86d-4b52-bd0b-2b5ea817c97e,37.209083,-80.417141,82,4806.65
1624ad03-0ebf-4743-8abc-42f34060e035,37.2365668259005,-80.4268186048757,15,677.93
c2c639a5-32f8-41e3-8221-8ebd4c904b68,37.2250467374949,-80.4167187462281,19,2121.13
d5bba5d8-b131-4789-abec-efc493310641,37.2404433108819,-80.4005260367647,49,3654.51
e93f9bcf-465f-43b3-90d0-216bddda2c87,37.2377039763524,-80.4266998266564,20,807.19
b6d71f6b-4e43-42bc-a74d-ef5ff8fbb8a6,37.2093253895274,-80.4000470690486,58,5165.23
d5bba5d8-b131-4789-abec-efc493310641,37.2324837558853,-80.4233864269047,9,287.61
f662dd49-53b2-49fa-8046-c83dde4f3bb4,37.2315703064359,-80.4338886530537,22,1570.41
641aaf72-1326-4d06-a82a-2f2d84091463,37.2210908281113,-80.4227323017699,86,5658.6
7172a8d8-0bfc-4398-8da7-f0e7ecaa85d7,37.241424306716,-80.4259978488682,24,1432.37
0838e7d7-57d5-427d-b770-e402eac1f11e,37.2314566393544,-80.42883051054,11,539.82
7e6c10eb-0e83-4bba-bc4f-756b56fc4ea7,37.2322294570486,-80.4235479228677,6,260.96
25434fe2-1283-4de5-baa4-bb1845c06a9e,37.23370788971,-80.4236381643471,91,7492.77
edb1129b-9c6e-4d99-8a37-9ca86e8d6c3d,37.2323441023316,-80.4237701704055,43,2444
f8939f8a-f65e-4d6f-8519-2c2840e3e6a5,37.1690028018464,-80.4202875651942,158,16574.79
c9430839-4a0c-471d-83b5-6785322fce8a,37.2166086840268,-80.4461180995466,66,5826.39
a26fa236-5b1f-44ff-93d3-aeaf75cc2973,37.232020226255,-80.4165407288306,124,8652.11
a26fa236-5b1f-44ff-93d3-aeaf75cc2973,37.2221785928695,-80.4061548659381,46,2722.61
8c645223-1d5a-4351-adb6-43949e7cf524,37.1672534456996,-80.417356028525,93,11960.9
a632e61e-c94b-4ceb-a95e-33c672af2314,37.2231928888502,-80.4194692863477,32,1726.39
6e506adb-c6e8-48e0-b606-2bd650720397,37.2349988461738,-80.420524285946,23,787.74
916d6333-dc42-44dd-8071-6054f1ed29d8,37.2327638831532,-80.424651128372,113,9358.46
d5bba5d8-b131-4789-abec-efc493310641,37.2349668639705,-80.4204040404345,106,7451.87
6c8db17c-cc7e-4357-a5c5-21c8e98984ed,37.2296990293085,-80.414330238958,28,1711.18
009b7c3f-c455-4799-b8cf-815505da3f7e,37.233324064052,-80.4250706369274,16,1024.26
916d6333-dc42-44dd-8071-6054f1ed29d8,37.2312062042161,-80.4349554934642,97,8366.27
5ace41fb-b4a5-42d0-8d49-1628dcfd98a9,37.2052810194276,-80.4085056845546,6,539.29
8734192f-6a21-49a5-abcc-f16c770661f5,37.2248029178894,-80.4356051726031,51,3457.36
d9e3b73a-4dff-41e8-8980-71d8aa98e45f,37.2244186893192,-80.4336453892873,48,3629.57
50af930d-67fd-4314-80ca-dcff1602aa9f,37.2392258919132,-80.3982038355619,66,4207.65
98e4504d-d61b-4182-95cb-038c39551a3a,37.2314085065525,-80.4303947680449,10,861.09
bccd5bab-2cf0-4b7a-bbac-6523feb55222,37.2321698231757,-80.4237181475854,20,1125.06
bccd5bab-2cf0-4b7a-bbac-6523feb55222,37.2300365446373,-80.4283258021027,5,407.17
67b5d761-e302-49aa-abb2-580efabd4eaf,37.2206774187492,-80.4267528907509,124,6675.38
0a3f36d7-c307-4463-b6c5-99406a7cffaf,37.2287459587647,-80.4386849682378,82,6612.46
0838e7d7-57d5-427d-b770-e402eac1f11e,37.2428628077637,-80.4221741550306,73,3735.78
a26fa236-5b1f-44ff-93d3-aeaf75cc2973,37.2163544215138,-80.4010627822392,56,3521.31
8c645223-1d5a-4351-adb6-43949e7cf524,37.1688155632505,-80.4195940744635,98,12243.63
8c645223-1d5a-4351-adb6-43949e7cf524,37.1690014565073,-80.4202753396041,99,12307.39
e93f9bcf-465f-43b3-90d0-216bddda2c87,37.2374509216574,-80.4208341189987,52,3908.03
a43aa2ac-7c35-4c0b-a970-437b91e4ba35,37.2259886675193,-80.4422142178281,73,7479.58
f83a250c-9d24-4fcf-a339-5447d451fdf5,37.2116820785157,-80.4057050236486,5,862.95
2504249f-e511-4516-8a2e-2c1e088d018d,37.2321913839463,-80.4236645116299,93,9797.24
edb1129b-9c6e-4d99-8a37-9ca86e8d6c3d,37.2321866332091,-80.424347360697,46,2526.61
99f7a61c-9121-44a6-ac7a-8cd83a2bec8a,37.2195780744734,-80.4032171503801,32,3102.04
8c645223-1d5a-4351-adb6-43949e7cf524,37.226773242835,-80.4417999190109,39,2254.16
2504249f-e511-4516-8a2e-2c1e088d018d,37.2321090654289,-80.4238499014466,94,9816.02
bccd5bab-2cf0-4b7a-bbac-6523feb55222,37.23213510484,-80.4243673859716,22,1188.02
a632e61e-c94b-4ceb-a95e-33c672af2314,37.2276036830727,-80.4177368446742,23,1017.65
67b5d761-e302-49aa-abb2-580efabd4eaf,37.2300542360766,-80.4267045832151,151,8255.19
67b5d761-e302-49aa-abb2-580efabd4eaf,37.2275521441922,-80.417700579856,49,2322.28
98e8b74d-b3ea-4ff9-993d-114d2f5de2cf,37.2208755869278,-80.4228920661461,26,1780.79
f83a250c-9d24-4fcf-a339-5447d451fdf5,37.2267633513667,-80.4111652321318,56,5822.21
7172a8d8-0bfc-4398-8da7-f0e7ecaa85d7,37.2408699884995,-80.4271902153721,22,1309.72
f8939f8a-f65e-4d6f-8519-2c2840e3e6a5,37.1877649154124,-80.4102408632012,179,19907.26
d5bba5d8-b131-4789-abec-efc493310641,37.2348632937232,-80.4209640007581,116,7567.54
d5bba5d8-b131-4789-abec-efc493310641,37.2342493176727,-80.4215289635483,19,802.09
d5bba5d8-b131-4789-abec-efc493310641,37.2322529152206,-80.4168893926873,28,1363.25
c9430839-4a0c-471d-83b5-6785322fce8a,37.2131685741644,-80.4441872503869,56,5262.33
50af930d-67fd-4314-80ca-dcff1602aa9f,37.240411,-80.400591,81,4734.84
e0c0f9c9-b199-40b3-87ab-7bd1f213e157,37.2186497393288,-80.4188602089518,58,3532.09
916d6333-dc42-44dd-8071-6054f1ed29d8,37.2250745678885,-80.4459861875614,86,7139.96
7e6c10eb-0e83-4bba-bc4f-756b56fc4ea7,37.2321386228627,-80.4243465251553,115,5659.69
57b3d106-fd5e-4b7b-85f7-bfb555af392b,37.2324874321595,-80.4236478691282,38,3321.96
bccd5bab-2cf0-4b7a-bbac-6523feb55222,37.2239695501359,-80.4309854061479,84,4448.76
50af930d-67fd-4314-80ca-dcff1602aa9f,37.2352847712146,-80.4208675149764,111,7516.24
6add60f2-c611-432d-b7dc-83ccf50cad6e,37.238024606587,-80.4266053692463,16,1572.71
9231ca1f-b1ee-4245-85f9-3186ecc00751,37.2050497250606,-80.4091577067563,82,5802.99
a632e61e-c94b-4ceb-a95e-33c672af2314,37.2295460945722,-80.4212162288495,10,591.15
edb1129b-9c6e-4d99-8a37-9ca86e8d6c3d,37.2467374961594,-80.4158036376252,6,355.11
edb1129b-9c6e-4d99-8a37-9ca86e8d6c3d,37.2327618759609,-80.4246783369478,39,2350.17
8edb0ac0-7024-48a5-a3bf-3ff8e8a7044f,37.235042323708,-80.4204966262975,129,9137.42
98e4504d-d61b-4182-95cb-038c39551a3a,37.2316696570695,-80.4328369223615,12,1079.1
f06184b6-e86d-4b52-bd0b-2b5ea817c97e,37.1940134071812,-80.3959134911581,156,9912.45
8c645223-1d5a-4351-adb6-43949e7cf524,37.1620824574479,-80.421631970464,183,18341.76
25434fe2-1283-4de5-baa4-bb1845c06a9e,37.2536851835518,-80.4190578316356,54,4153.52
7e6c10eb-0e83-4bba-bc4f-756b56fc4ea7,37.2349417015463,-80.4209880819031,95,4989.42
f83a250c-9d24-4fcf-a339-5447d451fdf5,37.2348815968833,-80.4209355101323,66,7157.73
b8c51a51-84af-4a44-9a35-9f53382c3b05,37.2538270713486,-80.4184802710525,6,1063.25
8edb0ac0-7024-48a5-a3bf-3ff8e8a7044f,37.223944349524,-80.4080511872799,112,7479.95
99f7a61c-9121-44a6-ac7a-8cd83a2bec8a,37.1980108182082,-80.402333425879,56,5682.39
7e6c10eb-0e83-4bba-bc4f-756b56fc4ea7,37.2428429405976,-80.4301744386628,59,2866.8
7e6c10eb-0e83-4bba-bc4f-756b56fc4ea7,37.2319739856232,-80.4240613100526,3,206.53
7e6c10eb-0e83-4bba-bc4f-756b56fc4ea7,37.2432516355307,-80.422003025969,82,4016.75
0aa35e38-de23-44ce-b140-77621ff93358,37.2344254746053,-80.421447669841,74,7236.31
f8939f8a-f65e-4d6f-8519-2c2840e3e6a5,37.1947020670095,-80.4049737632146,191,21529.38
7e6c10eb-0e83-4bba-bc4f-756b56fc4ea7,37.2439469794556,-80.4216072900142,79,3931.87
009b7c3f-c455-4799-b8cf-815505da3f7e,37.2365467093317,-80.4268118993528,73,4262.24
916d6333-dc42-44dd-8071-6054f1ed29d8,37.2131685741644,-80.4441872503869,63,5207.59
e93f9bcf-465f-43b3-90d0-216bddda2c87,37.2354197045147,-80.4209157996649,58,4140.11
9231ca1f-b1ee-4245-85f9-3186ecc00751,37.193635,-80.4002700984639,107,7681.82
78bec10c-1fb8-41d6-af99-dd82e113d469,37.2402064073841,-80.4271227918018,66,3836.04
f06184b6-e86d-4b52-bd0b-2b5ea817c97e,37.1937326078977,-80.4021203160582,127,8396.4
a26fa236-5b1f-44ff-93d3-aeaf75cc2973,37.2195780744734,-80.4032171503801,50,3111.52
e570e646-82c5-4744-98dc-764a6d346163,37.2349417015463,-80.4209880819031,50,4658.12
916d6333-dc42-44dd-8071-6054f1ed29d8,37.2266955257861,-80.4406241436305,91,7650.67
a26fa236-5b1f-44ff-93d3-aeaf75cc2973,37.2325056209254,-80.4235998026246,10,196.22
78bec10c-1fb8-41d6-af99-dd82e113d469,37.2293146880279,-80.4277806039892,4,363.42
7d6b5437-cda5-4b9f-822a-b8f311b72480,37.2280219415793,-80.4197605905199,11,822.3
d5bba5d8-b131-4789-abec-efc493310641,37.2336115191985,-80.4235166759272,17,611.97
7d6b5437-cda5-4b9f-822a-b8f311b72480,37.2202447455524,-80.419687263735,25,2090.25
7d6b5437-cda5-4b9f-822a-b8f311b72480,37.2277309454378,-80.4187939112908,77,4936.31
8c645223-1d5a-4351-adb6-43949e7cf524,37.2334128381972,-80.4250756184239,15,479.41
f8939f8a-f65e-4d6f-8519-2c2840e3e6a5,37.2141884619958,-80.4331961881655,62,4084.11
a5d067da-d551-4428-93e8-ae0cd08d0e96,37.2050192781984,-80.4099091981975,8,668.54
0a3f36d7-c307-4463-b6c5-99406a7cffaf,37.2314682207448,-80.4308308573471,9,952.71
5ace41fb-b4a5-42d0-8d49-1628dcfd98a9,37.2117272662125,-80.4241839287112,60,4032.78
7d6b5437-cda5-4b9f-822a-b8f311b72480,37.2166173622771,-80.4188895417888,45,2912.86
a26fa236-5b1f-44ff-93d3-aeaf75cc2973,37.2231908189889,-80.4072483847783,111,7370.15
7172a8d8-0bfc-4398-8da7-f0e7ecaa85d7,37.2325726761314,-80.4243244769342,74,5577.91
b6d71f6b-4e43-42bc-a74d-ef5ff8fbb8a6,37.2335114634882,-80.4247075112661,123,11030.37
25434fe2-1283-4de5-baa4-bb1845c06a9e,37.2327229199859,-80.4245972001299,95,7707.2
7e6c10eb-0e83-4bba-bc4f-756b56fc4ea7,37.232025,-80.42459,116,5684.66
a5d067da-d551-4428-93e8-ae0cd08d0e96,37.209083,-80.417141,41,2918.58
da4e0dbe-a20d-4ca9-80cb-7614cd29577c,37.2303938043472,-80.4285942085003,90,4464.16
99f7a61c-9121-44a6-ac7a-8cd83a2bec8a,37.2313407421124,-80.4249022120448,143,14408.9
bccd5bab-2cf0-4b7a-bbac-6523feb55222,37.2281616785871,-80.419924463582,42,2101.47
3c2c524f-a466-48b1-81e4-f3ac7f35d571,37.2317164193813,-80.4334346494513,16,1142.63
b6d71f6b-4e43-42bc-a74d-ef5ff8fbb8a6,37.2093878569322,-80.3988741219387,60,5269.47
a632e61e-c94b-4ceb-a95e-33c672af2314,37.2215917284401,-80.4217723983025,33,1996.92
2674478c-5212-4ba0-993a-819fef810e02,37.2349668639705,-80.4204040404345,42,3260.84
8c645223-1d5a-4351-adb6-43949e7cf524,37.1684265271523,-80.4162530665835,82,11025.64
fd0937b3-48d6-4b86-9d74-e463b40d55f4,37.2279832057994,-80.4392783360006,223,26561.96
7e6c10eb-0e83-4bba-bc4f-756b56fc4ea7,37.2429844485693,-80.429562848508,61,2923.15
6e506adb-c6e8-48e0-b606-2bd650720397,37.2391216301394,-80.4199548315975,33,1280.68
5ace41fb-b4a5-42d0-8d49-1628dcfd98a9,37.2132150648032,-80.4248327930698,66,4219.39
e570e646-82c5-4744-98dc-764a6d346163,37.2392852448991,-80.422364796541,43,4131.09
d5bba5d8-b131-4789-abec-efc493310641,37.2343084057753,-80.419524337025,25,1036.84
916d6333-dc42-44dd-8071-6054f1ed29d8,37.231916,-80.42403,124,9765.79
bccd5bab-2cf0-4b7a-bbac-6523feb55222,37.221024416345,-80.4228993320081,63,3411.59
f06184b6-e86d-4b52-bd0b-2b5ea817c97e,37.2155363745898,-80.424988003844,50,3172.26
7a7f8de7-b6e6-4d4f-b306-26500b9c1da1,37.2127741541909,-80.4441251880845,19,1535.26
7172a8d8-0bfc-4398-8da7-f0e7ecaa85d7,37.2323597843062,-80.4237825682391,75,5631.37
b6d71f6b-4e43-42bc-a74d-ef5ff8fbb8a6,37.2163954403313,-80.4010013855509,94,7849.82
78bec10c-1fb8-41d6-af99-dd82e113d469,37.2433455105683,-80.4286056565732,59,3457.94
7e6c10eb-0e83-4bba-bc4f-756b56fc4ea7,37.2324991203919,-80.4237689645723,12,330.29
0aa35e38-de23-44ce-b140-77621ff93358,37.2362334795224,-80.4211150897546,29,940.79
8c645223-1d5a-4351-adb6-43949e7cf524,37.172797383501,-80.4168221979454,211,20687.81
7d6b5437-cda5-4b9f-822a-b8f311b72480,37.2280386204114,-80.4194184537742,12,852.63
7d6b5437-cda5-4b9f-822a-b8f311b72480,37.219787662313,-80.4196088295818,62,3705.09
e0c0f9c9-b199-40b3-87ab-7bd1f213e157,37.216719571761,-80.4180232009144,44,2830.19
d9e3b73a-4dff-41e8-8980-71d8aa98e45f,37.2206271998859,-80.4245339566583,13,1494.49
8edb0ac0-7024-48a5-a3bf-3ff8e8a7044f,37.2343648523032,-80.4214286026544,22,706.49
f662dd49-53b2-49fa-8046-c83dde4f3bb4,37.2278800473137,-80.4394432171819,14,918.26
bccd5bab-2cf0-4b7a-bbac-6523feb55222,37.2310395402561,-80.4272647333972,1,54.33
6c8db17c-cc7e-4357-a5c5-21c8e98984ed,37.2406867393454,-80.4000023536717,44,3695.64
e7b18590-2011-4d0c-8718-c9514a7b5808,37.1965518749444,-80.394241815871,5,40.49
e0c0f9c9-b199-40b3-87ab-7bd1f213e157,37.2319548662071,-80.4225587506464,87,5522.85
e570e646-82c5-4744-98dc-764a6d346163,37.2292685583396,-80.4277922465004,68,5744.74
78bec10c-1fb8-41d6-af99-dd82e113d469,37.2301166042088,-80.4267325642257,3,234.82
edb1129b-9c6e-4d99-8a37-9ca86e8d6c3d,37.2469049391702,-80.4163526766979,3,302.81
e570e646-82c5-4744-98dc-764a6d346163,37.2314530549623,-80.4296154511895,13,623.54
8edb0ac0-7024-48a5-a3bf-3ff8e8a7044f,37.2093867909642,-80.3990876676538,65,4335.33
7172a8d8-0bfc-4398-8da7-f0e7ecaa85d7,37.2449353185258,-80.425218667103,38,2587.77
bccd5bab-2cf0-4b7a-bbac-6523feb55222,37.2304493175268,-80.421058208227,33,1778.43
009b7c3f-c455-4799-b8cf-815505da3f7e,37.2379423067948,-80.4265870617905,68,4102.58
6e506adb-c6e8-48e0-b606-2bd650720397,37.2330033807566,-80.4248417295632,80,7625.77
c36e7bd9-7191-4115-a8f8-5507f1f145cf,37.1592895009492,-80.4204661537304,178,17908.76
f0de71e0-107d-4bcb-a8d2-8dfcf6d66e3a,37.2440593133978,-80.4215761368409,33,2647.75
c36e7bd9-7191-4115-a8f8-5507f1f145cf,37.2276362245822,-80.4412009672952,46,2381.23
f8939f8a-f65e-4d6f-8519-2c2840e3e6a5,37.2331310728206,-80.4248581791573,15,473.69
f8939f8a-f65e-4d6f-8519-2c2840e3e6a5,37.210897815073,-80.4292993725944,200,24357.67
50af930d-67fd-4314-80ca-dcff1602aa9f,37.2325328759533,-80.4235238063046,10,300.93
8909fd06-51cb-4b38-b873-c3b148b909b0,37.2303422754409,-80.4286083499366,6,639.66
bccd5bab-2cf0-4b7a-bbac-6523feb55222,37.230958529567,-80.4286649564836,7,514.57
e570e646-82c5-4744-98dc-764a6d346163,37.2317035967741,-80.4329019561318,15,916.43
98e4504d-d61b-4182-95cb-038c39551a3a,37.229889,-80.426906,0,0
a43aa2ac-7c35-4c0b-a970-437b91e4ba35,37.2153736416753,-80.444709849977,55,5576.22
86a57bd8-fef0-4b5e-b079-990c8f500901,37.2374028596467,-80.4208472908001,64,4870.85
e0c0f9c9-b199-40b3-87ab-7bd1f213e157,37.2271435178782,-80.4172539151788,17,1080.43
b6d71f6b-4e43-42bc-a74d-ef5ff8fbb8a6,37.2315264545512,-80.4251495632749,134,11421.62
86a57bd8-fef0-4b5e-b079-990c8f500901,37.2474163620124,-80.4175582776998,50,3372.11
0aa35e38-de23-44ce-b140-77621ff93358,37.231579,-80.424478,0,0
009b7c3f-c455-4799-b8cf-815505da3f7e,37.2310566957287,-80.4272363226177,1,94.42
7172a8d8-0bfc-4398-8da7-f0e7ecaa85d7,37.2330076502246,-80.4248692774739,72,5508.09
8909fd06-51cb-4b38-b873-c3b148b909b0,37.2315558668532,-80.4288456807305,7,776.14
99f7a61c-9121-44a6-ac7a-8cd83a2bec8a,37.2107654461184,-80.395442477419,94,9291.65
8909fd06-51cb-4b38-b873-c3b148b909b0,37.222946282759,-80.4503174005447,20,3011.33
641aaf72-1326-4d06-a82a-2f2d84091463,37.2297265287459,-80.4211885750297,58,4122.05
d5bba5d8-b131-4789-abec-efc493310641,37.234409137568,-80.4212563462383,20,832.04
7a7f8de7-b6e6-4d4f-b306-26500b9c1da1,37.2218921656646,-80.4486529487718,31,2748.84
d5bba5d8-b131-4789-abec-efc493310641,37.2365947389665,-80.4076408902729,43,2889.5
8909fd06-51cb-4b38-b873-c3b148b909b0,37.2245009079278,-80.4473978547691,19,2700.56
da4e0dbe-a20d-4ca9-80cb-7614cd29577c,37.2363830877644,-80.4267474407095,20,1396.38
d5bba5d8-b131-4789-abec-efc493310641,37.2349825092606,-80.4209533051917,115,7554.26
916d6333-dc42-44dd-8071-6054f1ed29d8,37.2141921264761,-80.4527260419487,49,4037.38
7172a8d8-0bfc-4398-8da7-f0e7ecaa85d7,37.2423738087639,-80.4222440971282,28,1832.15
98e4504d-d61b-4182-95cb-038c39551a3a,37.2296158808241,-80.4378170035968,17,1590.2
a26fa236-5b1f-44ff-93d3-aeaf75cc2973,37.2320798362951,-80.4238743221609,156,9860.03
ab1a571c-16bb-4448-8f67-f16233a2bd20,37.2220426632191,-80.4489146440574,11,1381.8
9231ca1f-b1ee-4245-85f9-3186ecc00751,37.1940665538431,-80.40285204989,138,9655.35
99f7a61c-9121-44a6-ac7a-8cd83a2bec8a,37.200032767435,-80.4009715237636,46,5418.88
916d6333-dc42-44dd-8071-6054f1ed29d8,37.2173042736918,-80.4482643431944,75,5981.37
916d6333-dc42-44dd-8071-6054f1ed29d8,37.2157649526456,-80.4504797131109,52,4302.79
0838e7d7-57d5-427d-b770-e402eac1f11e,37.2335207781604,-80.4246584455588,92,5040.06
8c645223-1d5a-4351-adb6-43949e7cf524,37.2324959900064,-80.4269259514027,17,672.23
7e6c10eb-0e83-4bba-bc4f-756b56fc4ea7,37.2443897257138,-80.4266734232767,69,3227.36
916d6333-dc42-44dd-8071-6054f1ed29d8,37.226283504051,-80.4418343902141,31,2080.4
8734192f-6a21-49a5-abcc-f16c770661f5,37.2211521697731,-80.427106942362,15,1785.11
e93f9bcf-465f-43b3-90d0-216bddda2c87,37.2408735156487,-80.4272417353524,25,1166.89
e7b18590-2011-4d0c-8718-c9514a7b5808,37.1950247702017,-80.3934921558793,6,222.69
67b5d761-e302-49aa-abb2-580efabd4eaf,37.2275412523626,-80.4263062381137,149,7899.07
f06184b6-e86d-4b52-bd0b-2b5ea817c97e,37.1939518488035,-80.4025264634865,162,10504.82
7d6b5437-cda5-4b9f-822a-b8f311b72480,37.2275882906513,-80.4179940477308,15,993.5
8edb0ac0-7024-48a5-a3bf-3ff8e8a7044f,37.2114879372116,-80.3997258364462,61,4075.12
99f7a61c-9121-44a6-ac7a-8cd83a2bec8a,37.2323673682011,-80.4233141932561,5,163.32
67b5d761-e302-49aa-abb2-580efabd4eaf,37.232011661739,-80.4275796624647,9,698.02
0838e7d7-57d5-427d-b770-e402eac1f11e,37.2451588492476,-80.4215110299172,63,3467.09
af234ae3-0762-49b9-89ff-4665d5b32ac7,37.2349969423861,-80.4205552431733,23,757.52
25434fe2-1283-4de5-baa4-bb1845c06a9e,37.2343238440639,-80.4214776599442,20,669.38
f0de71e0-107d-4bcb-a8d2-8dfcf6d66e3a,37.23199272887,-80.4240488303298,55,4366.57
a43aa2ac-7c35-4c0b-a970-437b91e4ba35,37.2315610290196,-80.4337148077674,83,8473.94
d5bba5d8-b131-4789-abec-efc493310641,37.2377778433429,-80.4058853033713,46,3095.48
7e6c10eb-0e83-4bba-bc4f-756b56fc4ea7,37.2332626882049,-80.4250025198915,106,5419.71
67aab091-d5f3-411e-82ad-611d0f153f61,37.2365467093317,-80.4268118993528,11,1149.15
1dc0fd3b-7e4c-4647-b4f4-48d87fcaa171,37.2327898574458,-80.4246771756248,50,8135
a26fa236-5b1f-44ff-93d3-aeaf75cc2973,37.2169194130637,-80.4012731283774,55,3455.83
d5bba5d8-b131-4789-abec-efc493310641,37.2350761784792,-80.4209889570796,114,7543.38
e0c0f9c9-b199-40b3-87ab-7bd1f213e157,37.2183105018873,-80.4193090705281,31,2310.55
edb1129b-9c6e-4d99-8a37-9ca86e8d6c3d,37.2336371390566,-80.4241494258917,35,2179.79
009b7c3f-c455-4799-b8cf-815505da3f7e,37.2301238381909,-80.4284634954174,86,5201.96
edb1129b-9c6e-4d99-8a37-9ca86e8d6c3d,37.2370830157973,-80.4210156249509,16,1609.58
a43aa2ac-7c35-4c0b-a970-437b91e4ba35,37.229261734645,-80.4277823336312,89,9170.05
d5bba5d8-b131-4789-abec-efc493310641,37.2385825060953,-80.404277318971,47,3263.5
4c65baab-ac20-473b-8a19-0b9cb7567806,37.2173037814217,-80.4479182352032,12,1156.21
a5d067da-d551-4428-93e8-ae0cd08d0e96,37.2127976891516,-80.4246937507072,64,4171.34
5ace41fb-b4a5-42d0-8d49-1628dcfd98a9,37.2026409031535,-80.4058557990704,0,0
a26fa236-5b1f-44ff-93d3-aeaf75cc2973,37.2322756975237,-80.4237495405535,154,9827.88
c1bea031-37b2-475c-8beb-85fbb71be7a0,37.2322643996617,-80.4237347592139,127,5719.18
8c645223-1d5a-4351-adb6-43949e7cf524,37.164858264147,-80.4138562937274,190,19267.81
8edb0ac0-7024-48a5-a3bf-3ff8e8a7044f,37.2322018948017,-80.4234322387518,4,141.3
916d6333-dc42-44dd-8071-6054f1ed29d8,37.2293156695136,-80.4380108602519,95,8023.9
f06184b6-e86d-4b52-bd0b-2b5ea817c97e,37.1941440472859,-80.3953002786873,136,9007.77
7e6c10eb-0e83-4bba-bc4f-756b56fc4ea7,37.2403140914186,-80.4356363078802,46,2258.99
0a3f36d7-c307-4463-b6c5-99406a7cffaf,37.2229460534231,-80.4502751071298,69,5368.33
009b7c3f-c455-4799-b8cf-815505da3f7e,37.2315339923926,-80.4288286437523,9,636.14
c9430839-4a0c-471d-83b5-6785322fce8a,37.2167788277137,-80.4533697934967,39,3786.14
3c2c524f-a466-48b1-81e4-f3ac7f35d571,37.2257278826419,-80.4431853782008,67,6557.7
da4e0dbe-a20d-4ca9-80cb-7614cd29577c,37.2301184561823,-80.4267581362768,3,241.1
0a3f36d7-c307-4463-b6c5-99406a7cffaf,37.2307931214416,-80.4275158568568,3,267.28
7e6c10eb-0e83-4bba-bc4f-756b56fc4ea7,37.2440528717073,-80.4275937633272,68,3137.76
b6d71f6b-4e43-42bc-a74d-ef5ff8fbb8a6,37.2324243031343,-80.4233206528291,8,174.06
9231ca1f-b1ee-4245-85f9-3186ecc00751,37.1938316466594,-80.3978351279124,108,7898.46
4c65baab-ac20-473b-8a19-0b9cb7567806,37.2300731000846,-80.428377435479,35,4310.86
b8c51a51-84af-4a44-9a35-9f53382c3b05,37.2534505009617,-80.4190471426678,12,1153.48
a5d067da-d551-4428-93e8-ae0cd08d0e96,37.2042745131338,-80.409947396072,9,751.37
67b5d761-e302-49aa-abb2-580efabd4eaf,37.230711,-80.42681,153,8354.81
99f7a61c-9121-44a6-ac7a-8cd83a2bec8a,37.2349049993788,-80.4207365617655,18,787.48
50af930d-67fd-4314-80ca-dcff1602aa9f,37.2329486893942,-80.4177016273363,103,7123.72
3f10aa8b-ace6-4ae9-ba94-ffaeea5f0ab2,37.2351667032578,-80.4209733816936,71,7820.68
1624ad03-0ebf-4743-8abc-42f34060e035,37.2322380517342,-80.4236652267162,82,4801.44
57b3d106-fd5e-4b7b-85f7-bfb555af392b,37.232409680893,-80.4237259927136,39,3333.02
8909fd06-51cb-4b38-b873-c3b148b909b0,37.2213770269494,-80.4481968148317,36,5083.43
6add60f2-c611-432d-b7dc-83ccf50cad6e,37.2402310325927,-80.4356755298668,51,4295.19
f06184b6-e86d-4b52-bd0b-2b5ea817c97e,37.2296907341256,-80.4211914067627,11,643.55
d5bba5d8-b131-4789-abec-efc493310641,37.2338377354213,-80.4189513320576,26,1109.68
0aa35e38-de23-44ce-b140-77621ff93358,37.2432828281606,-80.4170887912833,59,6148.32
25434fe2-1283-4de5-baa4-bb1845c06a9e,37.246036365392,-80.4150718697948,73,5839.46
3c2c524f-a466-48b1-81e4-f3ac7f35d571,37.2292874128702,-80.4278000778165,5,460.61
78bec10c-1fb8-41d6-af99-dd82e113d469,37.2425999484179,-80.427992441818,61,3556.98
0a3f36d7-c307-4463-b6c5-99406a7cffaf,37.2296158808241,-80.4378170035968,19,1644.66
ab1a571c-16bb-4448-8f67-f16233a2bd20,37.229561,-80.427317,28,4073.54
bccd5bab-2cf0-4b7a-bbac-6523feb55222,37.2324668571723,-80.4239943161527,17,1081.52
bccd5bab-2cf0-4b7a-bbac-6523feb55222,37.2239354835982,-80.4291457687381,117,6251.53
c2c639a5-32f8-41e3-8221-8ebd4c904b68,37.2242402429414,-80.4243942067323,8,987.67
7e6c10eb-0e83-4bba-bc4f-756b56fc4ea7,37.2392412206789,-80.4355970908036,37,2135.06
f0de71e0-107d-4bcb-a8d2-8dfcf6d66e3a,37.2436123287647,-80.4134339798378,7,787.73
a5d067da-d551-4428-93e8-ae0cd08d0e96,37.2256088628931,-80.4401675378404,79,6692.34
a5d067da-d551-4428-93e8-ae0cd08d0e96,37.2331502554915,-80.4251790091798,89,8418.76
e708f6e7-1846-4ab0-b148-b3f768db6cb4,37.2449353185258,-80.425218667103,52,3167.66
f0de71e0-107d-4bcb-a8d2-8dfcf6d66e3a,37.2369685875102,-80.4210576369384,41,3491.65
25434fe2-1283-4de5-baa4-bb1845c06a9e,37.2551373092965,-80.4141905425627,65,4662.7
3c2c524f-a466-48b1-81e4-f3ac7f35d571,37.2259767084607,-80.4426580439996,26,2204.64
1dc0fd3b-7e4c-4647-b4f4-48d87fcaa171,37.2323504723038,-80.4237422750684,53,8231.61
2504249f-e511-4516-8a2e-2c1e088d018d,37.232094872572,-80.4244025057081,97,9873.94
641aaf72-1326-4d06-a82a-2f2d84091463,37.2291474397163,-80.4203721467979,65,4241.29
fd0937b3-48d6-4b86-9d74-e463b40d55f4,37.2293349714782,-80.4381700536016,33,1802.58
8c645223-1d5a-4351-adb6-43949e7cf524,37.2315644907352,-80.433519948396,246,29525.01
99f7a61c-9121-44a6-ac7a-8cd83a2bec8a,37.2072341863653,-80.3989424049224,38,4543.7
fd0937b3-48d6-4b86-9d74-e463b40d55f4,37.2273622068567,-80.4408772664647,57,2439.64
d5bba5d8-b131-4789-abec-efc493310641,37.232220634239,-80.4237056309326,129,8159.87
e93f9bcf-465f-43b3-90d0-216bddda2c87,37.2344943652861,-80.4213721438291,66,4256.93
a26fa236-5b1f-44ff-93d3-aeaf75cc2973,37.2347792701476,-80.4201308739371,128,9093.81
641aaf72-1326-4d06-a82a-2f2d84091463,37.2294171140824,-80.4211564883305,62,4164.28
86a57bd8-fef0-4b5e-b079-990c8f500901,37.2322722882839,-80.4233998849755,3,99.83
e708f6e7-1846-4ab0-b148-b3f768db6cb4,37.2372331194857,-80.4268409197105,20,1479.26
fd0937b3-48d6-4b86-9d74-e463b40d55f4,37.2223316336985,-80.4393465658997,216,25914.8
6c8db17c-cc7e-4357-a5c5-21c8e98984ed,37.2320264438768,-80.4239330943527,3,198.5
d5bba5d8-b131-4789-abec-efc493310641,37.2320701900423,-80.4238339777288,130,8180.08
f662dd49-53b2-49fa-8046-c83dde4f3bb4,37.2253243461444,-80.445132729121,8,323.19
6c8db17c-cc7e-4357-a5c5-21c8e98984ed,37.2412458721567,-80.3981698466369,52,3918.6
fd0937b3-48d6-4b86-9d74-e463b40d55f4,37.2314289122933,-80.4346682417686,29,1414.53
2674478c-5212-4ba0-993a-819fef810e02,37.2410508987493,-80.3996013895654,13,429.22
f06184b6-e86d-4b52-bd0b-2b5ea817c97e,37.1948839680015,-80.3934071385427,151,9669.94
99f7a61c-9121-44a6-ac7a-8cd83a2bec8a,37.2328186981115,-80.4246475738613,11,301.1
c36e7bd9-7191-4115-a8f8-5507f1f145cf,37.2275879659951,-80.4414968779643,44,2354.2
3c2c524f-a466-48b1-81e4-f3ac7f35d571,37.2172867466493,-80.4483068407807,55,5122.44
98e8b74d-b3ea-4ff9-993d-114d2f5de2cf,37.2322843087638,-80.4237187583348,55,3736.62
bccd5bab-2cf0-4b7a-bbac-6523feb55222,37.22802665557,-80.4198227172677,43,2118.97
f8939f8a-f65e-4d6f-8519-2c2840e3e6a5,37.1657828628986,-80.4285372615837,114,13001.56
edb1129b-9c6e-4d99-8a37-9ca86e8d6c3d,37.2467025117103,-80.4197585788409,0,0
8edb0ac0-7024-48a5-a3bf-3ff8e8a7044f,37.2348559088144,-80.4203768719634,27,828.17
0aa35e38-de23-44ce-b140-77621ff93358,37.2330204119794,-80.4248096428641,13,306.85
0aa35e38-de23-44ce-b140-77621ff93358,37.2321943055914,-80.4236784604903,2,98.96
99f7a61c-9121-44a6-ac7a-8cd83a2bec8a,37.20866514496,-80.3967295823532,87,9001.74
e708f6e7-1846-4ab0-b148-b3f768db6cb4,37.245230361535,-80.4214997840822,48,2748.83
a26fa236-5b1f-44ff-93d3-aeaf75cc2973,37.2267633513667,-80.4111652321318,117,7897.15
1624ad03-0ebf-4743-8abc-42f34060e035,37.2324628035244,-80.4237016813513,8,122.26
0aa35e38-de23-44ce-b140-77621ff93358,37.2366904630862,-80.4210972638107,30,991.59
f83a250c-9d24-4fcf-a339-5447d451fdf5,37.2091010743296,-80.3955335400482,31,2616.57
e0c0f9c9-b199-40b3-87ab-7bd1f213e157,37.2166173622771,-80.4188895417888,45,2907.69
af234ae3-0762-49b9-89ff-4665d5b32ac7,37.2357537475921,-80.4210291154284,102,5072.39
a26fa236-5b1f-44ff-93d3-aeaf75cc2973,37.215795852159,-80.4008377128714,99,6354.2
f83a250c-9d24-4fcf-a339-5447d451fdf5,37.235199504487,-80.4209604664538,65,7122.34
b6d71f6b-4e43-42bc-a74d-ef5ff8fbb8a6,37.2090638437882,-80.3958197096579,75,6148.19
f8939f8a-f65e-4d6f-8519-2c2840e3e6a5,37.2331418362644,-80.4251620412994,227,28022.78
a26fa236-5b1f-44ff-93d3-aeaf75cc2973,37.2334281460422,-80.4247549237894,17,392.65
6c8db17c-cc7e-4357-a5c5-21c8e98984ed,37.230159028182,-80.4127222545578,30,1908.92
7172a8d8-0bfc-4398-8da7-f0e7ecaa85d7,37.2372199218793,-80.4268265661163,18,895.67
fd0937b3-48d6-4b86-9d74-e463b40d55f4,37.167588452553,-80.4174496482283,162,16261.12
99f7a61c-9121-44a6-ac7a-8cd83a2bec8a,37.2319137625079,-80.4163707229738,117,13010.01
9231ca1f-b1ee-4245-85f9-3186ecc00751,37.1936320321742,-80.4008769353037,133,9472.87
641aaf72-1326-4d06-a82a-2f2d84091463,37.2274642507124,-80.4262766863534,93,6442.34
f06184b6-e86d-4b52-bd0b-2b5ea817c97e,37.2321900592896,-80.4236025243572,3,241.77
d9e3b73a-4dff-41e8-8980-71d8aa98e45f,37.2233064559373,-80.4320000192622,50,3820.58
7e6c10eb-0e83-4bba-bc4f-756b56fc4ea7,37.232589954143,-80.4241932220376,13,369.16
916d6333-dc42-44dd-8071-6054f1ed29d8,37.2315923836433,-80.4288714170456,17,691.69
f8939f8a-f65e-4d6f-8519-2c2840e3e6a5,37.2276262101277,-80.4412230897768,45,2398.06
1624ad03-0ebf-4743-8abc-42f34060e035,37.2327764215482,-80.4246427127275,11,214.37
78bec10c-1fb8-41d6-af99-dd82e113d469,37.2334721314375,-80.4246179024387,13,1064.03
b6d71f6b-4e43-42bc-a74d-ef5ff8fbb8a6,37.2349951354671,-80.4204328185138,112,10555.8
f06184b6-e86d-4b52-bd0b-2b5ea817c97e,37.2144461158568,-80.4253552182888,53,3299.43
a26fa236-5b1f-44ff-93d3-aeaf75cc2973,37.2345635460745,-80.4212467780264,140,9283.28
7e6c10eb-0e83-4bba-bc4f-756b56fc4ea7,37.2314246689988,-80.4302393592267,26,1006.84
7172a8d8-0bfc-4398-8da7-f0e7ecaa85d7,37.2410338973869,-80.4352544289222,52,3611.96
c1bea031-37b2-475c-8beb-85fbb71be7a0,37.2314863551046,-80.4221945482062,6,316.36
e570e646-82c5-4744-98dc-764a6d346163,37.2311676100434,-80.4287833689821,65,5512.4
e93f9bcf-465f-43b3-90d0-216bddda2c87,37.238024606587,-80.4266053692463,21,843.79
3c2c524f-a466-48b1-81e4-f3ac7f35d571,37.2172640336135,-80.4483317971021,36,3700.19
2674478c-5212-4ba0-993a-819fef810e02,37.2326832475687,-80.4173497834866,37,2889.55
8edb0ac0-7024-48a5-a3bf-3ff8e8a7044f,37.2186342358754,-80.402299902747,52,3244.25
98e8b74d-b3ea-4ff9-993d-114d2f5de2cf,37.2250467374949,-80.4167187462281,34,2509.75
5ace41fb-b4a5-42d0-8d49-1628dcfd98a9,37.2086862736344,-80.4183084975959,49,3163.28
0a3f36d7-c307-4463-b6c5-99406a7cffaf,37.2148765574013,-80.4532765853302,49,4031.41
67b5d761-e302-49aa-abb2-580efabd4eaf,37.2207501943107,-80.4267535270614,69,3795.72
c9430839-4a0c-471d-83b5-6785322fce8a,37.2177310119707,-80.4482695727509,69,6083.53
50af930d-67fd-4314-80ca-dcff1602aa9f,37.2325044903963,-80.4240550194334,126,8114.65
c1bea031-37b2-475c-8beb-85fbb71be7a0,37.2281512063986,-80.4194850541836,112,5040.28
5ace41fb-b4a5-42d0-8d49-1628dcfd98a9,37.2076072738894,-80.4199983970794,35,2599.66
916d6333-dc42-44dd-8071-6054f1ed29d8,37.2286197923809,-80.438982239187,27,1711.42
86a57bd8-fef0-4b5e-b079-990c8f500901,37.249051,-80.416995,44,3178.76
fd0937b3-48d6-4b86-9d74-e463b40d55f4,37.2315604602697,-80.4289005627647,21,896.38
e708f6e7-1846-4ab0-b148-b3f768db6cb4,37.230447,-80.426493,101,6118.7
7e6c10eb-0e83-4bba-bc4f-756b56fc4ea7,37.2448736277147,-80.421412612284,75,3826.77
641aaf72-1326-4d06-a82a-2f2d84091463,37.2324874321595,-80.4236478691282,39,3322.49
7e6c10eb-0e83-4bba-bc4f-756b56fc4ea7,37.2436205943306,-80.4282100196428,66,3064.87
98e4504d-d61b-4182-95cb-038c39551a3a,37.2315703064359,-80.4338886530537,58,4330.03
8c645223-1d5a-4351-adb6-43949e7cf524,37.2318966052231,-80.4278049507756,253,30045.72
8edb0ac0-7024-48a5-a3bf-3ff8e8a7044f,37.2352864309314,-80.4206784509254,132,9172.7
d5bba5d8-b131-4789-abec-efc493310641,37.2414908238029,-80.3986102670836,56,3880.45
e93f9bcf-465f-43b3-90d0-216bddda2c87,37.2367417660143,-80.4268780860956,16,698.07
b6d71f6b-4e43-42bc-a74d-ef5ff8fbb8a6,37.2322823750382,-80.4233135224516,6,157.95
e708f6e7-1846-4ab0-b148-b3f768db6cb4,37.2439711281459,-80.4277856947398,54,3418.81
b6d71f6b-4e43-42bc-a74d-ef5ff8fbb8a6,37.232526491198,-80.4235916071768,11,202.14
6c8db17c-cc7e-4357-a5c5-21c8e98984ed,37.2338377354213,-80.4189513320576,21,1093.53
8734192f-6a21-49a5-abcc-f16c770661f5,37.2234430983201,-80.4322111128809,35,2530.96
86a57bd8-fef0-4b5e-b079-990c8f500901,37.2419349705538,-80.4157977000011,29,1938.52
a632e61e-c94b-4ceb-a95e-33c672af2314,37.2246946555762,-80.4173087819444,29,1472.46
99f7a61c-9121-44a6-ac7a-8cd83a2bec8a,37.2339302142817,-80.4190482448964,121,13336.22
a5d067da-d551-4428-93e8-ae0cd08d0e96,37.2084988695227,-80.419164142904,50,3241.82
b6d71f6b-4e43-42bc-a74d-ef5ff8fbb8a6,37.2329712845705,-80.4248393918506,125,11119.52
8edb0ac0-7024-48a5-a3bf-3ff8e8a7044f,37.2093583966953,-80.3993194049248,64,4314.58
67b5d761-e302-49aa-abb2-580efabd4eaf,37.2322778356735,-80.4237326827732,19,1112.99
916d6333-dc42-44dd-8071-6054f1ed29d8,37.2141073473756,-80.4442838099172,62,5102.92
c1bea031-37b2-475c-8beb-85fbb71be7a0,37.2321281484057,-80.4243194501745,130,5785.22
f83a250c-9d24-4fcf-a339-5447d451fdf5,37.2185047039976,-80.4021113133539,50,4603.35
1dc0fd3b-7e4c-4647-b4f4-48d87fcaa171,37.2316105822647,-80.4335701636231,38,7279.55
e93f9bcf-465f-43b3-90d0-216bddda2c87,37.2327618759609,-80.4246783369478,76,4692.54
0a3f36d7-c307-4463-b6c5-99406a7cffaf,37.2258930135807,-80.4426031107113,76,6128.72
c1bea031-37b2-475c-8beb-85fbb71be7a0,37.2291589453065,-80.4202907868487,116,5176.63
7e6c10eb-0e83-4bba-bc4f-756b56fc4ea7,37.2324139636509,-80.4233732286173,9,290.28
5ace41fb-b4a5-42d0-8d49-1628dcfd98a9,37.2054492281153,-80.4128394980013,20,1762.1
25434fe2-1283-4de5-baa4-bb1845c06a9e,37.2536738325165,-80.4188474854973,52,4134.01
f662dd49-53b2-49fa-8046-c83dde4f3bb4,37.2313545731809,-80.4298956416151,27,1926.01
c36e7bd9-7191-4115-a8f8-5507f1f145cf,37.2321435612015,-80.4243324569006,265,30546.66
009b7c3f-c455-4799-b8cf-815505da3f7e,37.2395400547707,-80.426954056439,64,3921.49
0a3f36d7-c307-4463-b6c5-99406a7cffaf,37.2185182409051,-80.4537792242327,41,3610.23
c9430839-4a0c-471d-83b5-6785322fce8a,37.2127258860945,-80.4443604905442,58,5317.45
f06184b6-e86d-4b52-bd0b-2b5ea817c97e,37.1972745284283,-80.4041414861376,174,10936.61
6add60f2-c611-432d-b7dc-83ccf50cad6e,37.2357602721404,-80.4341171336992,58,4824.21
25434fe2-1283-4de5-baa4-bb1845c06a9e,37.2346531079218,-80.4209749683256,21,726.97
f83a250c-9d24-4fcf-a339-5447d451fdf5,37.2352931734359,-80.4206324690857,64,7091.51
e708f6e7-1846-4ab0-b148-b3f768db6cb4,37.2292710482258,-80.4277607384159,99,5929.59
fd0937b3-48d6-4b86-9d74-e463b40d55f4,37.162108667812,-80.421645561898,151,15337.78
af234ae3-0762-49b9-89ff-4665d5b32ac7,37.2385704818333,-80.4218030592442,97,4728.27
f8939f8a-f65e-4d6f-8519-2c2840e3e6a5,37.174411767613,-80.4198783861665,93,10819.65
25434fe2-1283-4de5-baa4-bb1845c06a9e,37.2361318587927,-80.4210995325674,81,7072.49
0a3f36d7-c307-4463-b6c5-99406a7cffaf,37.2292987675787,-80.4278072081941,5,505.86
7d6b5437-cda5-4b9f-822a-b8f311b72480,37.2274122449711,-80.4173534038326,73,4798.53
f8939f8a-f65e-4d6f-8519-2c2840e3e6a5,37.2315499935626,-80.4252325239799,1,56.31
3c2c524f-a466-48b1-81e4-f3ac7f35d571,37.2212770592162,-80.4481941953902,33,3253
a43aa2ac-7c35-4c0b-a970-437b91e4ba35,37.2303826060137,-80.4264541658005,1,90.64
8909fd06-51cb-4b38-b873-c3b148b909b0,37.2316126386707,-80.4338155538954,10,1218.57
67b5d761-e302-49aa-abb2-580efabd4eaf,37.2233194443799,-80.4317198350374,87,4548.58
2504249f-e511-4516-8a2e-2c1e088d018d,37.2215658752683,-80.4055390918528,28,2791.79
da4e0dbe-a20d-4ca9-80cb-7614cd29577c,37.2424570408677,-80.4323127004003,47,2553.45
fd0937b3-48d6-4b86-9d74-e463b40d55f4,37.2325198981837,-80.4235527795899,10,318.42
a5d067da-d551-4428-93e8-ae0cd08d0e96,37.2079536912785,-80.4198664850944,52,3329.57
67b5d761-e302-49aa-abb2-580efabd4eaf,37.2211022293287,-80.4270316117865,70,3841.93
1dc0fd3b-7e4c-4647-b4f4-48d87fcaa171,37.2330319862676,-80.424889117019,49,8102.21
8c645223-1d5a-4351-adb6-43949e7cf524,37.1634349450762,-80.4246831411783,157,15965.36
d5bba5d8-b131-4789-abec-efc493310641,37.2329842048729,-80.4248144046443,14,437.74
f8939f8a-f65e-4d6f-8519-2c2840e3e6a5,37.1858306873675,-80.409221219209,175,19627.15
bccd5bab-2cf0-4b7a-bbac-6523feb55222,37.2246082948747,-80.4301761082944,114,6131.24
3f10aa8b-ace6-4ae9-ba94-ffaeea5f0ab2,37.2349370221843,-80.4203088901843,65,7731.6
6e506adb-c6e8-48e0-b606-2bd650720397,37.2353877145083,-80.4209271522786,67,7111.1
50af930d-67fd-4314-80ca-dcff1602aa9f,37.2414510887422,-80.3982644437716,72,4470.81
c1bea031-37b2-475c-8beb-85fbb71be7a0,37.2248355084093,-80.4301378382696,73,3647.77
d5bba5d8-b131-4789-abec-efc493310641,37.241499338456,-80.398439138022,73,4487.17
e0c0f9c9-b199-40b3-87ab-7bd1f213e157,37.2241057925128,-80.4180630475902,69,4280.29
f06184b6-e86d-4b52-bd0b-2b5ea817c97e,37.2054637478454,-80.4128131135628,90,5515.47
99f7a61c-9121-44a6-ac7a-8cd83a2bec8a,37.1974379231289,-80.4004095504718,77,7298.35
c9430839-4a0c-471d-83b5-6785322fce8a,37.2314499256385,-80.4298589210892,12,836.73
c9430839-4a0c-471d-83b5-6785322fce8a,37.225343858566,-80.445677663723,27,2491.58
fd0937b3-48d6-4b86-9d74-e463b40d55f4,37.2266381814794,-80.4410614217044,40,2198.46
6e506adb-c6e8-48e0-b606-2bd650720397,37.2334206446067,-80.4246420789914,15,373.87
d5bba5d8-b131-4789-abec-efc493310641,37.2332907663719,-80.424999794461,15,475.55
a632e61e-c94b-4ceb-a95e-33c672af2314,37.2285552924491,-80.4199433326434,14,757.59
8edb0ac0-7024-48a5-a3bf-3ff8e8a7044f,37.2093385207007,-80.3988274088726,67,4359.27
f0de71e0-107d-4bcb-a8d2-8dfcf6d66e3a,37.2352825660932,-80.4209114641985,44,3680.87
da4e0dbe-a20d-4ca9-80cb-7614cd29577c,37.2372021826439,-80.4348479974005,66,3331.08
c9430839-4a0c-471d-83b5-6785322fce8a,37.2165682742934,-80.4461506275028,51,4828.94
c36e7bd9-7191-4115-a8f8-5507f1f145cf,37.1673471136504,-80.4290504974363,130,14221.24
d5bba5d8-b131-4789-abec-efc493310641,37.2324780787711,-80.4236859027626,11,316.51
6c8db17c-cc7e-4357-a5c5-21c8e98984ed,37.2329216853497,-80.4177348238771,22,1241.67
da4e0dbe-a20d-4ca9-80cb-7614cd29577c,37.238024606587,-80.4266053692463,27,1583.66
fd0937b3-48d6-4b86-9d74-e463b40d55f4,37.1868475123983,-80.410112516405,186,19765.27
b6d71f6b-4e43-42bc-a74d-ef5ff8fbb8a6,37.2322529152206,-80.4168893926873,29,1250.76
6e506adb-c6e8-48e0-b606-2bd650720397,37.2551373092965,-80.4141905425627,50,4617.37
67b5d761-e302-49aa-abb2-580efabd4eaf,37.2319499401127,-80.4239749359024,26,1426.86
d9e3b73a-4dff-41e8-8980-71d8aa98e45f,37.2310012300384,-80.4273016397199,1,54.15
99f7a61c-9121-44a6-ac7a-8cd83a2bec8a,37.2093655673711,-80.399278947517,84,8701.59
f06184b6-e86d-4b52-bd0b-2b5ea817c97e,37.2139549264357,-80.4252446974365,54,3354.88
da4e0dbe-a20d-4ca9-80cb-7614cd29577c,37.2403141833852,-80.4356318911575,55,2966.67
7d6b5437-cda5-4b9f-822a-b8f311b72480,37.2322125931202,-80.4236843290138,93,5685.09
8edb0ac0-7024-48a5-a3bf-3ff8e8a7044f,37.2329415551306,-80.4176920416144,126,8796.69
0a3f36d7-c307-4463-b6c5-99406a7cffaf,37.2256801028958,-80.4434694515858,75,6048.5
7a7f8de7-b6e6-4d4f-b306-26500b9c1da1,37.2173042736918,-80.4482643431944,25,2225.85
b6d71f6b-4e43-42bc-a74d-ef5ff8fbb8a6,37.2352139013691,-80.4209165300974,115,10619.58
78bec10c-1fb8-41d6-af99-dd82e113d469,37.2395400547707,-80.426954056439,67,3911.57
a43aa2ac-7c35-4c0b-a970-437b91e4ba35,37.2266955257861,-80.4406241436305,75,7641.1
da4e0dbe-a20d-4ca9-80cb-7614cd29577c,37.2410338973869,-80.4352544289222,53,2879.61
8c645223-1d5a-4351-adb6-43949e7cf524,37.232507344232,-80.4236958903644,9,309.61
3c2c524f-a466-48b1-81e4-f3ac7f35d571,37.2267356221367,-80.4407869841292,24,2018.14
c1bea031-37b2-475c-8beb-85fbb71be7a0,37.2246140781796,-80.4301913161013,71,3619.07
641aaf72-1326-4d06-a82a-2f2d84091463,37.2321166432686,-80.4228998656467,52,3791.04
6add60f2-c611-432d-b7dc-83ccf50cad6e,37.2433016454596,-80.4287096591385,40,3535.56
7d6b5437-cda5-4b9f-822a-b8f311b72480,37.2186151317724,-80.4192594410811,30,2276.42
7d6b5437-cda5-4b9f-822a-b8f311b72480,37.227577171364,-80.4184618673627,14,952.09
4c65baab-ac20-473b-8a19-0b9cb7567806,37.2229789856359,-80.4503853458416,21,1913.48
2674478c-5212-4ba0-993a-819fef810e02,37.2406450301322,-80.4001326026942,15,494.57
3c2c524f-a466-48b1-81e4-f3ac7f35d571,37.229738,-80.427082,90,8406.78
8edb0ac0-7024-48a5-a3bf-3ff8e8a7044f,37.2339703016907,-80.4226478972184,144,9424.75
99f7a61c-9121-44a6-ac7a-8cd83a2bec8a,37.1975145997396,-80.4005450276456,78,7313.06
8c645223-1d5a-4351-adb6-43949e7cf524,37.1656140792088,-80.4285905880832,125,14020.9
50af930d-67fd-4314-80ca-dcff1602aa9f,37.2325980910356,-80.417257088577,102,7068.36
86a57bd8-fef0-4b5e-b079-990c8f500901,37.2321857517567,-80.4243019587334,80,5817.56
c1bea031-37b2-475c-8beb-85fbb71be7a0,37.2321224712645,-80.4238274541223,128,5736.96
2674478c-5212-4ba0-993a-819fef810e02,37.2346801786098,-80.4092414343526,23,1556.5
fd0937b3-48d6-4b86-9d74-e463b40d55f4,37.1611303576512,-80.4270614593862,140,14362.58
c1bea031-37b2-475c-8beb-85fbb71be7a0,37.2320316369504,-80.4240556262045,129,5759.53
c1bea031-37b2-475c-8beb-85fbb71be7a0,37.2244350589961,-80.4335920435985,49,2246.84
009b7c3f-c455-4799-b8cf-815505da3f7e,37.2340756358121,-80.4220788922127,20,1302.42
d5bba5d8-b131-4789-abec-efc493310641,37.2317764003143,-80.4103216773463,93,6180.53
86a57bd8-fef0-4b5e-b079-990c8f500901,37.2393,-80.416711,25,1586.44
af234ae3-0762-49b9-89ff-4665d5b32ac7,37.2322975163275,-80.4237532175132,122,5761.91
0aa35e38-de23-44ce-b140-77621ff93358,37.2524830551435,-80.4127490766495,53,5000.48
c1bea031-37b2-475c-8beb-85fbb71be7a0,37.2279153185861,-80.4267259031504,23,1311.1
25434fe2-1283-4de5-baa4-bb1845c06a9e,37.2403058254901,-80.4191971075056,34,1423.65
af234ae3-0762-49b9-89ff-4665d5b32ac7,37.2322180364931,-80.4236747833544,123,5773.14
2674478c-5212-4ba0-993a-819fef810e02,37.2400830545928,-80.3985425284964,4,119.47
e0c0f9c9-b199-40b3-87ab-7bd1f213e157,37.2275882906513,-80.4179940477308,15,993.5
6c8db17c-cc7e-4357-a5c5-21c8e98984ed,37.2415013121623,-80.3992037513841,46,3811.8
fd0937b3-48d6-4b86-9d74-e463b40d55f4,37.1675982824584,-80.4281023085521,127,13268.14
8edb0ac0-7024-48a5-a3bf-3ff8e8a7044f,37.2307996293567,-80.4155389107822,35,1454.58
8c645223-1d5a-4351-adb6-43949e7cf524,37.2313345644635,-80.4307676226549,248,29770.12
c1bea031-37b2-475c-8beb-85fbb71be7a0,37.2263145321158,-80.4255672662487,93,4338.5
bccd5bab-2cf0-4b7a-bbac-6523feb55222,37.2234500337592,-80.4288355973139,119,6312.86
ab1a571c-16bb-4448-8f67-f16233a2bd20,37.2144882210784,-80.4522285134929,4,355.88
6e506adb-c6e8-48e0-b606-2bd650720397,37.2553341598074,-80.4135876798,51,4675
7d6b5437-cda5-4b9f-822a-b8f311b72480,37.2282721236726,-80.4199491148492,10,789.88
6c8db17c-cc7e-4357-a5c5-21c8e98984ed,37.2346801786098,-80.4092414343526,78,5739.58
1624ad03-0ebf-4743-8abc-42f34060e035,37.2367906616944,-80.4211083198592,55,3985.53
d9e3b73a-4dff-41e8-8980-71d8aa98e45f,37.2257557591049,-80.4366042057581,38,3034.52
8c645223-1d5a-4351-adb6-43949e7cf524,37.1560048748049,-80.4223450082192,173,17259.39
8c645223-1d5a-4351-adb6-43949e7cf524,37.1631905194328,-80.4236213458016,160,16068.09
6c8db17c-cc7e-4357-a5c5-21c8e98984ed,37.232057382721,-80.4165465061704,90,6969.99
67b5d761-e302-49aa-abb2-580efabd4eaf,37.2226579773135,-80.4284184702234,74,4054.99
fd0937b3-48d6-4b86-9d74-e463b40d55f4,37.181945039912,-80.4107613807636,181,19114.31
bccd5bab-2cf0-4b7a-bbac-6523feb55222,37.2252498730335,-80.4362761463034,95,5052.23
25434fe2-1283-4de5-baa4-bb1845c06a9e,37.2554048456404,-80.4136280491178,48,3633.66
50af930d-67fd-4314-80ca-dcff1602aa9f,37.2385825060953,-80.404277318971,47,3263.5
a43aa2ac-7c35-4c0b-a970-437b91e4ba35,37.2166086840268,-80.4461180995466,57,5762.08
8c645223-1d5a-4351-adb6-43949e7cf524,37.1629262907428,-80.4234680426839,161,16100.44
fd0937b3-48d6-4b86-9d74-e463b40d55f4,37.187951670933,-80.4067134137598,192,20643.38
e570e646-82c5-4744-98dc-764a6d346163,37.2293139771747,-80.4277494642336,4,278.15
e570e646-82c5-4744-98dc-764a6d346163,37.2307815585628,-80.4275819003622,2,51.91
e0c0f9c9-b199-40b3-87ab-7bd1f213e157,37.2275160152542,-80.4176100166897,16,1028.41
c2c639a5-32f8-41e3-8221-8ebd4c904b68,37.229666,-80.420837,30,2897.89
fd0937b3-48d6-4b86-9d74-e463b40d55f4,37.17360051225,-80.4199585543945,176,17872.54
50af930d-67fd-4314-80ca-dcff1602aa9f,37.2322529152206,-80.4168893926873,28,1363.25
f8939f8a-f65e-4d6f-8519-2c2840e3e6a5,37.220974064503,-80.4386330368306,206,25753.9
8734192f-6a21-49a5-abcc-f16c770661f5,37.2255258368352,-80.4371642306169,48,3271.79
67b5d761-e302-49aa-abb2-580efabd4eaf,37.2274642507124,-80.4262766863534,148,7890.12
98e4504d-d61b-4182-95cb-038c39551a3a,37.2283938557522,-80.4391045242466,20,1768.25
fd0937b3-48d6-4b86-9d74-e463b40d55f4,37.1664810903131,-80.4239531228968,109,11860.36
bccd5bab-2cf0-4b7a-bbac-6523feb55222,37.2214510154184,-80.4219090955526,59,3310.33
e708f6e7-1846-4ab0-b148-b3f768db6cb4,37.2384280672336,-80.4266056172508,24,1615.04
c2c639a5-32f8-41e3-8221-8ebd4c904b68,37.2321349149863,-80.4228811720085,35,3240.71
67b5d761-e302-49aa-abb2-580efabd4eaf,37.2253407155175,-80.4363438848903,96,5063.97
6e506adb-c6e8-48e0-b606-2bd650720397,37.2348001535498,-80.4209913256766,71,7177.88
916d6333-dc42-44dd-8071-6054f1ed29d8,37.2127486004967,-80.4441216228957,67,5286.89
916d6333-dc42-44dd-8071-6054f1ed29d8,37.2172101840995,-80.4474531277375,57,4638.65
fd0937b3-48d6-4b86-9d74-e463b40d55f4,37.1858312390884,-80.4092333484788,90,8553.98
78bec10c-1fb8-41d6-af99-dd82e113d469,37.2307908461911,-80.4275011250294,2,133.64
009b7c3f-c455-4799-b8cf-815505da3f7e,37.2333833627978,-80.4251010413304,75,4644.96
bccd5bab-2cf0-4b7a-bbac-6523feb55222,37.223330799987,-80.4319515723083,88,4569.12
0838e7d7-57d5-427d-b770-e402eac1f11e,37.2419318834994,-80.4345738816224,41,2136.3
e708f6e7-1846-4ab0-b148-b3f768db6cb4,37.242260364969,-80.433388461262,63,3960.81
f83a250c-9d24-4fcf-a339-5447d451fdf5,37.2131471637222,-80.3938400753758,41,3239.7
b6d71f6b-4e43-42bc-a74d-ef5ff8fbb8a6,37.2351060400316,-80.4209414864189,116,10631.77
d5bba5d8-b131-4789-abec-efc493310641,37.2392316007156,-80.4029925407763,48,3398.11
0a3f36d7-c307-4463-b6c5-99406a7cffaf,37.2146448289783,-80.4531453739451,50,4059.66
c36e7bd9-7191-4115-a8f8-5507f1f145cf,37.2332680734348,-80.4249722279491,14,460.9
c36e7bd9-7191-4115-a8f8-5507f1f145cf,37.2314513939598,-80.4295855822356,21,936.59
b6d71f6b-4e43-42bc-a74d-ef5ff8fbb8a6,37.2319659458574,-80.4164760663831,30,1299.28
86a57bd8-fef0-4b5e-b079-990c8f500901,37.2357537475921,-80.4210291154284,67,5058.41
99f7a61c-9121-44a6-ac7a-8cd83a2bec8a,37.2000611652127,-80.400800394702,45,5403.41
0838e7d7-57d5-427d-b770-e402eac1f11e,37.2399134124155,-80.4355245736934,32,1885.9
99f7a61c-9121-44a6-ac7a-8cd83a2bec8a,37.232178124475,-80.4237007434246,139,14216.36
0838e7d7-57d5-427d-b770-e402eac1f11e,37.2432516355307,-80.422003025969,71,3689.94
e570e646-82c5-4744-98dc-764a6d346163,37.2368889862559,-80.4211415131315,46,4438.45
f8939f8a-f65e-4d6f-8519-2c2840e3e6a5,37.232060938421,-80.4238884478084,236,28225.61
c2c639a5-32f8-41e3-8221-8ebd4c904b68,37.2231262757257,-80.4194773983644,18,1796.91
bccd5bab-2cf0-4b7a-bbac-6523feb55222,37.2308466575196,-80.4214118977956,32,1724.31
fd0937b3-48d6-4b86-9d74-e463b40d55f4,37.1977497182708,-80.4093675713474,77,6877.12
3f10aa8b-ace6-4ae9-ba94-ffaeea5f0ab2,37.233681610671,-80.4237348855326,77,8138.38
edb1129b-9c6e-4d99-8a37-9ca86e8d6c3d,37.2338585427912,-80.4231333470884,33,2086.51
a632e61e-c94b-4ceb-a95e-33c672af2314,37.2292764206675,-80.4277512198948,45,3131.82
f06184b6-e86d-4b52-bd0b-2b5ea817c97e,37.231890665207,-80.422524787368,6,348.59
e570e646-82c5-4744-98dc-764a6d346163,37.2337714874603,-80.4233433098266,56,4915.85
f0de71e0-107d-4bcb-a8d2-8dfcf6d66e3a,37.2336447617097,-80.4239169183445,49,4029.71
0aa35e38-de23-44ce-b140-77621ff93358,37.2494964152274,-80.4126364238642,56,5353.36
fd0937b3-48d6-4b86-9d74-e463b40d55f4,37.2197506493133,-80.438058276585,69,3328.17
c36e7bd9-7191-4115-a8f8-5507f1f145cf,37.1662646820441,-80.4247009671194,105,12945.4
fd0937b3-48d6-4b86-9d74-e463b40d55f4,37.1621909119146,-80.4260673733602,143,14548.64
25434fe2-1283-4de5-baa4-bb1845c06a9e,37.2322715895021,-80.4237415548219,100,7800.59
f8939f8a-f65e-4d6f-8519-2c2840e3e6a5,37.2312632952088,-80.4249366133109,2,97.55
a26fa236-5b1f-44ff-93d3-aeaf75cc2973,37.2091227238512,-80.3985778456591,68,4391.87
bccd5bab-2cf0-4b7a-bbac-6523feb55222,37.2241191188739,-80.4292801827695,77,4237.67
d5bba5d8-b131-4789-abec-efc493310641,37.2323937866221,-80.4233134601664,8,275.71
e708f6e7-1846-4ab0-b148-b3f768db6cb4,37.2400714442412,-80.4356505011979,71,4308.78
1624ad03-0ebf-4743-8abc-42f34060e035,37.2451177087496,-80.4247385516607,33,1866.56
e0c0f9c9-b199-40b3-87ab-7bd1f213e157,37.2202447455524,-80.419687263735,25,2090.25
bccd5bab-2cf0-4b7a-bbac-6523feb55222,37.2242160383998,-80.4243232674421,139,7485.53
f8939f8a-f65e-4d6f-8519-2c2840e3e6a5,37.1897020997856,-80.4056451238332,76,7954.76
1dc0fd3b-7e4c-4647-b4f4-48d87fcaa171,37.2325798387715,-80.4265680706309,45,7934.93
fd0937b3-48d6-4b86-9d74-e463b40d55f4,37.1881053046819,-80.4069873525037,88,8166.08
8909fd06-51cb-4b38-b873-c3b148b909b0,37.229561,-80.427317,55,7851.53
c9430839-4a0c-471d-83b5-6785322fce8a,37.2249148142852,-80.4463606386196,78,7157.11
86a57bd8-fef0-4b5e-b079-990c8f500901,37.2436123287647,-80.4134339798378,31,2218.65
86a57bd8-fef0-4b5e-b079-990c8f500901,37.2481886665296,-80.4173157362424,47,3280.94
a26fa236-5b1f-44ff-93d3-aeaf75cc2973,37.2114765798216,-80.3996367067269,95,5862.51
c36e7bd9-7191-4115-a8f8-5507f1f145cf,37.2316444182321,-80.4339600688741,27,1326.15
a26fa236-5b1f-44ff-93d3-aeaf75cc2973,37.21998846409,-80.4036368485406,49,3052.71
fd0937b3-48d6-4b86-9d74-e463b40d55f4,37.164324753114,-80.4181387356215,156,15885.49
f662dd49-53b2-49fa-8046-c83dde4f3bb4,37.2255730627437,-80.4478156821172,1,10.85
b6d71f6b-4e43-42bc-a74d-ef5ff8fbb8a6,37.2324782357407,-80.4240729076625,128,11209.8
9231ca1f-b1ee-4245-85f9-3186ecc00751,37.1949897811733,-80.4039334414818,144,9799.75
6add60f2-c611-432d-b7dc-83ccf50cad6e,37.2461262279985,-80.4219707789927,33,2856.85
a26fa236-5b1f-44ff-93d3-aeaf75cc2973,37.2141824296743,-80.4004495697687,58,3768.79
a5d067da-d551-4428-93e8-ae0cd08d0e96,37.2011294782835,-80.4106489068656,13,1180.77
9231ca1f-b1ee-4245-85f9-3186ecc00751,37.2206271998859,-80.4245339566583,13,1493.18
f06184b6-e86d-4b52-bd0b-2b5ea817c97e,37.1936320321742,-80.4008769353037,158,10353.85
312be01d-4ee2-41b0-87d1-4ac8e4899530,37.2228859620705,-80.4286163890564,28,1151.15
2674478c-5212-4ba0-993a-819fef810e02,37.2339302142817,-80.4190482448964,40,3094.21
da4e0dbe-a20d-4ca9-80cb-7614cd29577c,37.2404901554348,-80.4355819785145,54,2946.62
a5d067da-d551-4428-93e8-ae0cd08d0e96,37.2053186075747,-80.4183156279731,29,2285.63
edb1129b-9c6e-4d99-8a37-9ca86e8d6c3d,37.2395825073824,-80.4196683022664,14,1307.32
6e506adb-c6e8-48e0-b606-2bd650720397,37.2339542848046,-80.4226919207265,75,7358.38
641aaf72-1326-4d06-a82a-2f2d84091463,37.227662794094,-80.4180440785211,76,4549.77
25434fe2-1283-4de5-baa4-bb1845c06a9e,37.2553341598074,-80.4135876798,66,4720.33
c36e7bd9-7191-4115-a8f8-5507f1f145cf,37.2213354724046,-80.4386931953177,234,28093.49
1624ad03-0ebf-4743-8abc-42f34060e035,37.2325053818793,-80.4240475046632,9,153.22
641aaf72-1326-4d06-a82a-2f2d84091463,37.2280658938842,-80.4195699793212,71,4400.73
c36e7bd9-7191-4115-a8f8-5507f1f145cf,37.2314286851894,-80.4300169700784,22,974.84
f06184b6-e86d-4b52-bd0b-2b5ea817c97e,37.2321063969281,-80.4228420891697,5,311.67
b6d71f6b-4e43-42bc-a74d-ef5ff8fbb8a6,37.2201373638359,-80.4036931030831,100,8333.9
f8939f8a-f65e-4d6f-8519-2c2840e3e6a5,37.2314586018443,-80.4293988305254,19,945.43
6e506adb-c6e8-48e0-b606-2bd650720397,37.232418639775,-80.4233336547078,6,148.26
c36e7bd9-7191-4115-a8f8-5507f1f145cf,37.1645116490237,-80.4127047377503,193,19383.74
0a3f36d7-c307-4463-b6c5-99406a7cffaf,37.2205257277879,-80.4480820771041,62,5016.75
6e506adb-c6e8-48e0-b606-2bd650720397,37.2335029616921,-80.4247597302212,78,7548.35
c36e7bd9-7191-4115-a8f8-5507f1f145cf,37.2172087507373,-80.4359916181514,56,3652.35
c36e7bd9-7191-4115-a8f8-5507f1f145cf,37.1665260580251,-80.4249255740128,106,12980.6
f8939f8a-f65e-4d6f-8519-2c2840e3e6a5,37.1814540047346,-80.4115598781735,89,9738.58
50af930d-67fd-4314-80ca-dcff1602aa9f,37.2414482505228,-80.3982608785828,58,3912.51
c36e7bd9-7191-4115-a8f8-5507f1f145cf,37.2275137693041,-80.4395112805496,238,28807.98
86a57bd8-fef0-4b5e-b079-990c8f500901,37.2429212182251,-80.4221501322357,59,4214.96
fd0937b3-48d6-4b86-9d74-e463b40d55f4,37.2015102756483,-80.4148621406144,207,22705.24
c36e7bd9-7191-4115-a8f8-5507f1f145cf,37.2114941791589,-80.4304183284112,59,4456.97
a26fa236-5b1f-44ff-93d3-aeaf75cc2973,37.2099539464685,-80.3956607219971,79,4817.1
af234ae3-0762-49b9-89ff-4665d5b32ac7,37.23672838456,-80.421093586676,32,967.56
b8c51a51-84af-4a44-9a35-9f53382c3b05,37.2463125825431,-80.4148996692724,28,2772.63
c36e7bd9-7191-4115-a8f8-5507f1f145cf,37.1675971218969,-80.4275174662588,109,13239.27
bccd5bab-2cf0-4b7a-bbac-6523feb55222,37.2237537951355,-80.4289675092989,118,6277.15
f8939f8a-f65e-4d6f-8519-2c2840e3e6a5,37.1693191836532,-80.4214966846432,96,11404.31
8734192f-6a21-49a5-abcc-f16c770661f5,37.2242158732458,-80.429459260623,22,2190.27
f0de71e0-107d-4bcb-a8d2-8dfcf6d66e3a,37.248016990185,-80.4174305564682,17,1622.31
0aa35e38-de23-44ce-b140-77621ff93358,37.2556131932505,-80.4106958455262,45,3316.08
9231ca1f-b1ee-4245-85f9-3186ecc00751,37.2123105742759,-80.4242252481952,35,2722.91
f06184b6-e86d-4b52-bd0b-2b5ea817c97e,37.2114332204286,-80.4242252481952,62,3701.58
0aa35e38-de23-44ce-b140-77621ff93358,37.2419191743087,-80.4180316876192,35,1635.17
78bec10c-1fb8-41d6-af99-dd82e113d469,37.2410407529377,-80.4223657318797,39,2207.44
a43aa2ac-7c35-4c0b-a970-437b91e4ba35,37.2178461469737,-80.4533428196084,32,3620.42
a632e61e-c94b-4ceb-a95e-33c672af2314,37.2210416999787,-80.4226448874365,35,2096.11
6e506adb-c6e8-48e0-b606-2bd650720397,37.2336221793806,-80.4236366957543,16,465.59
c36e7bd9-7191-4115-a8f8-5507f1f145cf,37.2315393903804,-80.434423543416,28,1368.78
8edb0ac0-7024-48a5-a3bf-3ff8e8a7044f,37.227610929466,-80.4120825476696,38,1922.64
c36e7bd9-7191-4115-a8f8-5507f1f145cf,37.2073856888655,-80.4244725489404,61,5153.96
7172a8d8-0bfc-4398-8da7-f0e7ecaa85d7,37.2324948949846,-80.4236828294701,10,268.27
8909fd06-51cb-4b38-b873-c3b148b909b0,37.2250981353095,-80.4460707812172,18,2565.68
0aa35e38-de23-44ce-b140-77621ff93358,37.2324696461757,-80.423403940954,7,156.67
a26fa236-5b1f-44ff-93d3-aeaf75cc2973,37.2337403827556,-80.4232432837451,19,530.86
4c65baab-ac20-473b-8a19-0b9cb7567806,37.2131685741644,-80.4441872503869,4,434.59
fd0937b3-48d6-4b86-9d74-e463b40d55f4,37.1673681612659,-80.4290577791462,113,12344.63
c36e7bd9-7191-4115-a8f8-5507f1f145cf,37.1560048748049,-80.4223450082192,172,17260.26
25434fe2-1283-4de5-baa4-bb1845c06a9e,37.2335006781279,-80.4247469380589,92,7593.53
d9e3b73a-4dff-41e8-8980-71d8aa98e45f,37.2208359621196,-80.4231173868089,69,4950.41
af234ae3-0762-49b9-89ff-4665d5b32ac7,37.2392852448991,-80.422364796541,96,4634.58
c36e7bd9-7191-4115-a8f8-5507f1f145cf,37.1663903778347,-80.4244261491421,104,12917.34
c36e7bd9-7191-4115-a8f8-5507f1f145cf,37.1642872006778,-80.4125799561428,194,19411.02
99f7a61c-9121-44a6-ac7a-8cd83a2bec8a,37.1957424981703,-80.3998854677207,71,7089.51
0aa35e38-de23-44ce-b140-77621ff93358,37.2343687049059,-80.4214048875756,18,680.44
8c645223-1d5a-4351-adb6-43949e7cf524,37.1606078574653,-80.4217817083929,181,18095.71
2674478c-5212-4ba0-993a-819fef810e02,37.2391994142055,-80.4030582549011,17,799.19
c36e7bd9-7191-4115-a8f8-5507f1f145cf,37.1966450966439,-80.4077286534112,65,7056.79
e708f6e7-1846-4ab0-b148-b3f768db6cb4,37.2300374873799,-80.4283311686212,5,456.64
3c2c524f-a466-48b1-81e4-f3ac7f35d571,37.2289781052164,-80.4385956175589,21,1701.48
f662dd49-53b2-49fa-8046-c83dde4f3bb4,37.2314340539256,-80.4312040658984,25,1809.52
c36e7bd9-7191-4115-a8f8-5507f1f145cf,37.1684265271523,-80.4162530665835,82,11025.64
641aaf72-1326-4d06-a82a-2f2d84091463,37.232409680893,-80.4237259927136,40,3333.55
c36e7bd9-7191-4115-a8f8-5507f1f145cf,37.1621024318453,-80.4268008633141,147,15253.92
6add60f2-c611-432d-b7dc-83ccf50cad6e,37.2410338973869,-80.4352544289222,49,4197.47
c36e7bd9-7191-4115-a8f8-5507f1f145cf,37.1648554230459,-80.4134641229612,190,19303.42
c36e7bd9-7191-4115-a8f8-5507f1f145cf,37.1604146514847,-80.4219243159416,164,16413.24
fd0937b3-48d6-4b86-9d74-e463b40d55f4,37.1853838835054,-80.4085254653706,191,20316.05
c36e7bd9-7191-4115-a8f8-5507f1f145cf,37.1629262907428,-80.4234680426839,161,16100.44
7d6b5437-cda5-4b9f-822a-b8f311b72480,37.2250467374949,-80.4167187462281,70,4443.83
5ace41fb-b4a5-42d0-8d49-1628dcfd98a9,37.2109436047771,-80.4242267109766,59,3945.62
0a3f36d7-c307-4463-b6c5-99406a7cffaf,37.2167788277137,-80.4533697934967,46,3815.67
c36e7bd9-7191-4115-a8f8-5507f1f145cf,37.164858264147,-80.4138562937274,189,19268.69
c36e7bd9-7191-4115-a8f8-5507f1f145cf,37.2314537855807,-80.4290099845845,250,29928.85
fd0937b3-48d6-4b86-9d74-e463b40d55f4,37.174411767613,-80.4198783861665,103,10817.07
7d6b5437-cda5-4b9f-822a-b8f311b72480,37.2171113734996,-80.4169964265446,39,2634.27
bccd5bab-2cf0-4b7a-bbac-6523feb55222,37.232011661739,-80.4275796624647,9,698.02
e570e646-82c5-4744-98dc-764a6d346163,37.2326890878087,-80.4265016481601,60,5223.44
50af930d-67fd-4314-80ca-dcff1602aa9f,37.2312713793516,-80.4249242168347,2,79.35
c36e7bd9-7191-4115-a8f8-5507f1f145cf,37.2048499558431,-80.4205016678519,62,5604.41
da4e0dbe-a20d-4ca9-80cb-7614cd29577c,37.2296131754909,-80.4280522998053,93,4563.58
916d6333-dc42-44dd-8071-6054f1ed29d8,37.2313766504514,-80.4307752278564,102,8744.85
916d6333-dc42-44dd-8071-6054f1ed29d8,37.2126861358742,-80.444232143748,66,5274.9
25434fe2-1283-4de5-baa4-bb1845c06a9e,37.2326122165324,-80.424365462859,96,7731.11
e93f9bcf-465f-43b3-90d0-216bddda2c87,37.2427697411681,-80.4281238733107,28,1393.28
f8939f8a-f65e-4d6f-8519-2c2840e3e6a5,37.2316077436747,-80.4328535606775,219,27291.07
fd0937b3-48d6-4b86-9d74-e463b40d55f4,37.1638839345696,-80.4214015824967,155,15592.43
c36e7bd9-7191-4115-a8f8-5507f1f145cf,37.1640599105345,-80.4125264783111,195,19436.72
c36e7bd9-7191-4115-a8f8-5507f1f145cf,37.167082,-80.421249,100,12537.45
c36e7bd9-7191-4115-a8f8-5507f1f145cf,37.1664517129322,-80.4240632969176,103,12884.49
916d6333-dc42-44dd-8071-6054f1ed29d8,37.225343858566,-80.445677663723,34,2436.84
4c65baab-ac20-473b-8a19-0b9cb7567806,37.215855812032,-80.4451552138957,1,118.43
2674478c-5212-4ba0-993a-819fef810e02,37.229905559415,-80.4145555445287,32,2492.01
c36e7bd9-7191-4115-a8f8-5507f1f145cf,37.2133300534584,-80.4324143111176,58,4187.12
f06184b6-e86d-4b52-bd0b-2b5ea817c97e,37.2267081365038,-80.4283905028021,26,1664.13
2504249f-e511-4516-8a2e-2c1e088d018d,37.20866514496,-80.3967295823532,41,4599.29
a26fa236-5b1f-44ff-93d3-aeaf75cc2973,37.2179301411597,-80.4017972111284,53,3334.25
c36e7bd9-7191-4115-a8f8-5507f1f145cf,37.2324959900064,-80.4269259514027,17,672.23
c36e7bd9-7191-4115-a8f8-5507f1f145cf,37.2316212625461,-80.4284359891904,251,29982.94
99f7a61c-9121-44a6-ac7a-8cd83a2bec8a,37.231449,-80.424654,0,0
0838e7d7-57d5-427d-b770-e402eac1f11e,37.231019,-80.427163,106,6028.85
6add60f2-c611-432d-b7dc-83ccf50cad6e,37.2310805021437,-80.4271789630592,1,92.94
bccd5bab-2cf0-4b7a-bbac-6523feb55222,37.2276755945941,-80.4186695923728,47,2235.06
bccd5bab-2cf0-4b7a-bbac-6523feb55222,37.2326057298083,-80.4243576958465,16,1045.86
0a3f36d7-c307-4463-b6c5-99406a7cffaf,37.229561,-80.427317,97,7915.29
c2c639a5-32f8-41e3-8221-8ebd4c904b68,37.2320669378995,-80.423893161937,42,3382.24
e708f6e7-1846-4ab0-b148-b3f768db6cb4,37.2305200561839,-80.42859855778,7,515.39
f8939f8a-f65e-4d6f-8519-2c2840e3e6a5,37.1865298621377,-80.4110319348974,86,8989.15
edb1129b-9c6e-4d99-8a37-9ca86e8d6c3d,37.2324662210165,-80.4240406022204,41,2416.07
d9e3b73a-4dff-41e8-8980-71d8aa98e45f,37.230711,-80.42681,82,6272.94
1ffbf7b0-7064-46bb-8fc0-06398ba20b40,37.139165809346,-80.4144678288944,257,14806.44
1ffbf7b0-7064-46bb-8fc0-06398ba20b40,37.1685123631431,-80.4205014431841,337,20953.66
1ffbf7b0-7064-46bb-8fc0-06398ba20b40,37.1662768522666,-80.424705024046,347,21535.98
1ffbf7b0-7064-46bb-8fc0-06398ba20b40,37.1391544410789,-80.4142895694553,256,14790.6
81bcb829-889c-4879-8eb0-cb3933fec788,37.158773359064,-80.421821153828,27,1688.49
1ffbf7b0-7064-46bb-8fc0-06398ba20b40,37.1642249622479,-80.429137,362,22441.36
1ffbf7b0-7064-46bb-8fc0-06398ba20b40,37.1676501433641,-80.4279920713897,351,21867.95
1ffbf7b0-7064-46bb-8fc0-06398ba20b40,37.127602685991,-80.4224192710708,129,7976.68
81bcb829-889c-4879-8eb0-cb3933fec788,37.138861953971,-80.3529346612622,144,10461.81
1ffbf7b0-7064-46bb-8fc0-06398ba20b40,37.1564157102356,-80.4163982222318,53,3877.98
81bcb829-889c-4879-8eb0-cb3933fec788,37.1665272672961,-80.4249729372094,8,542.86
1ffbf7b0-7064-46bb-8fc0-06398ba20b40,37.1449007991346,-80.4054146229312,272,16187.41
1ffbf7b0-7064-46bb-8fc0-06398ba20b40,37.1638762750552,-80.4297355073533,361,22375.71
81bcb829-889c-4879-8eb0-cb3933fec788,37.1557785381671,-80.4230297528257,35,2208.7
81bcb829-889c-4879-8eb0-cb3933fec788,37.1405472874351,-80.3523107532248,138,10239.12
1ffbf7b0-7064-46bb-8fc0-06398ba20b40,37.1632848479321,-80.4274972037969,13,1048.52
81bcb829-889c-4879-8eb0-cb3933fec788,37.1510569656215,-80.4011504413921,64,4454.43
81bcb829-889c-4879-8eb0-cb3933fec788,37.156464963448,-80.4212457237813,39,2384.92
81bcb829-889c-4879-8eb0-cb3933fec788,37.1328570658829,-80.3820263446433,208,15147.88
1ffbf7b0-7064-46bb-8fc0-06398ba20b40,37.1330871959381,-80.4130977638422,97,6717.67
81bcb829-889c-4879-8eb0-cb3933fec788,37.1335704579302,-80.3748963911879,84,7492.51
1ffbf7b0-7064-46bb-8fc0-06398ba20b40,37.1670318941493,-80.4261158660719,349,21687.68
1ffbf7b0-7064-46bb-8fc0-06398ba20b40,37.1372177980672,-80.3961917994137,211,12602.68
1ffbf7b0-7064-46bb-8fc0-06398ba20b40,37.146936550712,-80.4046973727936,279,16425.67
1ffbf7b0-7064-46bb-8fc0-06398ba20b40,37.1628288723724,-80.4271699742776,22,1691.42
81bcb829-889c-4879-8eb0-cb3933fec788,37.1392311742068,-80.3775169254372,176,13133.85
81bcb829-889c-4879-8eb0-cb3933fec788,37.166160772465,-80.4246627657853,10,592.06
1ffbf7b0-7064-46bb-8fc0-06398ba20b40,37.1402912593306,-80.4147387832421,258,14933.78
1ffbf7b0-7064-46bb-8fc0-06398ba20b40,37.1536691280406,-80.4139681407194,305,18144.57
81bcb829-889c-4879-8eb0-cb3933fec788,37.1331469575092,-80.3718160680786,91,7943.51
1ffbf7b0-7064-46bb-8fc0-06398ba20b40,37.1413825887803,-80.4048061672902,228,13690.27
1ffbf7b0-7064-46bb-8fc0-06398ba20b40,37.1348173225475,-80.390363587527,198,11959.93
81bcb829-889c-4879-8eb0-cb3933fec788,37.1570188127314,-80.4199560807353,41,2514.72
81bcb829-889c-4879-8eb0-cb3933fec788,37.1561177210677,-80.4220638387983,37,2302.65
1ffbf7b0-7064-46bb-8fc0-06398ba20b40,37.1674690942448,-80.4288316028614,353,21945.2
1ffbf7b0-7064-46bb-8fc0-06398ba20b40,37.1599937772747,-80.4215923202987,30,2440.92
1ffbf7b0-7064-46bb-8fc0-06398ba20b40,37.1463114044829,-80.4047845153327,276,16354.73
81bcb829-889c-4879-8eb0-cb3933fec788,37.166677,-80.425254,7,512.92
81bcb829-889c-4879-8eb0-cb3933fec788,37.1327644358638,-80.4128402162622,263,19594.99
81bcb829-889c-4879-8eb0-cb3933fec788,37.1590120303881,-80.4213184622095,26,1636.67
1ffbf7b0-7064-46bb-8fc0-06398ba20b40,37.127760328517,-80.4197737824782,126,7741.6
1ffbf7b0-7064-46bb-8fc0-06398ba20b40,37.1384690486472,-80.4136677332918,253,14694.17
1ffbf7b0-7064-46bb-8fc0-06398ba20b40,37.1360134504456,-80.4138779021386,89,6384.71
81bcb829-889c-4879-8eb0-cb3933fec788,37.1403597142353,-80.3522715361481,139,10260.25
1ffbf7b0-7064-46bb-8fc0-06398ba20b40,37.1334417907453,-80.3901574776791,191,11724.56
1ffbf7b0-7064-46bb-8fc0-06398ba20b40,37.1510091831755,-80.4148375224019,64,4549.49
81bcb829-889c-4879-8eb0-cb3933fec788,37.1381321745951,-80.3529704801673,146,10542.98
81bcb829-889c-4879-8eb0-cb3933fec788,37.158489225553,-80.4225377567735,28,1759.37
81bcb829-889c-4879-8eb0-cb3933fec788,37.1521623476317,-80.4079385608366,55,3825.45
1ffbf7b0-7064-46bb-8fc0-06398ba20b40,37.1423341120681,-80.4151872047894,81,5670.55
81bcb829-889c-4879-8eb0-cb3933fec788,37.1376490151376,-80.3797664390666,78,6865.42
81bcb829-889c-4879-8eb0-cb3933fec788,37.1371422990559,-80.3579801961849,118,9405.34
1ffbf7b0-7064-46bb-8fc0-06398ba20b40,37.1445080426042,-80.4054481032758,271,16143.67
81bcb829-889c-4879-8eb0-cb3933fec788,37.1390296363854,-80.3524070133221,141,10408.53
1ffbf7b0-7064-46bb-8fc0-06398ba20b40,37.1266663783092,-80.4130588985024,157,9092.53
81bcb829-889c-4879-8eb0-cb3933fec788,37.1267998807979,-80.4124445567611,246,18492.91
81bcb829-889c-4879-8eb0-cb3933fec788,37.1358182607093,-80.3650166169671,155,11642.1
81bcb829-889c-4879-8eb0-cb3933fec788,37.1374806914672,-80.3563536773065,119,9554.25
1ffbf7b0-7064-46bb-8fc0-06398ba20b40,37.1619264302682,-80.4266884572019,15,1215.86
81bcb829-889c-4879-8eb0-cb3933fec788,37.1397748936752,-80.3827112850021,76,6513.47
81bcb829-889c-4879-8eb0-cb3933fec788,37.1382895380539,-80.3770419144096,173,13016.55
1ffbf7b0-7064-46bb-8fc0-06398ba20b40,37.1301609057284,-80.403019362868,175,10474.69
81bcb829-889c-4879-8eb0-cb3933fec788,37.1389244796605,-80.3528312707874,143,10450.31
1ffbf7b0-7064-46bb-8fc0-06398ba20b40,37.1660917798336,-80.428548,0,0
81bcb829-889c-4879-8eb0-cb3933fec788,37.1264786451352,-80.4110759269654,243,18324.83
1ffbf7b0-7064-46bb-8fc0-06398ba20b40,37.1393050704798,-80.3983353496476,217,12960.28
1ffbf7b0-7064-46bb-8fc0-06398ba20b40,37.1287371582293,-80.416533752216,116,7359.29
81bcb829-889c-4879-8eb0-cb3933fec788,37.1265241258114,-80.4112256648944,244,18339.03
1ffbf7b0-7064-46bb-8fc0-06398ba20b40,37.1389625751354,-80.4098335152765,243,14263.53
81bcb829-889c-4879-8eb0-cb3933fec788,37.1372304054244,-80.3580978474148,149,11008.17
81bcb829-889c-4879-8eb0-cb3933fec788,37.1355326513334,-80.3683392885884,158,11938.19
81bcb829-889c-4879-8eb0-cb3933fec788,37.1377819566327,-80.3547992549968,120,9695.96
81bcb829-889c-4879-8eb0-cb3933fec788,37.1636669627316,-80.4241351695916,317,23669.27
81bcb829-889c-4879-8eb0-cb3933fec788,37.1396100549613,-80.352350137319,140,10343.84
81bcb829-889c-4879-8eb0-cb3933fec788,37.1380604837376,-80.3529524872061,121,9862.45
1ffbf7b0-7064-46bb-8fc0-06398ba20b40,37.1314309317727,-80.3933151300737,183,11359.47
81bcb829-889c-4879-8eb0-cb3933fec788,37.130210835011,-80.4007792376511,229,16989.44
81bcb829-889c-4879-8eb0-cb3933fec788,37.1382554328525,-80.3770205232769,185,13442.33
81bcb829-889c-4879-8eb0-cb3933fec788,37.1562941585777,-80.4215835476074,38,2349.49
1ffbf7b0-7064-46bb-8fc0-06398ba20b40,37.1499399415415,-80.4146320332719,300,17720.25
1ffbf7b0-7064-46bb-8fc0-06398ba20b40,37.128455860159,-80.4165764009034,117,7390.78
81bcb829-889c-4879-8eb0-cb3933fec788,37.133382867432,-80.371644939017,99,7993.1
1ffbf7b0-7064-46bb-8fc0-06398ba20b40,37.1671284536796,-80.4289724188431,1,121.17
1ffbf7b0-7064-46bb-8fc0-06398ba20b40,37.1310178715597,-80.4142900058204,105,7024.44
1ffbf7b0-7064-46bb-8fc0-06398ba20b40,37.1578433109318,-80.4241870850618,35,2876.19
81bcb829-889c-4879-8eb0-cb3933fec788,37.130333064425,-80.3990037950432,228,16831.56
81bcb829-889c-4879-8eb0-cb3933fec788,37.1366186678254,-80.3752045165887,169,12711.5
1ffbf7b0-7064-46bb-8fc0-06398ba20b40,37.1533268515757,-80.4146087703509,61,4291.13
1ffbf7b0-7064-46bb-8fc0-06398ba20b40,37.1510826889294,-80.4066547283116,288,16946.81
81bcb829-889c-4879-8eb0-cb3933fec788,37.1354804727618,-80.4135533304764,266,19905
1ffbf7b0-7064-46bb-8fc0-06398ba20b40,37.1347554499509,-80.4134940639527,92,6528.81
1ffbf7b0-7064-46bb-8fc0-06398ba20b40,37.1509968220869,-80.4156478474614,66,4622.54
81bcb829-889c-4879-8eb0-cb3933fec788,37.1342782043109,-80.3734128485397,199,14339.9
81bcb829-889c-4879-8eb0-cb3933fec788,37.1303728579914,-80.4043052307655,231,17303.75
1ffbf7b0-7064-46bb-8fc0-06398ba20b40,37.1344028195383,-80.4134142645248,93,6568.63
81bcb829-889c-4879-8eb0-cb3933fec788,37.1376376756043,-80.4140916739836,268,20149.41
1ffbf7b0-7064-46bb-8fc0-06398ba20b40,37.1509597388091,-80.4149809770775,65,4563.33
1ffbf7b0-7064-46bb-8fc0-06398ba20b40,37.1662768522666,-80.424705024046,10,585.71
81bcb829-889c-4879-8eb0-cb3933fec788,37.1325898888779,-80.3809995702732,207,15052.2
1ffbf7b0-7064-46bb-8fc0-06398ba20b40,37.1383018161794,-80.4120435005214,251,14549.06
1ffbf7b0-7064-46bb-8fc0-06398ba20b40,37.1522958369432,-80.4144670316259,302,17982.46
81bcb829-889c-4879-8eb0-cb3933fec788,37.1326694736165,-80.3780689850922,203,14789.97
81bcb829-889c-4879-8eb0-cb3933fec788,37.1353460436266,-80.3696954065285,159,12060.1
1ffbf7b0-7064-46bb-8fc0-06398ba20b40,37.1298530666462,-80.4159599335131,110,7221.07
1ffbf7b0-7064-46bb-8fc0-06398ba20b40,37.1562926543789,-80.4216237143263,44,3300.42
81bcb829-889c-4879-8eb0-cb3933fec788,37.1308503791567,-80.4066332990417,233,17517.31
1ffbf7b0-7064-46bb-8fc0-06398ba20b40,37.1298335179244,-80.4087614860395,166,9894.19
1ffbf7b0-7064-46bb-8fc0-06398ba20b40,37.1426806826468,-80.4057102413955,267,15909.1
81bcb829-889c-4879-8eb0-cb3933fec788,37.1397294499235,-80.414615756735,270,20386.44
1ffbf7b0-7064-46bb-8fc0-06398ba20b40,37.1507310581938,-80.4157680392167,67,4653.93
1ffbf7b0-7064-46bb-8fc0-06398ba20b40,37.1499213996457,-80.4158068107506,69,4744.33
81bcb829-889c-4879-8eb0-cb3933fec788,37.1348495006206,-80.413457070379,265,19834.37
1ffbf7b0-7064-46bb-8fc0-06398ba20b40,37.1616580880677,-80.4229133083173,28,2221.98
1ffbf7b0-7064-46bb-8fc0-06398ba20b40,37.14909937103,-80.4150236257648,71,4905.14
81bcb829-889c-4879-8eb0-cb3933fec788,37.1271893065506,-80.4099132727239,239,18190.1
1ffbf7b0-7064-46bb-8fc0-06398ba20b40,37.1479031491435,-80.415006153775,73,5050.97
1ffbf7b0-7064-46bb-8fc0-06398ba20b40,37.1385405521199,-80.4104534263238,248,14405.2
1ffbf7b0-7064-46bb-8fc0-06398ba20b40,37.1670318941493,-80.4261158660719,8,433.93
1ffbf7b0-7064-46bb-8fc0-06398ba20b40,37.1275934123059,-80.421194090598,143,8348.13
81bcb829-889c-4879-8eb0-cb3933fec788,37.1389443741872,-80.3525068386081,142,10421.49
1ffbf7b0-7064-46bb-8fc0-06398ba20b40,37.129355392072,-80.4164058061539,114,7289.63
1ffbf7b0-7064-46bb-8fc0-06398ba20b40,37.168995325427,-80.4202732711019,336,20896.32
1ffbf7b0-7064-46bb-8fc0-06398ba20b40,37.1266165777783,-80.422341728003,131,8086.5
1ffbf7b0-7064-46bb-8fc0-06398ba20b40,37.1265176571231,-80.4224231482243,133,8100.16
81bcb829-889c-4879-8eb0-cb3933fec788,37.1596712513473,-80.4212479539523,24,1533.55
81bcb829-889c-4879-8eb0-cb3933fec788,37.1336332275745,-80.3836457293802,210,15315.53
1ffbf7b0-7064-46bb-8fc0-06398ba20b40,37.1460838404944,-80.4049156847546,275,16326.9
1ffbf7b0-7064-46bb-8fc0-06398ba20b40,37.1592895517441,-80.4208821550591,31,2541.31
81bcb829-889c-4879-8eb0-cb3933fec788,37.1604280468644,-80.4219426223798,23,1429.36
81bcb829-889c-4879-8eb0-cb3933fec788,37.1281216461961,-80.4165766105631,253,18921.77
1ffbf7b0-7064-46bb-8fc0-06398ba20b40,37.1352623617572,-80.4136181328611,91,6471.42
81bcb829-889c-4879-8eb0-cb3933fec788,37.139113,-80.378295,178,13205.08
81bcb829-889c-4879-8eb0-cb3933fec788,37.1366382602381,-80.3746924550012,168,12666.09
1ffbf7b0-7064-46bb-8fc0-06398ba20b40,37.1575421256708,-80.4240302167553,36,2912.43
81bcb829-889c-4879-8eb0-cb3933fec788,37.1346476731502,-80.3720478053496,86,7771.83
1ffbf7b0-7064-46bb-8fc0-06398ba20b40,37.1296212310716,-80.4162119484838,112,7255.21
1ffbf7b0-7064-46bb-8fc0-06398ba20b40,37.1272719238532,-80.4152077657569,154,8890.5
1ffbf7b0-7064-46bb-8fc0-06398ba20b40,37.1633773841487,-80.4254211738957,23,1857.85
1ffbf7b0-7064-46bb-8fc0-06398ba20b40,37.1623340047797,-80.420921768005,323,19732.33
1ffbf7b0-7064-46bb-8fc0-06398ba20b40,37.1265763912777,-80.4223998853039,132,8093.32
81bcb829-889c-4879-8eb0-cb3933fec788,37.1296935220926,-80.4161167012104,257,19104.07
81bcb829-889c-4879-8eb0-cb3933fec788,37.1609878995013,-80.4224234953966,22,1353.97
81bcb829-889c-4879-8eb0-cb3933fec788,37.1343009195259,-80.388444108566,216,15760.05
81bcb829-889c-4879-8eb0-cb3933fec788,37.141823979412,-80.3859876934944,74,6144.55
1ffbf7b0-7064-46bb-8fc0-06398ba20b40,37.1427886760808,-80.4084964364301,266,15662.01
81bcb829-889c-4879-8eb0-cb3933fec788,37.1496077256532,-80.398743938963,66,4721.61
81bcb829-889c-4879-8eb0-cb3933fec788,37.140690026203,-80.3841230997605,75,6352.29
1ffbf7b0-7064-46bb-8fc0-06398ba20b40,37.1277727033497,-80.4193950914229,125,7708.02
81bcb829-889c-4879-8eb0-cb3933fec788,37.1407547542206,-80.3523161010076,133,10205.78
81bcb829-889c-4879-8eb0-cb3933fec788,37.1569008995561,-80.4236714868068,31,2036.4
1ffbf7b0-7064-46bb-8fc0-06398ba20b40,37.1364573917662,-80.3954287109034,208,12490.27
81bcb829-889c-4879-8eb0-cb3933fec788,37.1367756617755,-80.3597520950104,117,9243.18
1ffbf7b0-7064-46bb-8fc0-06398ba20b40,37.1616098259298,-80.4273243109454,16,1282.26
81bcb829-889c-4879-8eb0-cb3933fec788,37.1279546568886,-80.4090057014713,238,18073.06
81bcb829-889c-4879-8eb0-cb3933fec788,37.1485733491607,-80.3970540394795,68,4910.34
81bcb829-889c-4879-8eb0-cb3933fec788,37.1480533138764,-80.3961948289826,69,5005.89
81bcb829-889c-4879-8eb0-cb3933fec788,37.1631299842617,-80.4232296116406,315,23530
1ffbf7b0-7064-46bb-8fc0-06398ba20b40,37.1411552297767,-80.4051912076789,231,13733.69
1ffbf7b0-7064-46bb-8fc0-06398ba20b40,37.1315113980479,-80.4135912903304,104,6941.74
81bcb829-889c-4879-8eb0-cb3933fec788,37.1355023650179,-80.3683406347906,110,8467.67
81bcb829-889c-4879-8eb0-cb3933fec788,37.1351840374802,-80.3703442708872,107,8286.51
1ffbf7b0-7064-46bb-8fc0-06398ba20b40,37.1672236721053,-80.4292835551073,357,21995.05
81bcb829-889c-4879-8eb0-cb3933fec788,37.1324932273716,-80.3801229579447,206,14973.8
1ffbf7b0-7064-46bb-8fc0-06398ba20b40,37.1582556548904,-80.423157283892,34,2774.13
1ffbf7b0-7064-46bb-8fc0-06398ba20b40,37.1631346442184,-80.4235248520091,26,2049.05
1ffbf7b0-7064-46bb-8fc0-06398ba20b40,37.1354454527508,-80.3946596400115,205,12350.76
1ffbf7b0-7064-46bb-8fc0-06398ba20b40,37.1277850682336,-80.4169408533241,151,8725.91
1ffbf7b0-7064-46bb-8fc0-06398ba20b40,37.1511361170621,-80.4069228592046,289,16971.29
81bcb829-889c-4879-8eb0-cb3933fec788,37.1332123302121,-80.3715985915628,96,7973.1
81bcb829-889c-4879-8eb0-cb3933fec788,37.1368325048811,-80.3597841817094,151,11164.9
81bcb829-889c-4879-8eb0-cb3933fec788,37.1407348601699,-80.3523784918116,134,10211.73
1ffbf7b0-7064-46bb-8fc0-06398ba20b40,37.149930128451,-80.4144254573837,299,17701.92
1ffbf7b0-7064-46bb-8fc0-06398ba20b40,37.1623926299586,-80.4207869578868,324,19745.93
81bcb829-889c-4879-8eb0-cb3933fec788,37.1267003921456,-80.4130328129104,249,18546.81
1ffbf7b0-7064-46bb-8fc0-06398ba20b40,37.1512322876058,-80.4086925230981,293,17128.64
81bcb829-889c-4879-8eb0-cb3933fec788,37.137309007381,-80.3723180392711,164,12442.43
1ffbf7b0-7064-46bb-8fc0-06398ba20b40,37.1327143688628,-80.4128563650165,99,6764.41
81bcb829-889c-4879-8eb0-cb3933fec788,37.1622601944603,-80.4268779502275,330,24489.54
81bcb829-889c-4879-8eb0-cb3933fec788,37.1407377021774,-80.3522394494491,132,10198.73
81bcb829-889c-4879-8eb0-cb3933fec788,37.1406211797801,-80.3521788412397,130,10183.65
1ffbf7b0-7064-46bb-8fc0-06398ba20b40,37.1527343781432,-80.4144267984883,303,18031.32
81bcb829-889c-4879-8eb0-cb3933fec788,37.1271551963456,-80.4120202992958,245,18438.4
1ffbf7b0-7064-46bb-8fc0-06398ba20b40,37.16615212954,-80.4175716887457,330,20425.34
1ffbf7b0-7064-46bb-8fc0-06398ba20b40,37.1658872671024,-80.4218562149218,341,21269.08
1ffbf7b0-7064-46bb-8fc0-06398ba20b40,37.1310286003964,-80.4073591773128,168,10076.08
81bcb829-889c-4879-8eb0-cb3933fec788,37.1565239846239,-80.4137212531541,297,22334.05
1ffbf7b0-7064-46bb-8fc0-06398ba20b40,37.1278283453115,-80.4169563619377,120,7491.53
81bcb829-889c-4879-8eb0-cb3933fec788,37.1350114785199,-80.3709853790921,106,8226.57
81bcb829-889c-4879-8eb0-cb3933fec788,37.1391970694299,-80.3775311861924,182,13318.87
81bcb829-889c-4879-8eb0-cb3933fec788,37.1372152168246,-80.3711843092378,162,12341.23
1ffbf7b0-7064-46bb-8fc0-06398ba20b40,37.1542446286264,-80.4146048931974,58,4169.69
81bcb829-889c-4879-8eb0-cb3933fec788,37.1557766889665,-80.4128263907694,293,22215.34
1ffbf7b0-7064-46bb-8fc0-06398ba20b40,37.1560539744697,-80.4222155356644,43,3241.68
1ffbf7b0-7064-46bb-8fc0-06398ba20b40,37.1660917798336,-80.428548,366,22660.66
81bcb829-889c-4879-8eb0-cb3933fec788,37.1353090948869,-80.3696989717173,108,8345.34
81bcb829-889c-4879-8eb0-cb3933fec788,37.1284826115032,-80.41654492656,254,18961.98
81bcb829-889c-4879-8eb0-cb3933fec788,37.1649426264456,-80.4287342631227,341,24905.46
81bcb829-889c-4879-8eb0-cb3933fec788,37.1371188867267,-80.3730368818084,192,13948.14
1ffbf7b0-7064-46bb-8fc0-06398ba20b40,37.1595184671321,-80.4207456779512,318,19266.14
1ffbf7b0-7064-46bb-8fc0-06398ba20b40,37.1536327784971,-80.4144885785956,60,4255.51
1ffbf7b0-7064-46bb-8fc0-06398ba20b40,37.1332223301608,-80.3904405098766,190,11689.58
1ffbf7b0-7064-46bb-8fc0-06398ba20b40,37.152286449211,-80.4147231826021,63,4407.2
1ffbf7b0-7064-46bb-8fc0-06398ba20b40,37.1499663382748,-80.4128094263559,298,17558.73
81bcb829-889c-4879-8eb0-cb3933fec788,37.1623088828223,-80.4229657876706,313,23435.76
81bcb829-889c-4879-8eb0-cb3933fec788,37.1633231833034,-80.4274258388389,332,24617.24
81bcb829-889c-4879-8eb0-cb3933fec788,37.1646926094184,-80.4287913061432,339,24877.22
1ffbf7b0-7064-46bb-8fc0-06398ba20b40,37.1675871114485,-80.4276527719291,7,284.51
81bcb829-889c-4879-8eb0-cb3933fec788,37.1664136256781,-80.4238249464211,12,671.54
1ffbf7b0-7064-46bb-8fc0-06398ba20b40,37.1436403479362,-80.4054990652501,269,16047.07
81bcb829-889c-4879-8eb0-cb3933fec788,37.1519975359148,-80.4051220616974,58,4076.78
81bcb829-889c-4879-8eb0-cb3933fec788,37.1347045178544,-80.3718125028898,105,8145.75
81bcb829-889c-4879-8eb0-cb3933fec788,37.1390075379888,-80.3784829711043,180,13231.89
1ffbf7b0-7064-46bb-8fc0-06398ba20b40,37.1278722247009,-80.4090199622264,164,9595.81
1ffbf7b0-7064-46bb-8fc0-06398ba20b40,37.1429830741913,-80.4151767485248,80,5598.43
81bcb829-889c-4879-8eb0-cb3933fec788,37.130478020416,-80.3972942656143,227,16679.26
81bcb829-889c-4879-8eb0-cb3933fec788,37.1356245796988,-80.3670108193744,111,8586.25
1ffbf7b0-7064-46bb-8fc0-06398ba20b40,37.1302051621798,-80.399879837029,179,10753.17
81bcb829-889c-4879-8eb0-cb3933fec788,37.1267003921456,-80.4128474230937,248,18530.39
81bcb829-889c-4879-8eb0-cb3933fec788,37.1565978613599,-80.4143522915689,299,22390.96
81bcb829-889c-4879-8eb0-cb3933fec788,37.1345197724092,-80.3719051977982,104,8123.64
81bcb829-889c-4879-8eb0-cb3933fec788,37.1360626888534,-80.3634800206013,154,11503.3
81bcb829-889c-4879-8eb0-cb3933fec788,37.136589943477,-80.3751897988366,189,13746.76
81bcb829-889c-4879-8eb0-cb3933fec788,37.1390757476981,-80.378504362237,179,13224.08
81bcb829-889c-4879-8eb0-cb3933fec788,37.1298356430783,-80.4088258901441,236,17779.83
81bcb829-889c-4879-8eb0-cb3933fec788,37.1406780199963,-80.3524319696434,135,10219.63
1ffbf7b0-7064-46bb-8fc0-06398ba20b40,37.1628288723724,-80.4271699742776,14,1106.89
81bcb829-889c-4879-8eb0-cb3933fec788,37.1405387613907,-80.352257275393,128,10172.01
81bcb829-889c-4879-8eb0-cb3933fec788,37.1366840375288,-80.3758890328352,187,13682.96
1ffbf7b0-7064-46bb-8fc0-06398ba20b40,37.1335471948115,-80.4132426031376,95,6664.93
81bcb829-889c-4879-8eb0-cb3933fec788,37.1396043708613,-80.3523537025078,126,10067.83
81bcb829-889c-4879-8eb0-cb3933fec788,37.1633032951894,-80.4282600930144,336,24699.53
81bcb829-889c-4879-8eb0-cb3933fec788,37.1382753275552,-80.3771987827161,183,13425.44
81bcb829-889c-4879-8eb0-cb3933fec788,37.1621749584508,-80.4260793479399,328,24390.8
1ffbf7b0-7064-46bb-8fc0-06398ba20b40,37.1670694450777,-80.4293573158596,358,22013.39
1ffbf7b0-7064-46bb-8fc0-06398ba20b40,37.161693,-80.425831,18,1460.16
1ffbf7b0-7064-46bb-8fc0-06398ba20b40,37.1321373818634,-80.3916036558949,186,11530.42
1ffbf7b0-7064-46bb-8fc0-06398ba20b40,37.1544578479627,-80.4149422055428,57,4131.56
81bcb829-889c-4879-8eb0-cb3933fec788,37.1364715504352,-80.3613635603408,116,9096.48
81bcb829-889c-4879-8eb0-cb3933fec788,37.1365123770542,-80.4138058670644,267,20021.83
81bcb829-889c-4879-8eb0-cb3933fec788,37.1269163955096,-80.4138567742168,250,18623.65
81bcb829-889c-4879-8eb0-cb3933fec788,37.1331623578011,-80.413075518722,264,19643.87
81bcb829-889c-4879-8eb0-cb3933fec788,37.135797953675,-80.365003618089,113,8765.12
81bcb829-889c-4879-8eb0-cb3933fec788,37.1519804129742,-80.4060383312726,57,3995.61
81bcb829-889c-4879-8eb0-cb3933fec788,37.1299067034703,-80.4158314861076,258,19138.71
81bcb829-889c-4879-8eb0-cb3933fec788,37.1375261655314,-80.3563679380616,148,10851.44
1ffbf7b0-7064-46bb-8fc0-06398ba20b40,37.1373921416636,-80.3967416522945,212,12655.1
1ffbf7b0-7064-46bb-8fc0-06398ba20b40,37.1428455146683,-80.4096372968409,265,15560.76
1ffbf7b0-7064-46bb-8fc0-06398ba20b40,37.1290262671582,-80.4077418420473,165,9766.89
1ffbf7b0-7064-46bb-8fc0-06398ba20b40,37.1268947914278,-80.4223766223835,130,8055.43
1ffbf7b0-7064-46bb-8fc0-06398ba20b40,37.1380375005098,-80.3983888274794,215,12817.9
1ffbf7b0-7064-46bb-8fc0-06398ba20b40,37.1301501768917,-80.4007408261741,178,10676.65
1ffbf7b0-7064-46bb-8fc0-06398ba20b40,37.1369432806535,-80.395722066269,209,12550.19
81bcb829-889c-4879-8eb0-cb3933fec788,37.1264729890208,-80.4108972648282,242,18308.99
81bcb829-889c-4879-8eb0-cb3933fec788,37.1331043231073,-80.3716877212824,93,7957.43
81bcb829-889c-4879-8eb0-cb3933fec788,37.1294462019713,-80.4163238848554,256,19071.02
81bcb829-889c-4879-8eb0-cb3933fec788,37.1619366851138,-80.4266914099495,323,24074.86
81bcb829-889c-4879-8eb0-cb3933fec788,37.1389330058869,-80.352492577853,124,9989.05
81bcb829-889c-4879-8eb0-cb3933fec788,37.134448739128,-80.3871209994168,214,15641.35
1ffbf7b0-7064-46bb-8fc0-06398ba20b40,37.1455791335233,-80.415200011445,76,5309.85
81bcb829-889c-4879-8eb0-cb3933fec788,37.1277606501958,-80.4165694801855,252,18881.65
81bcb829-889c-4879-8eb0-cb3933fec788,37.1342497590238,-80.3717911117571,103,8091.98
1ffbf7b0-7064-46bb-8fc0-06398ba20b40,37.16478688507,-80.4296282189863,359,22268.16
81bcb829-889c-4879-8eb0-cb3933fec788,37.161693,-80.425831,326,24325.88
81bcb829-889c-4879-8eb0-cb3933fec788,37.1628231377083,-80.4272761009101,321,23963.55
81bcb829-889c-4879-8eb0-cb3933fec788,37.1331497998018,-80.3716164175067,95,7965.97
1ffbf7b0-7064-46bb-8fc0-06398ba20b40,37.1333795567381,-80.4132010288954,96,6683.92
1ffbf7b0-7064-46bb-8fc0-06398ba20b40,37.1307281929689,-80.4077373688064,167,10028.78
1ffbf7b0-7064-46bb-8fc0-06398ba20b40,37.1396546432144,-80.4094266519541,239,14165.95
1ffbf7b0-7064-46bb-8fc0-06398ba20b40,37.1654641428866,-80.424519951613,11,677.49
1ffbf7b0-7064-46bb-8fc0-06398ba20b40,37.1515421696366,-80.4097985630315,295,17232.66
81bcb829-889c-4879-8eb0-cb3933fec788,37.1324705177973,-80.4124980345958,262,19550.43
81bcb829-889c-4879-8eb0-cb3933fec788,37.1610559046121,-80.4221778809494,311,23279.28
81bcb829-889c-4879-8eb0-cb3933fec788,37.140570023549,-80.3522144931276,129,10177.15
81bcb829-889c-4879-8eb0-cb3933fec788,37.1388477435798,-80.3529061397519,122,9950.03
1ffbf7b0-7064-46bb-8fc0-06398ba20b40,37.1673953334925,-80.4290233808174,354,21964.06
81bcb829-889c-4879-8eb0-cb3933fec788,37.137093391374,-80.3703000487863,161,12261.74
81bcb829-889c-4879-8eb0-cb3933fec788,37.1271112338967,-80.4145045825544,251,18684.99
1ffbf7b0-7064-46bb-8fc0-06398ba20b40,37.1562789175677,-80.4131822534312,309,18476.16
1ffbf7b0-7064-46bb-8fc0-06398ba20b40,37.1324495765583,-80.412571301445,101,6803.35
81bcb829-889c-4879-8eb0-cb3933fec788,37.1378274305158,-80.3548420372621,147,10712.19
81bcb829-889c-4879-8eb0-cb3933fec788,37.1568876847809,-80.4164129706859,304,22582.73
81bcb829-889c-4879-8eb0-cb3933fec788,37.1597640926738,-80.4210573256098,309,23104.76
1ffbf7b0-7064-46bb-8fc0-06398ba20b40,37.1511521454945,-80.4077071420665,291,17040.79
1ffbf7b0-7064-46bb-8fc0-06398ba20b40,37.1270679016269,-80.4145428339501,155,8953.62
1ffbf7b0-7064-46bb-8fc0-06398ba20b40,37.1674704353494,-80.4288316028614,4,176.41
81bcb829-889c-4879-8eb0-cb3933fec788,37.1655023206561,-80.4286593941583,344,24970.27
81bcb829-889c-4879-8eb0-cb3933fec788,37.1499230910483,-80.4146410718601,281,21523.97
81bcb829-889c-4879-8eb0-cb3933fec788,37.1533643546227,-80.4141522821946,287,21912.03
81bcb829-889c-4879-8eb0-cb3933fec788,37.1342696775595,-80.3853669265346,212,15484.17
81bcb829-889c-4879-8eb0-cb3933fec788,37.133925336951,-80.3717886930602,102,8055.93
1ffbf7b0-7064-46bb-8fc0-06398ba20b40,37.1587781141475,-80.4218019737653,33,2640.8
1ffbf7b0-7064-46bb-8fc0-06398ba20b40,37.1417087348017,-80.4101595969977,263,15418.82
1ffbf7b0-7064-46bb-8fc0-06398ba20b40,37.1551349553546,-80.4154594490206,55,4042.87
1ffbf7b0-7064-46bb-8fc0-06398ba20b40,37.1491240938255,-80.4158378279778,70,4832.97
81bcb829-889c-4879-8eb0-cb3933fec788,37.1406218179479,-80.3524107455283,136,10226.15
1ffbf7b0-7064-46bb-8fc0-06398ba20b40,37.1676219801678,-80.4282401757384,5,231.42
1ffbf7b0-7064-46bb-8fc0-06398ba20b40,37.1518532724293,-80.4145126291819,301,17933.12
81bcb829-889c-4879-8eb0-cb3933fec788,37.1333459177336,-80.3718374592113,90,7921.32
81bcb829-889c-4879-8eb0-cb3933fec788,37.1330818315197,-80.3766344712159,201,14654.75
1ffbf7b0-7064-46bb-8fc0-06398ba20b40,37.1291142814741,-80.4164678406082,115,7316.98
1ffbf7b0-7064-46bb-8fc0-06398ba20b40,37.1276521456257,-80.4212251078252,128,7870.74
81bcb829-889c-4879-8eb0-cb3933fec788,37.1389045851285,-80.3528170100323,123,9960.14
1ffbf7b0-7064-46bb-8fc0-06398ba20b40,37.1303971046717,-80.4048829062694,172,10307.45
81bcb829-889c-4879-8eb0-cb3933fec788,37.1652750341669,-80.4287841757657,343,24942.7
81bcb829-889c-4879-8eb0-cb3933fec788,37.1566717380237,-80.4159459309552,303,22534.91
81bcb829-889c-4879-8eb0-cb3933fec788,37.1334681358978,-80.37169485166,100,8003.56
1ffbf7b0-7064-46bb-8fc0-06398ba20b40,37.1410244980402,-80.4069524109381,234,13890.4
1ffbf7b0-7064-46bb-8fc0-06398ba20b40,37.1408443488522,-80.4150992054571,84,5837.09
81bcb829-889c-4879-8eb0-cb3933fec788,37.1572684315084,-80.4171652255193,305,22661.65
81bcb829-889c-4879-8eb0-cb3933fec788,37.1663123950287,-80.4242363631124,11,633.41
1ffbf7b0-7064-46bb-8fc0-06398ba20b40,37.1641310849268,-80.4298843699625,360,22344.48
81bcb829-889c-4879-8eb0-cb3933fec788,37.1403546683617,-80.3522752683545,127,10151.49
81bcb829-889c-4879-8eb0-cb3933fec788,37.1644202344461,-80.4235482816772,17,952.51
81bcb829-889c-4879-8eb0-cb3933fec788,37.1657011957735,-80.4285524384948,345,24994.31
81bcb829-889c-4879-8eb0-cb3933fec788,37.1360395397007,-80.363470586912,114,8903.55
81bcb829-889c-4879-8eb0-cb3933fec788,37.1384041290328,-80.3765151073889,172,12968.18
81bcb829-889c-4879-8eb0-cb3933fec788,37.1330929539294,-80.3717447643029,92,7952.22
81bcb829-889c-4879-8eb0-cb3933fec788,37.1366411023996,-80.3756033607355,170,12746.92
81bcb829-889c-4879-8eb0-cb3933fec788,37.1622208056676,-80.423190394564,20,1200.62
81bcb829-889c-4879-8eb0-cb3933fec788,37.161743482528,-80.4227055288894,312,23368.84
1ffbf7b0-7064-46bb-8fc0-06398ba20b40,37.1383362792931,-80.4125063367192,252,14590.24
1ffbf7b0-7064-46bb-8fc0-06398ba20b40,37.1355219981964,-80.413734447463,90,6440.78
1ffbf7b0-7064-46bb-8fc0-06398ba20b40,37.1412745933388,-80.4049131229538,229,13705.56
1ffbf7b0-7064-46bb-8fc0-06398ba20b40,37.1664668416041,-80.4240452408351,346,21473.86
1ffbf7b0-7064-46bb-8fc0-06398ba20b40,37.1325083061082,-80.3911267660276,188,11589.56
81bcb829-889c-4879-8eb0-cb3933fec788,37.1663663748909,-80.4248174888842,9,565.42
1ffbf7b0-7064-46bb-8fc0-06398ba20b40,37.1405470410831,-80.4083214434311,237,14026.39
81bcb829-889c-4879-8eb0-cb3933fec788,37.1580384432832,-80.4184094764048,306,22801.16
1ffbf7b0-7064-46bb-8fc0-06398ba20b40,37.166677,-80.425254,9,519.83
81bcb829-889c-4879-8eb0-cb3933fec788,37.1590840555727,-80.4201742448528,307,22995.9
1ffbf7b0-7064-46bb-8fc0-06398ba20b40,37.133970333293,-80.3892655093815,194,11823.74
81bcb829-889c-4879-8eb0-cb3933fec788,37.1342327055145,-80.3718125028898,88,7822.75
81bcb829-889c-4879-8eb0-cb3933fec788,37.1301635879376,-80.4026706756753,230,17157.09
1ffbf7b0-7064-46bb-8fc0-06398ba20b40,37.166659067074,-80.4252280548351,348,21598.82
81bcb829-889c-4879-8eb0-cb3933fec788,37.1405621356754,-80.3523679632629,137,10233.79
81bcb829-889c-4879-8eb0-cb3933fec788,37.1593312498428,-80.42053432892,308,23037.99
81bcb829-889c-4879-8eb0-cb3933fec788,37.1660917798336,-80.428548,347,25038.12
1ffbf7b0-7064-46bb-8fc0-06398ba20b40,37.1390795458496,-80.4146688414305,85,6036.87
1ffbf7b0-7064-46bb-8fc0-06398ba20b40,37.1351214405369,-80.3915365346368,200,12069.67
81bcb829-889c-4879-8eb0-cb3933fec788,37.1267316600218,-80.4126655984657,247,18513.91
81bcb829-889c-4879-8eb0-cb3933fec788,37.1383703662771,-80.3765377695047,186,13486.96
1ffbf7b0-7064-46bb-8fc0-06398ba20b40,37.1410870219425,-80.4018969732426,223,13430.46
1ffbf7b0-7064-46bb-8fc0-06398ba20b40,37.1305994469285,-80.3954126176484,181,11151.35
1ffbf7b0-7064-46bb-8fc0-06398ba20b40,37.140922186089,-80.4003282901777,222,13290.3
81bcb829-889c-4879-8eb0-cb3933fec788,37.126529810894,-80.4107479295973,241,18294.33
81bcb829-889c-4879-8eb0-cb3933fec788,37.1324960924717,-80.3793168011669,205,14902.38
81bcb829-889c-4879-8eb0-cb3933fec788,37.1629680376251,-80.4234506533452,19,1114.45
1ffbf7b0-7064-46bb-8fc0-06398ba20b40,37.1325091798609,-80.4126592226421,100,6793.13
1ffbf7b0-7064-46bb-8fc0-06398ba20b40,37.1606080031757,-80.4221260799245,29,2357.9
81bcb829-889c-4879-8eb0-cb3933fec788,37.1307480244753,-80.414648246127,260,19279.18
81bcb829-889c-4879-8eb0-cb3933fec788,37.1319247907608,-80.4129971610252,261,19475.38
1ffbf7b0-7064-46bb-8fc0-06398ba20b40,37.1676514844687,-80.4279920713897,6,253.63
1ffbf7b0-7064-46bb-8fc0-06398ba20b40,37.1530271037956,-80.4146514190382,62,4324.65
1ffbf7b0-7064-46bb-8fc0-06398ba20b40,37.1303955909769,-80.3977292186459,180,10944.87
81bcb829-889c-4879-8eb0-cb3933fec788,37.1509517658315,-80.4145804636508,282,21638.4
81bcb829-889c-4879-8eb0-cb3933fec788,37.1522561486097,-80.4144909751289,283,21783.56
81bcb829-889c-4879-8eb0-cb3933fec788,37.138320086417,-80.3771541861831,175,13027.63
1ffbf7b0-7064-46bb-8fc0-06398ba20b40,37.1354193768155,-80.3947675463419,206,12360.75
81bcb829-889c-4879-8eb0-cb3933fec788,37.1335789847598,-80.371826763645,89,7895.4
1ffbf7b0-7064-46bb-8fc0-06398ba20b40,37.1660207969159,-80.4217849111462,340,21252.95
1ffbf7b0-7064-46bb-8fc0-06398ba20b40,37.1578838345178,-80.4185897386712,49,3623.75
81bcb829-889c-4879-8eb0-cb3933fec788,37.1367111085539,-80.375866122537,171,12771.46
1ffbf7b0-7064-46bb-8fc0-06398ba20b40,37.141075653964,-80.4062821554467,233,13830.76
1ffbf7b0-7064-46bb-8fc0-06398ba20b40,37.1413371170342,-80.404413996524,227,13655.17
1ffbf7b0-7064-46bb-8fc0-06398ba20b40,37.1390350741714,-80.4141683530366,255,14773.53
1ffbf7b0-7064-46bb-8fc0-06398ba20b40,37.1571707521183,-80.4174617181696,50,3751.26
81bcb829-889c-4879-8eb0-cb3933fec788,37.1372719527201,-80.3726078018268,165,12468.43
81bcb829-889c-4879-8eb0-cb3933fec788,37.138447676598,-80.4142948897442,269,20241.2
1ffbf7b0-7064-46bb-8fc0-06398ba20b40,37.1547071429912,-80.4151992747306,56,4095.7
81bcb829-889c-4879-8eb0-cb3933fec788,37.1332777028585,-80.371595026374,97,7980.37
81bcb829-889c-4879-8eb0-cb3933fec788,37.1331156922835,-80.371644939017,94,7961.42
81bcb829-889c-4879-8eb0-cb3933fec788,37.1315100569433,-80.3931153054902,223,16286.75
81bcb829-889c-4879-8eb0-cb3933fec788,37.1364886034399,-80.3613778210959,153,11311.16
1ffbf7b0-7064-46bb-8fc0-06398ba20b40,37.1407794045691,-80.4148674287866,259,14989.21
1ffbf7b0-7064-46bb-8fc0-06398ba20b40,37.1405527251126,-80.3982426547392,218,13099.16
1ffbf7b0-7064-46bb-8fc0-06398ba20b40,37.1275594087841,-80.4160684938106,153,8807.82
81bcb829-889c-4879-8eb0-cb3933fec788,37.1356387906954,-80.367000123808,157,11818.97
81bcb829-889c-4879-8eb0-cb3933fec788,37.1333544673684,-80.3903902775323,219,15964.64
81bcb829-889c-4879-8eb0-cb3933fec788,37.1406865460251,-80.3521788412397,131,10190.91
81bcb829-889c-4879-8eb0-cb3933fec788,37.1290283923348,-80.4077563335091,237,17910.31
1ffbf7b0-7064-46bb-8fc0-06398ba20b40,37.1264581159626,-80.4223057879392,135,8113.02
1ffbf7b0-7064-46bb-8fc0-06398ba20b40,37.1302889156031,-80.4040919669768,173,10378.54
1ffbf7b0-7064-46bb-8fc0-06398ba20b40,37.1384155000545,-80.4110167261517,249,14457
81bcb829-889c-4879-8eb0-cb3933fec788,37.1407895254231,-80.4148760155163,271,20506.47
81bcb829-889c-4879-8eb0-cb3933fec788,37.1666220684512,-80.4287356313577,1,61.22
1ffbf7b0-7064-46bb-8fc0-06398ba20b40,37.1381592534875,-80.3983147679755,216,12832.94
1ffbf7b0-7064-46bb-8fc0-06398ba20b40,37.1414624837758,-80.4152271515191,83,5767.47
81bcb829-889c-4879-8eb0-cb3933fec788,37.1373146916534,-80.3720827368114,163,12421.58
1ffbf7b0-7064-46bb-8fc0-06398ba20b40,37.1408141899902,-80.3992658639202,221,13195.43
1ffbf7b0-7064-46bb-8fc0-06398ba20b40,37.1386258147732,-80.4094480430868,245,14314.67
81bcb829-889c-4879-8eb0-cb3933fec788,37.1650282311498,-80.4234591519576,16,884.49
1ffbf7b0-7064-46bb-8fc0-06398ba20b40,37.1338594850044,-80.3895471592955,193,11795.91
81bcb829-889c-4879-8eb0-cb3933fec788,37.14135224043,-80.414997231935,272,20569.91
1ffbf7b0-7064-46bb-8fc0-06398ba20b40,37.1665423909749,-80.4215158773372,339,21190.29
81bcb829-889c-4879-8eb0-cb3933fec788,37.1302561241541,-80.4153239974573,259,19198.11
81bcb829-889c-4879-8eb0-cb3933fec788,37.1359393879992,-80.3725520161349,194,14086.07
1ffbf7b0-7064-46bb-8fc0-06398ba20b40,37.130467,-80.405432,171,10258.19
81bcb829-889c-4879-8eb0-cb3933fec788,37.1349318962424,-80.3721939780896,196,14202.46
1ffbf7b0-7064-46bb-8fc0-06398ba20b40,37.1277974331155,-80.4172510255957,150,8698.4
1ffbf7b0-7064-46bb-8fc0-06398ba20b40,37.1500615567006,-80.4053354504904,282,16778.07
81bcb829-889c-4879-8eb0-cb3933fec788,37.1673889701723,-80.428995336906,4,153.57
1ffbf7b0-7064-46bb-8fc0-06398ba20b40,37.167595158076,-80.4174509893328,332,20588.44
81bcb829-889c-4879-8eb0-cb3933fec788,37.1371387817283,-80.3730582729412,166,12510.99
81bcb829-889c-4879-8eb0-cb3933fec788,37.1311090351965,-80.4073570323648,234,17587.57
1ffbf7b0-7064-46bb-8fc0-06398ba20b40,37.1540066874978,-80.4142675808521,59,4209.58
81bcb829-889c-4879-8eb0-cb3933fec788,37.1671434766566,-80.4288954222414,3,124.89
1ffbf7b0-7064-46bb-8fc0-06398ba20b40,37.167082,-80.421249,338,21125.84
1ffbf7b0-7064-46bb-8fc0-06398ba20b40,37.1676219801678,-80.4282401757384,352,21890.14
81bcb829-889c-4879-8eb0-cb3933fec788,37.1332890947889,-80.3760831749392,200,14600.75
81bcb829-889c-4879-8eb0-cb3933fec788,37.136386313223,-80.3700000268221,160,12178.8
81bcb829-889c-4879-8eb0-cb3933fec788,37.1290089430759,-80.4164607368109,255,19020.94
81bcb829-889c-4879-8eb0-cb3933fec788,37.1369461909642,-80.3595488792498,150,11140.53
1ffbf7b0-7064-46bb-8fc0-06398ba20b40,37.1306141990789,-80.4148639985838,107,7092.3
1ffbf7b0-7064-46bb-8fc0-06398ba20b40,37.1294543090181,-80.416359280313,113,7277.89
1ffbf7b0-7064-46bb-8fc0-06398ba20b40,37.1278005243358,-80.4166461896646,119,7463.88
1ffbf7b0-7064-46bb-8fc0-06398ba20b40,37.1320477415657,-80.4129279995574,102,6858.05
81bcb829-889c-4879-8eb0-cb3933fec788,37.1603740029814,-80.4216003203664,310,23187.86
81bcb829-889c-4879-8eb0-cb3933fec788,37.1551231543906,-80.4128228255805,291,22142.42
1ffbf7b0-7064-46bb-8fc0-06398ba20b40,37.1491210034765,-80.4149111883164,72,4915.38
1ffbf7b0-7064-46bb-8fc0-06398ba20b40,37.1409146536105,-80.4141559084204,260,15054
81bcb829-889c-4879-8eb0-cb3933fec788,37.1337007978077,-80.3717976060322,101,8030.97
1ffbf7b0-7064-46bb-8fc0-06398ba20b40,37.1340366979859,-80.4133512326092,94,6609.69
1ffbf7b0-7064-46bb-8fc0-06398ba20b40,37.1276954227795,-80.4197479123817,146,8476.83
81bcb829-889c-4879-8eb0-cb3933fec788,37.132069743704,-80.3918448745571,222,16158.16
1ffbf7b0-7064-46bb-8fc0-06398ba20b40,37.127846892623,-80.4175107948732,122,7540.87
1ffbf7b0-7064-46bb-8fc0-06398ba20b40,37.1299718099816,-80.4157974073766,109,7201.54
81bcb829-889c-4879-8eb0-cb3933fec788,37.1306286443067,-80.4058921424738,232,17447.18
1ffbf7b0-7064-46bb-8fc0-06398ba20b40,37.1278221628733,-80.4181776652569,123,7600.02
1ffbf7b0-7064-46bb-8fc0-06398ba20b40,37.1444170989333,-80.415168994218,78,5439.08
1ffbf7b0-7064-46bb-8fc0-06398ba20b40,37.1617306289193,-80.4226551168094,321,19564.83
1ffbf7b0-7064-46bb-8fc0-06398ba20b40,37.1265299364548,-80.41069161315,163,9385.62
81bcb829-889c-4879-8eb0-cb3933fec788,37.1632006253839,-80.4260579568071,319,23847.78
81bcb829-889c-4879-8eb0-cb3933fec788,37.1562256355324,-80.4131365621936,295,22272.35
1ffbf7b0-7064-46bb-8fc0-06398ba20b40,37.1417513643549,-80.4099795549641,264,15435.46
1ffbf7b0-7064-46bb-8fc0-06398ba20b40,37.1673564414594,-80.4291521268578,355,21976.25
1ffbf7b0-7064-46bb-8fc0-06398ba20b40,37.1498201578748,-80.4052375498556,281,16749.88
1ffbf7b0-7064-46bb-8fc0-06398ba20b40,37.1673939923879,-80.4290206986082,3,157.63
1ffbf7b0-7064-46bb-8fc0-06398ba20b40,37.1385348679396,-80.4099828214044,247,14363.51
1ffbf7b0-7064-46bb-8fc0-06398ba20b40,37.1308095312306,-80.414608049585,106,7060.91
1ffbf7b0-7064-46bb-8fc0-06398ba20b40,37.1569069824186,-80.4236780648304,38,2989.59
1ffbf7b0-7064-46bb-8fc0-06398ba20b40,37.1264850764884,-80.4112285966779,161,9313.66
81bcb829-889c-4879-8eb0-cb3933fec788,37.1631697605747,-80.427853661493,334,24659.03
1ffbf7b0-7064-46bb-8fc0-06398ba20b40,37.133714529305,-80.3897895921328,192,11769.06
1ffbf7b0-7064-46bb-8fc0-06398ba20b40,37.1617273597055,-80.4257511652916,19,1468.19
1ffbf7b0-7064-46bb-8fc0-06398ba20b40,37.1506945580658,-80.4058289769786,285,16861.36
81bcb829-889c-4879-8eb0-cb3933fec788,37.1347215940374,-80.3722684229401,198,14227.18
1ffbf7b0-7064-46bb-8fc0-06398ba20b40,37.13015554131,-80.4020913184936,177,10557.01
81bcb829-889c-4879-8eb0-cb3933fec788,37.1616067159315,-80.4273556855245,324,24144.18
1ffbf7b0-7064-46bb-8fc0-06398ba20b40,37.1343827029695,-80.3898054593686,196,11890.77
1ffbf7b0-7064-46bb-8fc0-06398ba20b40,37.127726335017,-80.4193989685764,147,8507.93
1ffbf7b0-7064-46bb-8fc0-06398ba20b40,37.1623903311724,-80.4232593133008,27,2135.04
81bcb829-889c-4879-8eb0-cb3933fec788,37.1305661407307,-80.4079648970527,235,17668.44
1ffbf7b0-7064-46bb-8fc0-06398ba20b40,37.1567848021235,-80.4236584562921,39,3003.28
81bcb829-889c-4879-8eb0-cb3933fec788,37.1529466481097,-80.4143911498431,285,21860.89
81bcb829-889c-4879-8eb0-cb3933fec788,37.1627265376103,-80.4231190907883,314,23484.11
81bcb829-889c-4879-8eb0-cb3933fec788,37.1637436736302,-80.4233472628703,316,23598.98
81bcb829-889c-4879-8eb0-cb3933fec788,37.1635845694574,-80.4247162953633,318,23721.54
81bcb829-889c-4879-8eb0-cb3933fec788,37.1430062572756,-80.4149651452362,274,20753.75
1ffbf7b0-7064-46bb-8fc0-06398ba20b40,37.1376885257774,-80.3975919126029,214,12737.36
1ffbf7b0-7064-46bb-8fc0-06398ba20b40,37.1662168296191,-80.4230113360878,343,21377.81
1ffbf7b0-7064-46bb-8fc0-06398ba20b40,37.1643121340461,-80.4253004744828,12,822.97
1ffbf7b0-7064-46bb-8fc0-06398ba20b40,37.1438762522778,-80.415168994218,79,5499.18
1ffbf7b0-7064-46bb-8fc0-06398ba20b40,37.1565323863347,-80.4152757176921,312,18674.42
1ffbf7b0-7064-46bb-8fc0-06398ba20b40,37.1385462362998,-80.4097475189446,246,14342.63
1ffbf7b0-7064-46bb-8fc0-06398ba20b40,37.1513658576024,-80.4092757077903,294,17182.38
1ffbf7b0-7064-46bb-8fc0-06398ba20b40,37.1568580954426,-80.4202867685324,46,3434.48
1ffbf7b0-7064-46bb-8fc0-06398ba20b40,37.1276366894933,-80.4205039572937,144,8409.46
1ffbf7b0-7064-46bb-8fc0-06398ba20b40,37.1619383789264,-80.4266657189528,21,1582.86
1ffbf7b0-7064-46bb-8fc0-06398ba20b40,37.1558238181293,-80.4228251829464,42,3181.94
1ffbf7b0-7064-46bb-8fc0-06398ba20b40,37.1656733552023,-80.428556676421,365,22614.16
1ffbf7b0-7064-46bb-8fc0-06398ba20b40,37.163620124079,-80.42436706569,24,1955.01
81bcb829-889c-4879-8eb0-cb3933fec788,37.1454389036206,-80.4150150578794,276,21024.21
81bcb829-889c-4879-8eb0-cb3933fec788,37.1420310224313,-80.4150007912517,273,20645.34
81bcb829-889c-4879-8eb0-cb3933fec788,37.1466324631686,-80.4149508844812,277,21156.96
81bcb829-889c-4879-8eb0-cb3933fec788,37.1478913638996,-80.4148082769301,278,21297.42
1ffbf7b0-7064-46bb-8fc0-06398ba20b40,37.138603159106,-80.4139118143268,254,14720.43
1ffbf7b0-7064-46bb-8fc0-06398ba20b40,37.15039,-80.41583,68,4692.22
81bcb829-889c-4879-8eb0-cb3933fec788,37.1491559270577,-80.4147084516442,279,21438.22
1ffbf7b0-7064-46bb-8fc0-06398ba20b40,37.1565753016815,-80.4136489578276,310,18529.01
1ffbf7b0-7064-46bb-8fc0-06398ba20b40,37.1466578332578,-80.4046930613931,278,16394.7
1ffbf7b0-7064-46bb-8fc0-06398ba20b40,37.1569381876058,-80.4165085386279,314,18793.48
81bcb829-889c-4879-8eb0-cb3933fec788,37.1442424833613,-80.4149473192924,275,20891.13
81bcb829-889c-4879-8eb0-cb3933fec788,37.156518301795,-80.4150724597032,301,22455.36
1ffbf7b0-7064-46bb-8fc0-06398ba20b40,37.1406493535422,-80.3984458704999,219,13120.12
1ffbf7b0-7064-46bb-8fc0-06398ba20b40,37.1363273046212,-80.4139547296736,88,6349.18
1ffbf7b0-7064-46bb-8fc0-06398ba20b40,37.1412348055057,-80.4033373095113,225,13559.1
1ffbf7b0-7064-46bb-8fc0-06398ba20b40,37.1571045524932,-80.4237877839179,37,2965.58
81bcb829-889c-4879-8eb0-cb3933fec788,37.1565751300642,-80.4155858468881,302,22501.26
1ffbf7b0-7064-46bb-8fc0-06398ba20b40,37.1647158065269,-80.4287846642008,363,22504.2
1ffbf7b0-7064-46bb-8fc0-06398ba20b40,37.1589289402323,-80.4198716831131,316,19164.5
1ffbf7b0-7064-46bb-8fc0-06398ba20b40,37.1417468241445,-80.4152193972123,82,5735.87
1ffbf7b0-7064-46bb-8fc0-06398ba20b40,37.1354085040597,-80.393083826569,203,12210.89
1ffbf7b0-7064-46bb-8fc0-06398ba20b40,37.1470131090459,-80.415083696843,74,5150.11
1ffbf7b0-7064-46bb-8fc0-06398ba20b40,37.1277912506749,-80.4188988157884,124,7664
1ffbf7b0-7064-46bb-8fc0-06398ba20b40,37.1685258846596,-80.4185010742248,334,20730.96
81bcb829-889c-4879-8eb0-cb3933fec788,37.1535746277766,-80.4139775879441,288,21940.05
81bcb829-889c-4879-8eb0-cb3933fec788,37.1525800874319,-80.4144660188075,284,21819.62
81bcb829-889c-4879-8eb0-cb3933fec788,37.1531540808842,-80.4142948897459,286,21885.47
1ffbf7b0-7064-46bb-8fc0-06398ba20b40,37.1672813396025,-80.4292245465055,356,21986.78
1ffbf7b0-7064-46bb-8fc0-06398ba20b40,37.1277509407849,-80.4166302333254,152,8753.69
81bcb829-889c-4879-8eb0-cb3933fec788,37.1542338587385,-80.4134000273616,289,22029.4
1ffbf7b0-7064-46bb-8fc0-06398ba20b40,37.1680980722963,-80.4177835832705,333,20651.61
1ffbf7b0-7064-46bb-8fc0-06398ba20b40,37.1280509127495,-80.4166268038976,118,7436
81bcb829-889c-4879-8eb0-cb3933fec788,37.1622545120627,-80.426885080605,322,24035.6
1ffbf7b0-7064-46bb-8fc0-06398ba20b40,37.1297263299534,-80.4161111424955,111,7240.51
1ffbf7b0-7064-46bb-8fc0-06398ba20b40,37.1669433812465,-80.4173490653842,331,20515.45
1ffbf7b0-7064-46bb-8fc0-06398ba20b40,37.1508219630016,-80.4060516003401,286,16885.63
1ffbf7b0-7064-46bb-8fc0-06398ba20b40,37.1688169043551,-80.4195900511497,335,20832.66
81bcb829-889c-4879-8eb0-cb3933fec788,37.1554641296568,-80.4127871736927,292,22180.44
81bcb829-889c-4879-8eb0-cb3933fec788,37.1628458671254,-80.4271798408129,320,23954.66
1ffbf7b0-7064-46bb-8fc0-06398ba20b40,37.155523875685,-80.4127249367669,307,18382.31
1ffbf7b0-7064-46bb-8fc0-06398ba20b40,37.1466515272642,-80.4151340998372,75,5190.54
81bcb829-889c-4879-8eb0-cb3933fec788,37.154748168558,-80.4129436831972,290,22099.4
1ffbf7b0-7064-46bb-8fc0-06398ba20b40,37.1341181307586,-80.3893831606114,195,11843.19
1ffbf7b0-7064-46bb-8fc0-06398ba20b40,37.1509989888071,-80.4104598111188,296,17316.76
1ffbf7b0-7064-46bb-8fc0-06398ba20b40,37.1407687179022,-80.4080005764405,236,13988.78
1ffbf7b0-7064-46bb-8fc0-06398ba20b40,37.1502345591923,-80.4054306689161,283,16799.06
1ffbf7b0-7064-46bb-8fc0-06398ba20b40,37.1328913946683,-80.4129918165798,98,6741.37
1ffbf7b0-7064-46bb-8fc0-06398ba20b40,37.1566423569108,-80.4142336794277,311,18581.33
1ffbf7b0-7064-46bb-8fc0-06398ba20b40,37.1567476003251,-80.4167644676376,52,3828.87
1ffbf7b0-7064-46bb-8fc0-06398ba20b40,37.1638728774002,-80.4213680836584,327,19919.11
1ffbf7b0-7064-46bb-8fc0-06398ba20b40,37.1675871114485,-80.4276527719291,350,21837.1
81bcb829-889c-4879-8eb0-cb3933fec788,37.1617345708708,-80.4257549157606,327,24334.05
1ffbf7b0-7064-46bb-8fc0-06398ba20b40,37.1346401950502,-80.3901554876659,197,11932.96
1ffbf7b0-7064-46bb-8fc0-06398ba20b40,37.1549659761766,-80.4128523417027,306,18319.3
81bcb829-889c-4879-8eb0-cb3933fec788,37.1642636010015,-80.4290159130366,337,24825.49
1ffbf7b0-7064-46bb-8fc0-06398ba20b40,37.167149911353,-80.4288959758816,2,128.35
1ffbf7b0-7064-46bb-8fc0-06398ba20b40,37.1267799810636,-80.4124285526531,159,9166.03
81bcb829-889c-4879-8eb0-cb3933fec788,37.1611464363594,-80.4270490792891,325,24202.09
1ffbf7b0-7064-46bb-8fc0-06398ba20b40,37.1413030132068,-80.403968347926,226,13615.51
1ffbf7b0-7064-46bb-8fc0-06398ba20b40,37.1579593216157,-80.4182690631312,315,18986.31
1ffbf7b0-7064-46bb-8fc0-06398ba20b40,37.1502882033758,-80.41154476473,297,17441.15
1ffbf7b0-7064-46bb-8fc0-06398ba20b40,37.1276704745096,-80.4202404868746,145,8433.1
81bcb829-889c-4879-8eb0-cb3933fec788,37.1563989622908,-80.4134217772963,296,22304.11
1ffbf7b0-7064-46bb-8fc0-06398ba20b40,37.1317479094504,-80.4132924519765,103,6904.44
1ffbf7b0-7064-46bb-8fc0-06398ba20b40,37.1510078894803,-80.4064000039633,287,16922.77
1ffbf7b0-7064-46bb-8fc0-06398ba20b40,37.1262684222133,-80.4109126548546,162,9350.58
81bcb829-889c-4879-8eb0-cb3933fec788,37.1619395263246,-80.4266735840056,329,24449.57
1ffbf7b0-7064-46bb-8fc0-06398ba20b40,37.1652200618518,-80.4287739353641,364,22560.24
1ffbf7b0-7064-46bb-8fc0-06398ba20b40,37.1277791039812,-80.4181711624963,149,8616.86
1ffbf7b0-7064-46bb-8fc0-06398ba20b40,37.1557207816857,-80.4234811776826,40,3122.55
81bcb829-889c-4879-8eb0-cb3933fec788,37.1631868075599,-80.4280711380089,335,24678.38
81bcb829-889c-4879-8eb0-cb3933fec788,37.1565580815879,-80.4146731585594,300,22419.72
1ffbf7b0-7064-46bb-8fc0-06398ba20b40,37.1377566892828,-80.4143315290854,86,6186.87
1ffbf7b0-7064-46bb-8fc0-06398ba20b40,37.1663452486006,-80.4233840360274,344,21413.77
1ffbf7b0-7064-46bb-8fc0-06398ba20b40,37.156464963448,-80.4212457237813,45,3338.98
81bcb829-889c-4879-8eb0-cb3933fec788,37.1560011625827,-80.4129654331319,294,22243.16
1ffbf7b0-7064-46bb-8fc0-06398ba20b40,37.1372096133341,-80.4141958287167,87,6248.84
1ffbf7b0-7064-46bb-8fc0-06398ba20b40,37.1277077876761,-80.4204923258335,127,7805.53
81bcb829-889c-4879-8eb0-cb3933fec788,37.1628454791292,-80.4271774260853,331,24559.78
81bcb829-889c-4879-8eb0-cb3933fec788,37.1565921785366,-80.4140314245783,298,22362.54
81bcb829-889c-4879-8eb0-cb3933fec788,37.164863075663,-80.4287556542554,340,24896.42
1ffbf7b0-7064-46bb-8fc0-06398ba20b40,37.1634565093193,-80.4238976790844,25,2000.38
1ffbf7b0-7064-46bb-8fc0-06398ba20b40,37.1448620942153,-80.415204639149,77,5389.53
81bcb829-889c-4879-8eb0-cb3933fec788,37.1632095368677,-80.4276825324314,333,24643.24
1ffbf7b0-7064-46bb-8fc0-06398ba20b40,37.1611614546625,-80.4270348084466,17,1338.29
81bcb829-889c-4879-8eb0-cb3933fec788,37.1651642317556,-80.4287770453881,342,24930.37
1ffbf7b0-7064-46bb-8fc0-06398ba20b40,37.1349139583028,-80.390923322166,199,12010.66
1ffbf7b0-7064-46bb-8fc0-06398ba20b40,37.1643242039874,-80.4180598508155,328,20216.32
81bcb829-889c-4879-8eb0-cb3933fec788,37.156764908756,-80.4166851566836,46,2879.66
1ffbf7b0-7064-46bb-8fc0-06398ba20b40,37.1652991870224,-80.4179364691935,329,20325.21
1ffbf7b0-7064-46bb-8fc0-06398ba20b40,37.1307094175046,-80.3949780997621,182,11191.74
1ffbf7b0-7064-46bb-8fc0-06398ba20b40,37.1275350229463,-80.4222789658474,142,8251.8
1ffbf7b0-7064-46bb-8fc0-06398ba20b40,37.127856166277,-80.417223885522,121,7515.43
1ffbf7b0-7064-46bb-8fc0-06398ba20b40,37.1511681739236,-80.4081629645845,292,17081.2
81bcb829-889c-4879-8eb0-cb3933fec788,37.1553872266566,-80.4151164986751,48,3086.45
1ffbf7b0-7064-46bb-8fc0-06398ba20b40,37.1452481097103,-80.4053341836646,273,16226.66
1ffbf7b0-7064-46bb-8fc0-06398ba20b40,37.1370967566006,-80.3958931953306,210,12573.01
81bcb829-889c-4879-8eb0-cb3933fec788,37.1564168135139,-80.416254544681,47,2933.98
1ffbf7b0-7064-46bb-8fc0-06398ba20b40,37.148311415214,-80.4050243142262,280,16581.17
1ffbf7b0-7064-46bb-8fc0-06398ba20b40,37.1426636310378,-80.4053840266218,268,15938.06
1ffbf7b0-7064-46bb-8fc0-06398ba20b40,37.1268391487797,-80.4137770961546,156,9026.07
1ffbf7b0-7064-46bb-8fc0-06398ba20b40,37.1511361170621,-80.4072043966422,290,16996.23
81bcb829-889c-4879-8eb0-cb3933fec788,37.1658801829317,-80.4285167866069,346,25014.45
1ffbf7b0-7064-46bb-8fc0-06398ba20b40,37.137537287682,-80.3971980544256,213,12698.63
1ffbf7b0-7064-46bb-8fc0-06398ba20b40,37.1531916948075,-80.4143208512259,304,18083
1ffbf7b0-7064-46bb-8fc0-06398ba20b40,37.1559750870365,-80.4160471942597,54,3935.98
1ffbf7b0-7064-46bb-8fc0-06398ba20b40,37.1407118777544,-80.3986098691839,220,13136.22
1ffbf7b0-7064-46bb-8fc0-06398ba20b40,37.12652693094,-80.4222099047875,137,8125.3
81bcb829-889c-4879-8eb0-cb3933fec788,37.1445550600976,-80.3904762661733,71,5644.38
1ffbf7b0-7064-46bb-8fc0-06398ba20b40,37.1270933782196,-80.4120058078328,160,9217.17
1ffbf7b0-7064-46bb-8fc0-06398ba20b40,37.156883561847,-80.4169854653811,51,3804.15
81bcb829-889c-4879-8eb0-cb3933fec788,37.1536270909381,-80.41228676266,50,3405.13
1ffbf7b0-7064-46bb-8fc0-06398ba20b40,37.1566262636558,-80.4157746085986,313,18719.82
1ffbf7b0-7064-46bb-8fc0-06398ba20b40,37.1383245529681,-80.4115657652244,250,14506.67
1ffbf7b0-7064-46bb-8fc0-06398ba20b40,37.1559221837474,-80.4128952570495,308,18429.07
81bcb829-889c-4879-8eb0-cb3933fec788,37.1663766921155,-80.4235468616959,13,696.5
1ffbf7b0-7064-46bb-8fc0-06398ba20b40,37.1277522818895,-80.4188604902542,148,8555.72
1ffbf7b0-7064-46bb-8fc0-06398ba20b40,37.1603753910715,-80.4215708663412,319,19386.17
1ffbf7b0-7064-46bb-8fc0-06398ba20b40,37.1268917001706,-80.4223572366165,140,8170.51
81bcb829-889c-4879-8eb0-cb3933fec788,37.1531466010878,-80.4112902034548,51,3508.28
81bcb829-889c-4879-8eb0-cb3933fec788,37.1266719667924,-80.4105336155723,240,18269.63
1ffbf7b0-7064-46bb-8fc0-06398ba20b40,37.1264743792958,-80.4223766223835,134,8106.49
1ffbf7b0-7064-46bb-8fc0-06398ba20b40,37.1352948156661,-80.3922281812609,201,12133.9
1ffbf7b0-7064-46bb-8fc0-06398ba20b40,37.1317695468583,-80.3924372438748,184,11445.87
81bcb829-889c-4879-8eb0-cb3933fec788,37.1519566297491,-80.4038202566355,59,4192.17
81bcb829-889c-4879-8eb0-cb3933fec788,37.1341692990939,-80.375462879873,83,7409.16
81bcb829-889c-4879-8eb0-cb3933fec788,37.1660917798336,-80.428548,0,0
1ffbf7b0-7064-46bb-8fc0-06398ba20b40,37.1353658709321,-80.3926025260832,202,12167.99
1ffbf7b0-7064-46bb-8fc0-06398ba20b40,37.1319302817023,-80.3920146341547,185,11487.35
81bcb829-889c-4879-8eb0-cb3933fec788,37.1465102373134,-80.3936457190022,70,5289.4
81bcb829-889c-4879-8eb0-cb3933fec788,37.151916991024,-80.4032035722071,60,4246.96
81bcb829-889c-4879-8eb0-cb3933fec788,37.152233387054,-80.4083164708477,54,3791.06
1ffbf7b0-7064-46bb-8fc0-06398ba20b40,37.12647747057,-80.4222409220147,136,8119.16
1ffbf7b0-7064-46bb-8fc0-06398ba20b40,37.1395182247782,-80.4097189974344,240,14195.96
1ffbf7b0-7064-46bb-8fc0-06398ba20b40,37.140956290088,-80.4075371018986,235,13942.74
1ffbf7b0-7064-46bb-8fc0-06398ba20b40,37.126594938896,-80.4222486763215,138,8133.6
1ffbf7b0-7064-46bb-8fc0-06398ba20b40,37.1354625059868,-80.3938859940454,204,12282.2
81bcb829-889c-4879-8eb0-cb3933fec788,37.1671220889132,-80.428945977496,2,119.82
81bcb829-889c-4879-8eb0-cb3933fec788,37.1512842948611,-80.4014570476276,63,4417.34
1ffbf7b0-7064-46bb-8fc0-06398ba20b40,37.1621690489154,-80.4260877028756,20,1525.61
1ffbf7b0-7064-46bb-8fc0-06398ba20b40,37.1411268098532,-80.4057117252413,232,13779.91
1ffbf7b0-7064-46bb-8fc0-06398ba20b40,37.1266196690467,-80.4223145879292,139,8140.05
1ffbf7b0-7064-46bb-8fc0-06398ba20b40,37.1505000979006,-80.4056278112905,284,16833.35
81bcb829-889c-4879-8eb0-cb3933fec788,37.1557273921878,-80.42348609699,34,2167.89
81bcb829-889c-4879-8eb0-cb3933fec788,37.1567848021235,-80.4236584562921,32,2049.35
81bcb829-889c-4879-8eb0-cb3933fec788,37.1491047476425,-80.39790255441,67,4814.76
1ffbf7b0-7064-46bb-8fc0-06398ba20b40,37.1303191560697,-80.4152877876334,108,7142.14
1ffbf7b0-7064-46bb-8fc0-06398ba20b40,37.1275254052471,-80.4223998853039,141,8241.03
1ffbf7b0-7064-46bb-8fc0-06398ba20b40,37.1265128812058,-80.4127415967007,158,9125.41
81bcb829-889c-4879-8eb0-cb3933fec788,37.1365834176407,-80.3782868864623,79,7042.05
81bcb829-889c-4879-8eb0-cb3933fec788,37.1346888433059,-80.3760103026888,82,7333.76
81bcb829-889c-4879-8eb0-cb3933fec788,37.1527391858118,-80.4102238468471,52,3613.01
81bcb829-889c-4879-8eb0-cb3933fec788,37.1390304226146,-80.3523759128913,125,10004.02
81bcb829-889c-4879-8eb0-cb3933fec788,37.1505937801809,-80.4003375783494,65,4542.93
81bcb829-889c-4879-8eb0-cb3933fec788,37.1434637764185,-80.3886758458374,72,5844.72
81bcb829-889c-4879-8eb0-cb3933fec788,37.1566169045628,-80.4236159710252,33,2068.38
81bcb829-889c-4879-8eb0-cb3933fec788,37.136595930524,-80.3756073829212,188,13709.76
81bcb829-889c-4879-8eb0-cb3933fec788,37.1305604497655,-80.3963655339361,226,16596.47
1ffbf7b0-7064-46bb-8fc0-06398ba20b40,37.1327184957066,-80.3909018911306,189,11620.26
81bcb829-889c-4879-8eb0-cb3933fec788,37.1637287927471,-80.4235611224511,18,1029.35
81bcb829-889c-4879-8eb0-cb3933fec788,37.1520279794019,-80.4072219675142,56,3890.65
81bcb829-889c-4879-8eb0-cb3933fec788,37.1568269931902,-80.4203572169361,40,2473.29
81bcb829-889c-4879-8eb0-cb3933fec788,37.1368630933835,-80.3738818315502,191,13868.08
1ffbf7b0-7064-46bb-8fc0-06398ba20b40,37.1411495457929,-80.4025600983564,224,13489.61
81bcb829-889c-4879-8eb0-cb3933fec788,37.136632878635,-80.3728336660488,193,14005.07
81bcb829-889c-4879-8eb0-cb3933fec788,37.1514746825735,-80.4018670443377,62,4375.31
81bcb829-889c-4879-8eb0-cb3933fec788,37.1644364628616,-80.4289420381976,338,24845.78
81bcb829-889c-4879-8eb0-cb3933fec788,37.1426225678366,-80.3872889874005,73,5999.08
81bcb829-889c-4879-8eb0-cb3933fec788,37.1390919129377,-80.3781479638519,177,13191.85
81bcb829-889c-4879-8eb0-cb3933fec788,37.157305429303,-80.4194291642871,42,2571.22
81bcb829-889c-4879-8eb0-cb3933fec788,37.1592876380034,-80.420879943989,25,1587.21
1ffbf7b0-7064-46bb-8fc0-06398ba20b40,37.1557747691119,-80.4230141379519,41,3164.34
1ffbf7b0-7064-46bb-8fc0-06398ba20b40,37.1412234375495,-80.4049986874846,230,13715.03
81bcb829-889c-4879-8eb0-cb3933fec788,37.1306570909574,-80.3954350196631,225,16513.34
81bcb829-889c-4879-8eb0-cb3933fec788,37.1344231589299,-80.3863081363741,213,15569.28
1ffbf7b0-7064-46bb-8fc0-06398ba20b40,37.1306938510374,-80.4063058215651,169,10176.54
1ffbf7b0-7064-46bb-8fc0-06398ba20b40,37.1305609335383,-80.4059064747654,170,10214.88
1ffbf7b0-7064-46bb-8fc0-06398ba20b40,37.1301961819926,-80.4034483595132,174,10436.48
1ffbf7b0-7064-46bb-8fc0-06398ba20b40,37.1301405417718,-80.4025566142327,176,10515.75
1ffbf7b0-7064-46bb-8fc0-06398ba20b40,37.1358319918224,-80.3950696367216,207,12413.84
1ffbf7b0-7064-46bb-8fc0-06398ba20b40,37.1323042979985,-80.3913593952312,187,11558.92
81bcb829-889c-4879-8eb0-cb3933fec788,37.1341872294711,-80.3732243176482,85,7655.72
81bcb829-889c-4879-8eb0-cb3933fec788,37.1359807611146,-80.3774874753662,80,7139.52
81bcb829-889c-4879-8eb0-cb3933fec788,37.1578865617179,-80.4185769362734,44,2670.82
81bcb829-889c-4879-8eb0-cb3933fec788,37.139057808098,-80.3781479638519,181,13262.09
1ffbf7b0-7064-46bb-8fc0-06398ba20b40,37.1590679292104,-80.4212244131824,32,2580.36
81bcb829-889c-4879-8eb0-cb3933fec788,37.1542301504087,-80.4134555666661,49,3281.82
81bcb829-889c-4879-8eb0-cb3933fec788,37.1569561153197,-80.4170296462854,45,2842.48
81bcb829-889c-4879-8eb0-cb3933fec788,37.1558154769083,-80.4228194066874,36,2227.78
81bcb829-889c-4879-8eb0-cb3933fec788,37.1348267566044,-80.372204249541,197,14214.18
81bcb829-889c-4879-8eb0-cb3933fec788,37.1582556548904,-80.423157283892,29,1820.06
81bcb829-889c-4879-8eb0-cb3933fec788,37.1353155957293,-80.3767288982228,81,7239.41
81bcb829-889c-4879-8eb0-cb3933fec788,37.167627788061,-80.4280190284122,5,244
81bcb829-889c-4879-8eb0-cb3933fec788,37.1367522007982,-80.3601970212774,152,11202.54
81bcb829-889c-4879-8eb0-cb3933fec788,37.1344117899501,-80.3878197764188,215,15703.39
81bcb829-889c-4879-8eb0-cb3933fec788,37.1575881789795,-80.4189513300609,43,2623.93
81bcb829-889c-4879-8eb0-cb3933fec788,37.1368716198422,-80.3738889619278,167,12590.34
1ffbf7b0-7064-46bb-8fc0-06398ba20b40,37.1456541939001,-80.4051733051288,274,16273.98
1ffbf7b0-7064-46bb-8fc0-06398ba20b40,37.1572615734152,-80.4194988618111,47,3517.42
1ffbf7b0-7064-46bb-8fc0-06398ba20b40,37.1392226506559,-80.409890126496,242,14234.2
1ffbf7b0-7064-46bb-8fc0-06398ba20b40,37.138784971469,-80.4096833455465,244,14287.33
81bcb829-889c-4879-8eb0-cb3933fec788,37.1382916046286,-80.3771105184364,174,13022.63
1ffbf7b0-7064-46bb-8fc0-06398ba20b40,37.1402003144993,-80.4086922230646,238,14077.02
1ffbf7b0-7064-46bb-8fc0-06398ba20b40,37.1575911735413,-80.4189605183048,48,3577.54
81bcb829-889c-4879-8eb0-cb3933fec788,37.1382409703116,-80.3771184580267,184,13433.51
81bcb829-889c-4879-8eb0-cb3933fec788,37.1523754656984,-80.4088904662419,53,3737.83
81bcb829-889c-4879-8eb0-cb3933fec788,37.1386806989476,-80.38116399307,77,6696.69
81bcb829-889c-4879-8eb0-cb3933fec788,37.1662119113853,-80.4230156485671,14,746.98
1ffbf7b0-7064-46bb-8fc0-06398ba20b40,37.1441901432922,-80.405488358928,270,16108.17
81bcb829-889c-4879-8eb0-cb3933fec788,37.1327291621148,-80.3909749684933,220,16051.31
81bcb829-889c-4879-8eb0-cb3933fec788,37.161681035482,-80.4229266144841,21,1264.99
1ffbf7b0-7064-46bb-8fc0-06398ba20b40,37.1464877283016,-80.4046973727925,277,16375.79
81bcb829-889c-4879-8eb0-cb3933fec788,37.1333231794488,-80.3716021567516,98,7985.46
1ffbf7b0-7064-46bb-8fc0-06398ba20b40,37.1394159107897,-80.4098544746081,241,14212.49
1ffbf7b0-7064-46bb-8fc0-06398ba20b40,37.1412443249912,-80.4124874000695,261,15206.27
1ffbf7b0-7064-46bb-8fc0-06398ba20b40,37.1414318959976,-80.4115533206082,262,15291.59
81bcb829-889c-4879-8eb0-cb3933fec788,37.1676257957542,-80.4277239008737,6,270.13
81bcb829-889c-4879-8eb0-cb3933fec788,37.1341247226457,-80.3890462013608,217,15816.87
81bcb829-889c-4879-8eb0-cb3933fec788,37.1578328730597,-80.4241920043692,30,1923.04
81bcb829-889c-4879-8eb0-cb3933fec788,37.1382038408012,-80.3529618258094,145,10534.98
81bcb829-889c-4879-8eb0-cb3933fec788,37.1366098386177,-80.3746781942461,190,13792.13
81bcb829-889c-4879-8eb0-cb3933fec788,37.1344994719834,-80.3719295180172,87,7791.35
81bcb829-889c-4879-8eb0-cb3933fec788,37.1353513486303,-80.3692550667932,109,8384.94
81bcb829-889c-4879-8eb0-cb3933fec788,37.1356842658666,-80.3661801303877,112,8660.14
81bcb829-889c-4879-8eb0-cb3933fec788,37.135698476852,-80.3661801303877,156,11746.03
81bcb829-889c-4879-8eb0-cb3933fec788,37.1362001209609,-80.3624867292168,115,8992.51
1ffbf7b0-7064-46bb-8fc0-06398ba20b40,37.1664270670255,-80.4238135035642,345,21452.87
1ffbf7b0-7064-46bb-8fc0-06398ba20b40,37.1661230749114,-80.422612034944,342,21340.95
1ffbf7b0-7064-46bb-8fc0-06398ba20b40,37.1628983607516,-80.4210686078007,325,19807.41
81bcb829-889c-4879-8eb0-cb3933fec788,37.1328513812758,-80.3773381213915,202,14722.14
81bcb829-889c-4879-8eb0-cb3933fec788,37.1325529387924,-80.3786857627521,204,14846.12
81bcb829-889c-4879-8eb0-cb3933fec788,37.1656220176023,-80.4232844577072,15,816.72
81bcb829-889c-4879-8eb0-cb3933fec788,37.1517584359159,-80.4026266738705,61,4301.01
1ffbf7b0-7064-46bb-8fc0-06398ba20b40,37.1633472650252,-80.4212468672399,326,19859.73
81bcb829-889c-4879-8eb0-cb3933fec788,37.1323454495144,-80.3913956607703,221,16107.94
81bcb829-889c-4879-8eb0-cb3933fec788,37.1331100304757,-80.3826538178696,209,15210.17
81bcb829-889c-4879-8eb0-cb3933fec788,37.1307679439373,-80.3950178925754,224,16474.39
81bcb829-889c-4879-8eb0-cb3933fec788,37.1339314489959,-80.384272413578,211,15380.18
1ffbf7b0-7064-46bb-8fc0-06398ba20b40,37.1591462556844,-80.420253681899,317,19206.06
1ffbf7b0-7064-46bb-8fc0-06398ba20b40,37.1620800980015,-80.4216354728172,322,19663.12
1ffbf7b0-7064-46bb-8fc0-06398ba20b40,37.1610600983513,-80.4221488600021,320,19477.87
81bcb829-889c-4879-8eb0-cb3933fec788,37.135446360111,-80.3723611178478,195,14143.41
81bcb829-889c-4879-8eb0-cb3933fec788,37.1338149161152,-80.3897628043064,218,15889.09
81bcb829-889c-4879-8eb0-cb3933fec788,37.1494684237015,-80.4146410718601,280,21473.45
